date_publication;numero_jo;type_decret;nor;titre;cid
2026-10-08;0235;rapportant;INTN2621956D;Décret du 6 octobre 2026 rapportant un décret de naturalisation (Accès protégé);JORFTEXT000054961158
2026-10-08;0235;rapportant;INTN2622242D;Décret du 6 octobre 2026 rapportant un décret de naturalisation (Accès protégé);JORFTEXT000054961161
2026-10-04;0232;modificatif;INTN2625327D;"Décret du 1er octobre 2026 modificatif de décrets portant naturalisation, réintégration, mention d'enfants mineurs bénéficiant de l'effet collectif attaché à l'acquisition de la nationalité française par leurs parents et francisation de noms et prénoms (Accès protégé)";JORFTEXT000054946949
2026-10-02;0230;portant_naturalisation;INTN2624899D;"Décret du 30 septembre 2026 portant naturalisation, réintégration, mention d'enfants mineurs bénéficiant de l'effet collectif attaché à l'acquisition de la nationalité française par leurs parents et francisation de noms et de prénoms (Accès protégé)";JORFTEXT000054938886
2026-10-02;0230;portant_naturalisation;INTN2625213D;"Décret du 30 septembre 2026 portant naturalisation, réintégration, mention d'enfants mineurs bénéficiant de l'effet collectif attaché à l'acquisition de la nationalité française par leurs parents, francisation de noms et de prénoms et libération de l'allégeance française (Accès protégé)";JORFTEXT000054938889
2026-09-30;0228;rapportant;INTN2621766D;Décret du 28 septembre 2026 rapportant un décret de naturalisation (Accès protégé);JORFTEXT000054913972
2026-09-30;0228;rapportant;INTN2621902D;Décret du 28 septembre 2026 rapportant un décret de naturalisation (Accès protégé);JORFTEXT000054913975
2026-09-30;0228;rapportant;INTN2622698D;Décret du 28 septembre 2026 rapportant un décret de naturalisation (Accès protégé);JORFTEXT000054913978
2026-09-25;0224;portant_naturalisation;INTN2624019D;"Décret du 24 septembre 2026 portant naturalisation, réintégration, mention d'enfants mineurs bénéficiant de l'effet collectif attaché à l'acquisition de la nationalité française par leurs parents, francisation de noms et de prénoms et libération de l'allégeance française (Accès protégé)";JORFTEXT000054894773
2026-09-23;0222;rapportant;INTN2621290D;Décret du 21 septembre 2026 rapportant un décret de naturalisation (Accès protégé);JORFTEXT000054883561
2026-09-23;0222;rapportant;INTN2621306D;Décret du 21 septembre 2026 rapportant un décret de naturalisation (Accès protégé);JORFTEXT000054883564
2026-09-22;0221;portant_naturalisation;INTN2624228D;"Décret du 21 septembre 2026 portant naturalisation, réintégration, mention d'enfants mineurs bénéficiant de l'effet collectif attaché à l'acquisition de la nationalité française par leurs parents et francisation de noms et de prénoms (Accès protégé)";JORFTEXT000054877382
2026-09-18;0218;rapportant;INTN2620375D;Décret du 17 septembre 2026 rapportant un décret de naturalisation (Accès protégé);JORFTEXT000054855494
2026-09-18;0218;rapportant;INTN2620503D;Décret du 16 septembre 2026 rapportant un décret de naturalisation (Accès protégé);JORFTEXT000054855467
2026-09-17;0217;modificatif;INTN2623053D;"Décret du 9 septembre 2026 modifiant des décrets portant naturalisation, réintégration, mention d'enfants mineurs bénéficiant de l'effet collectif attaché à l'acquisition de la nationalité française par leurs parents et francisation de noms et prénoms (Accès protégé)";JORFTEXT000054851027
2026-09-11;0212;portant_naturalisation;INTN2623528D;"Décret du 10 septembre 2026 portant naturalisation, réintégration, mention d'enfants mineurs bénéficiant de l'effet collectif attaché à l'acquisition de la nationalité française par leurs parents et francisation de noms et de prénoms (Accès protégé)";JORFTEXT000054827062
2026-09-10;0211;portant_naturalisation;INTN2623106D;"Décret du 9 septembre 2026 portant naturalisation, réintégration, mention d'enfants mineurs bénéficiant de l'effet collectif attaché à l'acquisition de la nationalité française par leurs parents et francisation de noms et de prénoms (Accès protégé)";JORFTEXT000054817126
2026-09-04;0206;portant_naturalisation;INTN2622583D;"Décret du 3 septembre 2026 portant naturalisation, réintégration, mention d'enfants mineurs bénéficiant de l'effet collectif attaché à l'acquisition de la nationalité française par leurs parents, francisation de noms et de prénoms et libération de l'allégeance française (Accès protégé)";JORFTEXT000054794348
2026-09-04;0206;modificatif;INTN2622509D;"Décret du 3 septembre 2026 modifiant les décrets portant naturalisation, réintégration, mention d'enfants mineurs bénéficiant de l'effet collectif attaché à l'acquisition de la nationalité française par leurs parents et francisation de noms et prénoms (Accès protégé)";JORFTEXT000054794345
2026-09-01;0203;portant_naturalisation;INTN2622630D;"Décret du 31 août 2026 portant naturalisation, réintégration, mention d'enfants mineurs bénéficiant de l'effet collectif attaché à l'acquisition de la nationalité française par leurs parents et francisation de noms et de prénoms (Accès protégé)";JORFTEXT000054782632
2026-08-26;0198;modificatif;INTN2622166D;"Décret du 21 août 2026 modifiant des décrets portant naturalisation, réintégration, mention d'enfants mineurs bénéficiant de l'effet collectif attaché à l'acquisition de la nationalité française par leurs parents et francisation de noms et prénoms (Accès protégé)";JORFTEXT000054747128
2026-08-26;0198;modificatif;INTN2622150D;"Décret du 20 août 2026 modifiant des décrets portant naturalisation, réintégration, mention d'enfants mineurs bénéficiant de l'effet collectif attaché à l'acquisition de la nationalité française par leurs parents et francisation de noms et prénoms (Accès protégé)";JORFTEXT000054747125
2026-08-26;0198;portant_naturalisation;INTN2622077D;"Décret du 20 août 2026 portant naturalisation, réintégration, mention d'enfants mineurs bénéficiant de l'effet collectif attaché à l'acquisition de la nationalité française par leurs parents et francisation de noms et de prénoms (Accès protégé)";JORFTEXT000054747122
2026-08-20;0193;portant_naturalisation;INTN2621756D;"Décret du 14 août 2026 portant naturalisation, réintégration, mention d'enfants mineurs bénéficiant de l'effet collectif attaché à l'acquisition de la nationalité française par leurs parents et francisation de noms et de prénoms (Accès protégé)";JORFTEXT000054717866
2026-08-14;0189;portant_naturalisation;INTN2621061D;"Décret du 5 août 2026 portant naturalisation, réintégration, mention d'enfants mineurs bénéficiant de l'effet collectif attaché à l'acquisition de la nationalité française par leurs parents, francisation de noms et de prénoms et libération de l'allégeance française (Accès protégé)";JORFTEXT000054678595
2026-08-06;0182;portant_naturalisation;INTN2620769D;"Décret du 31 juillet 2026 portant naturalisation, réintégration, mention d'enfants mineurs bénéficiant de l'effet collectif attaché à l'acquisition de la nationalité française par leurs parents et francisation de noms et de prénoms (Accès protégé)";JORFTEXT000054621944
2026-08-02;0179;modificatif;INTN2620188D;"Décret du 30 juillet 2026 modificatif de décrets portant naturalisation, réintégration, mention d'enfants mineurs bénéficiant de l'effet collectif attaché à l'acquisition de la nationalité française par leurs parents et francisation de noms et prénoms (Accès protégé)";JORFTEXT000054596666
2026-08-02;0179;portant_naturalisation;INTN2620252D;"Décret du 30 juillet 2026 portant naturalisation, réintégration, mention d'enfants mineurs bénéficiant de l'effet collectif attaché à l'acquisition de la nationalité française par leurs parents, francisation de noms et de prénoms et libération de l'allégeance française (Accès protégé)";JORFTEXT000054596669
2026-07-30;0176;rapportant;INTN2615794D;Décret du 29 juillet 2026 rapportant un décret de naturalisation (Accès protégé);JORFTEXT000054555952
2026-07-29;0175;modificatif;INTN2619983D;"Décret du 27 juillet 2026 modificatif de décrets portant naturalisation, réintégration, mention d'enfants mineurs bénéficiant de l'effet collectif attaché à l'acquisition de la nationalité française par leurs parents et francisation de noms et prénoms (Accès protégé)";JORFTEXT000054542046
2026-07-29;0175;portant_naturalisation;INTN2619534D;"Décret du 24 juillet 2026 portant naturalisation, réintégration, mention d'enfants mineurs bénéficiant de l'effet collectif attaché à l'acquisition de la nationalité française par leurs parents et francisation de noms et de prénoms (Accès protégé)";JORFTEXT000054542043
2026-07-28;0174;portant_naturalisation;INTN2620584D;"Décret du 27 juillet 2026 portant naturalisation, réintégration, mention d'enfants mineurs bénéficiant de l'effet collectif attaché à l'acquisition de la nationalité française par leurs parents et francisation de noms et de prénoms (Accès protégé)";JORFTEXT000054499707
2026-07-26;0173;rapportant;INTN2614168D;Décret du 24 juillet 2026 rapportant un décret de naturalisation (Accès protégé);JORFTEXT000054486921
2026-07-25;0172;rapportant;INTN2613991D;Décret du 23 juillet 2026 rapportant un décret de naturalisation (Accès protégé);JORFTEXT000054484417
2026-07-24;0171;rapportant;INTN2612974D;Décret du 21 juillet 2026 rapportant un décret de naturalisation (Accès protégé);JORFTEXT000054471675
2026-07-23;0170;portant_naturalisation;INTN2619011D;"Décret du 17 juillet 2026 portant naturalisation, réintégration, mention d'enfants mineurs bénéficiant de l'effet collectif attaché à l'acquisition de la nationalité française par leurs parents et francisation de noms et de prénoms (Accès protégé)";JORFTEXT000054457703
2026-07-23;0170;rapportant;INTN2614871D;Décret du 20 juillet 2026 rapportant un décret de naturalisation (Accès protégé);JORFTEXT000054457709
2026-07-19;0167;rapportant;INTN2614104D;Décret du 17 juillet 2026 rapportant un décret de naturalisation (Accès protégé);JORFTEXT000054442428
2026-07-14;0163;portant_naturalisation;INTN2618017D;"Décret du 9 juillet 2026 portant naturalisation, réintégration, mention d'enfants mineurs bénéficiant de l'effet collectif attaché à l'acquisition de la nationalité française par leurs parents, francisation de noms et de prénoms et libération de l'allégeance française (Accès protégé)";JORFTEXT000054424111
2026-07-14;0163;portant_naturalisation;INTN2617781D;"Décret du 7 juillet 2026 portant naturalisation, réintégration, mention d'enfants mineurs bénéficiant de l'effet collectif attaché à l'acquisition de la nationalité française par leurs parents et francisation de noms et de prénoms (Accès protégé)";JORFTEXT000054424108
2026-07-10;0160;rapportant;INTN2612937D;Décret du 26 juin 2026 rapportant un décret de naturalisation (Accès protégé);JORFTEXT000054408518
2026-07-09;0159;modificatif;INTN2617029D;"Décret du 7 juillet 2026 modificatif de décrets portant naturalisation, réintégration, mention d'enfants mineurs bénéficiant de l'effet collectif attaché à l'acquisition de la nationalité française par leurs parents et francisation de noms et prénoms (Accès protégé)";JORFTEXT000054399923
2026-07-09;0159;portant_naturalisation;INTN2617219D;"Décret du 6 juillet 2026 portant naturalisation, réintégration, mention d'enfants mineurs bénéficiant de l'effet collectif attaché à l'acquisition de la nationalité française par leurs parents et francisation de noms et de prénoms (Accès protégé)";JORFTEXT000054399920
2026-07-04;0155;portant_naturalisation;INTN2616374D;"Décret du 30 juin 2026 portant naturalisation, réintégration, mention d'enfants mineurs bénéficiant de l'effet collectif attaché à l'acquisition de la nationalité française par leurs parents et francisation de noms et de prénoms (Accès protégé)";JORFTEXT000054387078
2026-07-04;0155;rapportant;INTN2613011D;Décret du 2 juillet 2026 rapportant un décret de naturalisation (Accès protégé);JORFTEXT000054387084
2026-07-04;0155;portant_naturalisation;INTN2616485D;"Décret du 30 juin 2026 portant naturalisation, réintégration, mention d'enfants mineurs bénéficiant de l'effet collectif attaché à l'acquisition de la nationalité française par leurs parents, francisation de noms et de prénoms et libération de l'allégeance française (Accès protégé)";JORFTEXT000054387081
2026-07-04;0155;rapportant;INTN2612588D;Décret du 26 juin 2026 rapportant un décret de naturalisation (Accès protégé);JORFTEXT000054387075
2026-07-02;0153;rapportant;INTN2612501D;Décret du 30 juin 2026 rapportant un décret de naturalisation (Accès protégé);JORFTEXT000054371904
2026-06-28;0150;rapportant;INTN2612764D;Décret du 26 juin 2026 rapportant un décret de naturalisation (Accès protégé);JORFTEXT000054323589
2026-06-21;0144;rapportant;INTN2612217D;Décret du 18 juin 2026 rapportant un décret de naturalisation (Accès protégé);JORFTEXT000054284359
2026-06-20;0143;portant_naturalisation;INTN2615141D;"Décret du 17 juin 2026 portant naturalisation, réintégration, mention d'enfants mineurs bénéficiant de l'effet collectif attaché à l'acquisition de la nationalité française par leurs parents, francisation de noms et de prénoms et libération de l'allégeance française (Accès protégé)";JORFTEXT000054281659
2026-06-20;0143;portant_naturalisation;INTN2615467D;"Décret du 18 juin 2026 portant naturalisation, réintégration, mention d'enfants mineurs bénéficiant de l'effet collectif attaché à l'acquisition de la nationalité française par leurs parents et francisation de noms et de prénoms (Accès protégé)";JORFTEXT000054281665
2026-06-20;0143;rapportant;INTN2612169D;Décret du 17 juin 2026 rapportant un décret de naturalisation (Accès protégé);JORFTEXT000054281662
2026-06-05;0130;portant_naturalisation;INTN2613759D;"Décret du 1er juin 2026 portant naturalisation, réintégration, mention d'enfants mineurs bénéficiant de l'effet collectif attaché à l'acquisition de la nationalité française par leurs parents et francisation de noms et de prénoms (Accès protégé)";JORFTEXT000054200943
2026-06-05;0130;portant_naturalisation;INTN2613907D;"Décret du 1er juin 2026 portant naturalisation, réintégration, mention d'enfants mineurs bénéficiant de l'effet collectif attaché à l'acquisition de la nationalité française par leurs parents, francisation de noms et de prénoms et libération de l'allégeance française (Accès protégé)";JORFTEXT000054200946
2026-06-05;0130;rapportant;INTN2610718D;Décret du 3 juin 2026 rapportant un décret de naturalisation (Accès protégé);JORFTEXT000054200952
2026-06-04;0129;rapportant;INTN2609459D;Décret du 2 juin 2026 rapportant un décret de naturalisation (Accès protégé);JORFTEXT000054191513
2026-05-30;0125;rapportant;INTN2610513D;Décret du 28 mai 2026 rapportant un décret de naturalisation (Accès protégé);JORFTEXT000054152967
2026-05-30;0125;rapportant;INTN2610509D;Décret du 28 mai 2026 rapportant un décret de naturalisation (Accès protégé);JORFTEXT000054152964
2026-05-30;0125;rapportant;INTN2609852D;Décret du 28 mai 2026 rapportant un décret de naturalisation (Accès protégé);JORFTEXT000054152958
2026-05-30;0125;rapportant;INTN2610029D;Décret du 28 mai 2026 rapportant un décret de naturalisation (Accès protégé);JORFTEXT000054152961
2026-05-28;0123;rapportant;INTN2609330D;Décret du 26 mai 2026 rapportant un décret de naturalisation (Accès protégé);JORFTEXT000054144773
2026-05-27;0122;rapportant;INTN2608769D;Décret du 26 mai 2026 rapportant un décret de naturalisation (Accès protégé);JORFTEXT000054132728
2026-05-23;0120;rapportant;INTN2608964D;Décret du 21 mai 2026 rapportant un décret de naturalisation (Accès protégé);JORFTEXT000054125982
2026-05-20;0117;portant_naturalisation;INTN2612476D;"Décret du 15 mai 2026 portant naturalisation, réintégration, mention d'enfants mineurs bénéficiant de l'effet collectif attaché à l'acquisition de la nationalité française par leurs parents et francisation de noms et de prénoms (Accès protégé)";JORFTEXT000054113932
2026-05-20;0117;portant_naturalisation;INTN2610548D;"Décret du 18 mai 2026 portant naturalisation, réintégration, mention d'enfants mineurs bénéficiant de l'effet collectif attaché à l'acquisition de la nationalité française par leurs parents, francisation de noms et de prénoms et libération de l'allégeance française (Accès protégé)";JORFTEXT000054113935
2026-05-17;0115;rapportant;INTN2607949D;Décret du 15 mai 2026 rapportant un décret de naturalisation (Accès protégé);JORFTEXT000054105243
2026-05-17;0115;rapportant;INTN2607849D;Décret du 15 mai 2026 rapportant un décret de naturalisation (Accès protégé);JORFTEXT000054105240
2026-05-16;0114;rapportant;INTN2608299D;Décret du 13 mai 2026 rapportant un décret de naturalisation (Accès protégé);JORFTEXT000054104522
2026-05-14;0113;portant_naturalisation;INTN2611988D;"Décret du 12 mai 2026 portant naturalisation, réintégration, mention d'enfants mineurs bénéficiant de l'effet collectif attaché à l'acquisition de la nationalité française par leurs parents et francisation de noms et de prénoms (Accès protégé)";JORFTEXT000054101491
2026-05-14;0113;portant_naturalisation;INTN2612056D;"Décret du 11 mai 2026 portant naturalisation, réintégration, mention d'enfants mineurs bénéficiant de l'effet collectif attaché à l'acquisition de la nationalité française par leurs parents, francisation de noms et de prénoms et libération de l'allégeance française (Accès protégé)";JORFTEXT000054101488
2026-05-14;0113;portant_naturalisation;INTN2611484D;"Décret du 7 mai 2026 portant naturalisation, réintégration, mention d'enfants mineurs bénéficiant de l'effet collectif attaché à l'acquisition de la nationalité française par leurs parents et francisation de noms et de prénoms (Accès protégé)";JORFTEXT000054101485
2026-05-10;0109;rapportant;INTN2607817D;Décret du 7 mai 2026 rapportant un décret de naturalisation (Accès protégé);JORFTEXT000054051361
2026-05-08;0108;modificatif;INTN2611361D;"Décret modificatif du 30 avril 2026 de décrets portant naturalisation, réintégration, mention d'enfants mineurs bénéficiant de l'effet collectif attaché à l'acquisition de la nationalité française par leurs parents et francisation de noms et prénoms (Accès protégé)";JORFTEXT000054048949
2026-05-07;0107;modificatif;INTN2611377D;"Décret modificatif du 30 avril 2026 de décrets portant naturalisation, réintégration, mention d'enfants mineurs bénéficiant de l'effet collectif attaché à l'acquisition de la nationalité française par leurs parents et francisation de noms et prénoms (Accès protégé)";JORFTEXT000054042139
2026-05-02;0103;modificatif;INTN2610583D;"Décret modificatif du 24 avril 2026 de décrets portant naturalisation, réintégration, mention d'enfants mineurs bénéficiant de l'effet collectif attaché à l'acquisition de la nationalité française par leurs parents et francisation de noms et prénoms (Accès protégé)";JORFTEXT000054022670
2026-04-26;0099;portant_naturalisation;INTN2610573D;"Décret du 23 avril 2026 portant naturalisation, réintégration, mention d'enfants mineurs bénéficiant de l'effet collectif attaché à l'acquisition de la nationalité française par leurs parents et francisation de noms et de prénoms (Accès protégé)";JORFTEXT000053959062
2026-04-26;0099;portant_naturalisation;INTN2610021D;"Décret du 14 avril 2026 portant naturalisation, réintégration, mention d'enfants mineurs bénéficiant de l'effet collectif attaché à l'acquisition de la nationalité française par leurs parents et francisation de noms et de prénoms (Accès protégé)";JORFTEXT000053959056
2026-04-26;0099;rapportant;INTN2606759D;Décret du 24 avril 2026 rapportant un décret de naturalisation (Accès protégé);JORFTEXT000053959068
2026-04-26;0099;modificatif;INTN2609786D;"Décret modificatif du 21 avril 2026 de décrets portant naturalisation, réintégration, mention d'enfants mineurs bénéficiant de l'effet collectif attaché à l'acquisition de la nationalité française par leurs parents et francisation de noms et prénoms (Accès protégé)";JORFTEXT000053959059
2026-04-26;0099;rapportant;INTN2606933D;Décret du 24 avril 2026 rapportant un décret de naturalisation (Accès protégé);JORFTEXT000053959071
2026-04-25;0098;rectificatif;INTN2610586D;"Décret du 24 avril 2026 portant rectification de décrets de naturalisation, réintégration, libération des liens d'allégeance à l'égard de la France et francisation de noms et prénoms (Accès protégé)";JORFTEXT000053958221
2026-04-24;0097;rapportant;INTN2607013D;Décret du 22 avril 2026 rapportant un décret de naturalisation (Accès protégé);JORFTEXT000053935532
2026-04-24;0097;rapportant;INTN2607239D;Décret du 22 avril 2026 rapportant un décret de naturalisation (Accès protégé);JORFTEXT000053935535
2026-04-18;0092;rapportant;INTN2606565D;Décret du 16 avril 2026 rapportant un décret de naturalisation (Accès protégé);JORFTEXT000053910577
2026-04-17;0091;portant_naturalisation;INTN2609331D;"Décret du 14 avril 2026 portant naturalisation, réintégration, mention d'enfants mineurs bénéficiant de l'effet collectif attaché à l'acquisition de la nationalité française par leurs parents, francisation de noms et de prénoms et libération de l'allégeance française (Accès protégé)";JORFTEXT000053907998
2026-04-17;0091;modificatif;INTN2609085D;"Décret du 14 avril 2026 modificatif de décrets portant naturalisation, réintégration, mention d'enfants mineurs bénéficiant de l'effet collectif attaché à l'acquisition de la nationalité française par leurs parents et francisation de noms et prénoms (Accès protégé)";JORFTEXT000053907995
2026-04-16;0090;rapportant;INTN2605319D;Décret du 14 avril 2026 rapportant un décret de naturalisation (Accès protégé);JORFTEXT000053901703
2026-04-16;0090;rapportant;INTN2605938D;Décret du 14 avril 2026 rapportant un décret de naturalisation (Accès protégé);JORFTEXT000053901712
2026-04-16;0090;rapportant;INTN2605573D;Décret du 14 avril 2026 rapportant un décret de naturalisation (Accès protégé);JORFTEXT000053901709
2026-04-16;0090;rapportant;INTN2604859D;Décret du 14 avril 2026 rapportant un décret de naturalisation (Accès protégé);JORFTEXT000053901700
2026-04-16;0090;portant_naturalisation;INTN2609304D;"Décret du 13 avril 2026 portant naturalisation, réintégration, mention d'enfants mineurs bénéficiant de l'effet collectif attaché à l'acquisition de la nationalité française par leurs parents et francisation de noms et de prénoms (Accès protégé)";JORFTEXT000053901691
2026-04-11;0086;portant_naturalisation;INTN2608617D;"Décret du 8 avril 2026 portant naturalisation, réintégration, mention d'enfants mineurs bénéficiant de l'effet collectif attaché à l'acquisition de la nationalité française par leurs parents et francisation de noms et de prénoms (Accès protégé)";JORFTEXT000053796559
2026-04-10;0085;modificatif;INTN2608760D;"Décret du 8 avril 2026 modifiant les décrets portant naturalisation, réintégration, mention d'enfants mineurs bénéficiant de l'effet collectif attaché à l'acquisition de la nationalité française par leurs parents et francisation de noms et prénoms (Accès protégé)";JORFTEXT000053788479
2026-04-10;0085;rapportant;INTN2604763D;Décret du 7 avril 2026 rapportant un décret de naturalisation (Accès protégé);JORFTEXT000053788473
2026-04-10;0085;rapportant;INTN2605290D;Décret du 7 avril 2026 rapportant un décret de naturalisation (Accès protégé);JORFTEXT000053788476
2026-04-09;0084;rapportant;INTN2604040D;Décret du 7 avril 2026 rapportant un décret de naturalisation (Accès protégé);JORFTEXT000053778148
2026-04-05;0082;portant_naturalisation;INTN2608000D;"Décret du 1er avril 2026 portant naturalisation, réintégration, mention d'enfants mineurs bénéficiant de l'effet collectif attaché à l'acquisition de la nationalité française par leurs parents et francisation de noms et de prénoms (Accès protégé)";JORFTEXT000053764262
2026-04-03;0080;rapportant;INTN2604519D;Décret du 1er avril 2026 rapportant un décret de naturalisation (Accès protégé);JORFTEXT000053755416
2026-04-02;0079;modificatif;INTN2607906D;"Décret du 31 mars 2026 modificatif de décrets portant naturalisation, réintégration, mention d'enfants mineurs bénéficiant de l'effet collectif attaché à l'acquisition de la nationalité française par leurs parents et francisation de noms et prénoms (Accès protégé)";JORFTEXT000053749720
2026-04-02;0079;rapportant;INTN2603698D;Décret du 31 mars 2026 rapportant un décret de naturalisation (Accès protégé);JORFTEXT000053749723
2026-03-28;0075;portant_naturalisation;INTN2607859D;"Décret du 23 mars 2026 portant naturalisation, réintégration, mention d'enfants mineurs bénéficiant de l'effet collectif attaché à l'acquisition de la nationalité française par leurs parents, francisation de noms et de prénoms et libération de l'allégeance française (Accès protégé)";JORFTEXT000053727557
2026-03-27;0074;rapportant;INTN2603387D;Décret du 25 mars 2026 rapportant un décret de naturalisation (Accès protégé);JORFTEXT000053723844
2026-03-27;0074;rapportant;INTN2604433D;Décret du 25 mars 2026 rapportant un décret de naturalisation (Accès protégé);JORFTEXT000053723847
2026-03-26;0073;rapportant;INTN2605188D;Décret du 24 mars 2026 rapportant un décret de naturalisation (Accès protégé);JORFTEXT000053718183
2026-03-25;0072;rapportant;INTN2603408D;Décret du 23 mars 2026 rapportant un décret de naturalisation (Accès protégé);JORFTEXT000053714757
2026-03-22;0070;portant_naturalisation;INTN2607275D;"Décret du 19 mars 2026 portant naturalisation, réintégration, mention d'enfants mineurs bénéficiant de l'effet collectif attaché à l'acquisition de la nationalité française par leurs parents et francisation de noms et de prénoms (Accès protégé)";JORFTEXT000053708326
2026-03-21;0069;portant_naturalisation;INTN2605317D;"Décret du 10 mars 2026 portant naturalisation, réintégration, mention d'enfants mineurs bénéficiant de l'effet collectif attaché à l'acquisition de la nationalité française par leurs parents, francisation de noms et de prénoms et libération de l'allégeance française (Accès protégé)";JORFTEXT000053707696
2026-03-20;0068;rapportant;INTN2602610D;Décret du 18 mars 2026 rapportant un décret de naturalisation (Accès protégé);JORFTEXT000053704190
2026-03-20;0068;rapportant;INTN2603742D;Décret du 18 mars 2026 rapportant un décret de naturalisation (Accès protégé);JORFTEXT000053704193
2026-03-20;0068;rapportant;INTN2604590D;Décret du 18 mars 2026 rapportant un décret de naturalisation (Accès protégé);JORFTEXT000053704196
2026-03-20;0068;modificatif;INTN2606127D;"Décret du 13 mars 2026 modificatif de décrets portant naturalisation, réintégration, mention d'enfants mineurs bénéficiant de l'effet collectif attaché à l'acquisition de la nationalité française par leurs parents et francisation de noms et prénoms (Accès protégé)";JORFTEXT000053704187
2026-03-15;0064;rapportant;INTN2602528D;Décret du 13 mars 2026 rapportant un décret de naturalisation (Accès protégé);JORFTEXT000053672011
2026-03-15;0064;portant_naturalisation;INTN2605223D;"Décret du 4 mars 2026 portant naturalisation, réintégration, mention d'enfants mineurs bénéficiant de l'effet collectif attaché à l'acquisition de la nationalité française par leurs parents et francisation de noms et de prénoms (Accès protégé)";JORFTEXT000053672008
2026-03-14;0063;portant_naturalisation;INTN2606583D;"Décret du 11 mars 2026 portant naturalisation, réintégration, mention d'enfants mineurs bénéficiant de l'effet collectif attaché à l'acquisition de la nationalité française par leurs parents, francisation de noms et de prénoms et libération de l'allégeance française (Accès protégé)";JORFTEXT000053669571
2026-03-14;0063;portant_naturalisation;INTN2606131D;"Décret du 10 mars 2026 portant naturalisation, réintégration, mention d'enfants mineurs bénéficiant de l'effet collectif attaché à l'acquisition de la nationalité française par leurs parents et francisation de noms et de prénoms (Accès protégé)";JORFTEXT000053669568
2026-03-10;0059;rapportant;INTN2601763D;Décret du 6 mars 2026 rapportant un décret de naturalisation (Accès protégé);JORFTEXT000053642783
2026-03-07;0057;rapportant;INTN2602091D;Décret du 5 mars 2026 rapportant un décret de naturalisation (Accès protégé);JORFTEXT000053635455
2026-02-28;0051;rapportant;INTN2536892D;Décret du 26 février 2026 rapportant un décret de naturalisation (Accès protégé);JORFTEXT000053594883
2026-02-27;0050;rapportant;INTN2601684D;Décret du 24 février 2026 rapportant un décret de naturalisation (Accès protégé);JORFTEXT000053587746
2026-02-26;0049;rapportant;INTN2602103D;Décret du 24 février 2026 rapportant un décret de naturalisation (Accès protégé);JORFTEXT000053581120
2026-02-22;0045;rapportant;INTN2601332D;Décret du 20 février 2026 rapportant un décret de naturalisation (Accès protégé);JORFTEXT000053525757
2026-02-22;0045;rapportant;INTN2601705D;Décret du 20 février 2026 rapportant un décret de naturalisation (Accès protégé);JORFTEXT000053525760
2026-02-21;0044;rectificatif;INTN2604386Z;"Décret du 17 février 2026 portant naturalisation, réintégration, mention d'enfants mineurs bénéficiant de l'effet collectif attaché à l'acquisition de la nationalité française par leurs parents, francisation de noms et de prénoms et libération de l'allégeance française (rectificatif) (Accès protégé)";JORFTEXT000053524740
2026-02-20;0043;portant_naturalisation;INTN2604386D;"Décret du 17 février 2026 portant naturalisation, réintégration, mention d'enfants mineurs bénéficiant de l'effet collectif attaché à l'acquisition de la nationalité française par leurs parents, francisation de noms et de prénoms et libération de l'allégeance française (Accès protégé)";JORFTEXT000053510656
2026-02-15;0039;portant_naturalisation;ARMH2603818D;Décret du 13 février 2026 portant naturalisation (Accès protégé);JORFTEXT000053484488
2026-02-13;0037;rapportant;INTN2534659D;Décret du 11 février 2026 rapportant un décret de naturalisation (Accès protégé);JORFTEXT000053466022
2026-02-13;0037;portant_naturalisation;INTN2603824D;"Décret du 11 février 2026 portant naturalisation, réintégration, mention d'enfants mineurs bénéficiant de l'effet collectif attaché à l'acquisition de la nationalité française par leurs parents, francisation de noms et de prénoms et libération de l'allégeance française (Accès protégé)";JORFTEXT000053466028
2026-02-13;0037;modificatif;INTN2603530D;"Décret du 11 février 2026 modificatif de décrets portant naturalisation, réintégration, mention d'enfants mineurs bénéficiant de l'effet collectif attaché à l'acquisition de la nationalité française par leurs parents et francisation de noms et prénoms (Accès protégé)";JORFTEXT000053466025
2026-02-12;0036;rapportant;INTN2600110D;Décret du 11 février 2026 rapportant un décret de naturalisation (Accès protégé);JORFTEXT000053459804
2026-02-06;0031;portant_naturalisation;INTN2602161D;"Décret du 4 février 2026 portant naturalisation, réintégration, mention d'enfants mineurs bénéficiant de l'effet collectif attaché à l'acquisition de la nationalité française par leurs parents, francisation de noms et de prénoms et libération de l'allégeance française (Accès protégé)";JORFTEXT000053444318
2026-02-06;0031;rapportant;INTN2534882D;Décret du 4 février 2026 rapportant un décret de naturalisation (Accès protégé);JORFTEXT000053444321
2026-02-06;0031;portant_naturalisation;INTN2602969D;"Décret du 5 février 2026 portant naturalisation, réintégration, mention d'enfants mineurs bénéficiant de l'effet collectif attaché à l'acquisition de la nationalité française par leurs parents et francisation de noms et de prénoms (Accès protégé)";JORFTEXT000053444324
2026-01-31;0026;rapportant;INTN2535997D;Décret du 29 janvier 2026 rapportant un décret de naturalisation (Accès protégé);JORFTEXT000053423581
2026-01-30;0025;rapportant;INTN2533647D;Décret du 29 janvier 2026 rapportant un décret de naturalisation (Accès protégé);JORFTEXT000053417944
2026-01-23;0019;portant_naturalisation;INTN2601303D;"Décret du 21 janvier 2026 portant naturalisation, réintégration, mention d'enfants mineurs bénéficiant de l'effet collectif attaché à l'acquisition de la nationalité française par leurs parents et francisation de noms et de prénoms (Accès protégé)";JORFTEXT000053396073
2026-01-21;0017;portant_naturalisation;INTN2600851D;"Décret du 19 janvier 2026 portant naturalisation, réintégration, mention d'enfants mineurs bénéficiant de l'effet collectif attaché à l'acquisition de la nationalité française par leurs parents, francisation de noms et de prénoms et libération de l'allégeance française (Accès protégé)";JORFTEXT000053389261
2026-01-20;0016;portant_naturalisation;INTN2600833D;"Décret du 19 janvier 2026 portant naturalisation, réintégration, mention d'enfants mineurs bénéficiant de l'effet collectif attaché à l'acquisition de la nationalité française par leurs parents et francisation de noms et de prénoms (Accès protégé)";JORFTEXT000053386103
2026-01-11;0009;portant_naturalisation;ARMH2600547D;Décret du 9 janvier 2026 portant naturalisation (Accès protégé);JORFTEXT000053341376
2026-01-10;0008;rapportant;INTN2529062D;Décret du 8 janvier 2026 rapportant un décret de naturalisation (Accès protégé);JORFTEXT000053340601
2026-01-10;0008;rapportant;INTN2531438D;Décret du 8 janvier 2026 rapportant un décret de naturalisation (Accès protégé);JORFTEXT000053340604
2026-01-10;0008;rapportant;INTN2531440D;Décret du 8 janvier 2026 rapportant un décret de naturalisation (Accès protégé);JORFTEXT000053340607
2026-01-09;0007;modificatif;INTN2536518D;"Décret du 8 janvier 2026 modifiant les décrets portant naturalisation, réintégration, mention d'enfants mineurs bénéficiant de l'effet collectif attaché à l'acquisition de la nationalité française par leurs parents et francisation de noms et prénoms (Accès protégé)";JORFTEXT000053331953
2026-01-09;0007;rapportant;INTN2533644D;Décret du 8 janvier 2026 rapportant un décret de naturalisation (Accès protégé);JORFTEXT000053331956
2026-01-04;0003;rectificatif;INTN2536152Z;"Décret du 26 décembre 2025 portant naturalisation, réintégration, mention d'enfants mineurs bénéficiant de l'effet collectif attaché à l'acquisition de la nationalité française par leurs parents, francisation de noms et de prénoms et libération de l'allégeance française (rectificatif) (Accès protégé)";JORFTEXT000053288437
2026-01-01;0001;rapportant;INTN2528978D;Décret du 31 décembre 2025 rapportant un décret de naturalisation (Accès protégé);JORFTEXT000053277388
2025-12-31;0306;portant_naturalisation;INTN2535754D;"Décret du 30 décembre 2025 portant naturalisation, réintégration, mention d'enfants mineurs bénéficiant de l'effet collectif attaché à l'acquisition de la nationalité française par leurs parents et francisation de noms et de prénoms (Accès protégé)";JORFTEXT000053230705
2025-12-31;0306;rapportant;INTN2529356D;Décret du 29 décembre 2025 rapportant un décret de naturalisation (Accès protégé);JORFTEXT000053230702
2025-12-30;0305;rapportant;INTN2529496D;Décret du 29 décembre 2025 rapportant un décret de naturalisation (Accès protégé);JORFTEXT000053203082
2025-12-28;0304;rapportant;INTN2532011D;Décret du 24 décembre 2025 rapportant un décret de naturalisation (Accès protégé);JORFTEXT000053178151
2025-12-28;0304;portant_naturalisation;INTN2535963D;"Décret du 24 décembre 2025 portant naturalisation, réintégration, mention d'enfants mineurs bénéficiant de l'effet collectif attaché à l'acquisition de la nationalité française par leurs parents et francisation de noms et de prénoms (Accès protégé)";JORFTEXT000053178148
2025-12-27;0303;portant_naturalisation;INTN2536152D;"Décret du 26 décembre 2025 portant naturalisation, réintégration, mention d'enfants mineurs bénéficiant de l'effet collectif attaché à l'acquisition de la nationalité française par leurs parents, francisation de noms et de prénoms et libération de l'allégeance française (Accès protégé)";JORFTEXT000053175492
2025-12-23;0300;portant_naturalisation;INTN2534985D;"Décret du 22 décembre 2025 portant naturalisation, réintégration, mention d'enfants mineurs bénéficiant de l'effet collectif attaché à l'acquisition de la nationalité française par leurs parents et francisation de noms et de prénoms (Accès protégé)";JORFTEXT000053143693
2025-12-21;0299;portant_naturalisation;INTN2535035D;"Décret du 19 décembre 2025 portant naturalisation, réintégration, mention d'enfants mineurs bénéficiant de l'effet collectif attaché à l'acquisition de la nationalité française par leurs parents, francisation de noms et de prénoms et libération de l'allégeance française (Accès protégé)";JORFTEXT000053097610
2025-12-21;0299;rapportant;INTN2529063D;Décret du 19 décembre 2025 rapportant un décret de naturalisation (Accès protégé);JORFTEXT000053097616
2025-12-16;0294;portant_naturalisation;INTN2534119D;"Décret du 11 décembre 2025 portant naturalisation, réintégration, mention d'enfants mineurs bénéficiant de l'effet collectif attaché à l'acquisition de la nationalité française par leurs parents et francisation de noms et de prénoms (Accès protégé)";JORFTEXT000053030801
2025-12-10;0289;portant_naturalisation;INTN2533332D;"Décret du 9 décembre 2025 portant naturalisation, réintégration, mention d'enfants mineurs bénéficiant de l'effet collectif attaché à l'acquisition de la nationalité française par leurs parents et francisation de noms et de prénoms (Accès protégé)";JORFTEXT000053005507
2025-12-07;0287;rapportant;INTN2527154D;Décret du 5 décembre 2025 rapportant un décret de naturalisation (Accès protégé);JORFTEXT000052995527
2025-12-07;0287;portant_naturalisation;INTN2533197D;"Décret du 5 décembre 2025 portant naturalisation, réintégration, mention d'enfants mineurs bénéficiant de l'effet collectif attaché à l'acquisition de la nationalité française par leurs parents, francisation de noms et de prénoms et libération de l'allégeance française (Accès protégé)";JORFTEXT000052995524
2025-12-04;0284;rapportant;INTN2528303D;Décret du 2 décembre 2025 rapportant un décret de naturalisation (Accès protégé);JORFTEXT000052987882
2025-11-30;0281;portant_naturalisation;INTN2532490D;"Décret du 28 novembre 2025 portant naturalisation, réintégration, mention d'enfants mineurs bénéficiant de l'effet collectif attaché à l'acquisition de la nationalité française par leurs parents, francisation de noms et de prénoms et libération de l'allégeance française (Accès protégé)";JORFTEXT000052953616
2025-11-30;0281;portant_naturalisation;INTN2532511D;"Décret du 28 novembre 2025 portant naturalisation, réintégration, mention d'enfants mineurs bénéficiant de l'effet collectif attaché à l'acquisition de la nationalité française par leurs parents et francisation de noms et de prénoms (Accès protégé)";JORFTEXT000052953619
2025-11-28;0279;portant_naturalisation;INTN2530437D;"Décret du 17 novembre 2025 portant naturalisation, réintégration, mention d'enfants mineurs bénéficiant de l'effet collectif attaché à l'acquisition de la nationalité française par leurs parents, francisation de noms et de prénoms et libération de l'allégeance française (Accès protégé)";JORFTEXT000052870173
2025-11-28;0279;modificatif;INTN2532160D;"Décret du 26 novembre 2025 modifiant des décrets portant naturalisation, réintégration, mention d'enfants mineurs bénéficiant de l'effet collectif attaché à l'acquisition de la nationalité française par leurs parents et francisation de noms et prénoms (Accès protégé)";JORFTEXT000052870179
2025-11-28;0279;portant_naturalisation;INTN2530505D;"Décret du 17 novembre 2025 portant naturalisation, réintégration, mention d'enfants mineurs bénéficiant de l'effet collectif attaché à l'acquisition de la nationalité française par leurs parents et francisation de noms et de prénoms (Accès protégé)";JORFTEXT000052870176
2025-11-27;0278;rapportant;INTN2527407D;Décret du 25 novembre 2025 rapportant un décret de naturalisation (Accès protégé);JORFTEXT000052859181
2025-11-27;0278;rapportant;INTN2526781D;Décret du 25 novembre 2025 rapportant un décret de naturalisation (Accès protégé);JORFTEXT000052859178
2025-11-27;0278;portant_naturalisation;INTN2531585D;"Décret du 26 novembre 2025 portant naturalisation, réintégration, mention d'enfants mineurs bénéficiant de l'effet collectif attaché à l'acquisition de la nationalité française par leurs parents et francisation de noms et de prénoms (Accès protégé)";JORFTEXT000052859184
2025-11-23;0275;portant_naturalisation;INTN2531534D;"Décret du 22 novembre 2025 portant naturalisation, réintégration, mention d'enfants mineurs bénéficiant de l'effet collectif attaché à l'acquisition de la nationalité française par leurs parents et francisation de noms et de prénoms (Accès protégé)";JORFTEXT000052823195
2025-11-22;0274;rapportant;INTN2526588D;Décret du 20 novembre 2025 rapportant un décret de naturalisation (Accès protégé);JORFTEXT000052821101
2025-11-18;0270;portant_naturalisation;INTN2531154D;"Décret du 17 novembre 2025 portant naturalisation, réintégration, mention d'enfants mineurs bénéficiant de l'effet collectif attaché à l'acquisition de la nationalité française par leurs parents, francisation de noms et de prénoms et libération de l'allégeance française (Accès protégé)";JORFTEXT000052588042
2025-11-18;0270;portant_naturalisation;INTN2531145D;"Décret du 17 novembre 2025 portant naturalisation, réintégration, mention d'enfants mineurs bénéficiant de l'effet collectif attaché à l'acquisition de la nationalité française par leurs parents et francisation de noms et de prénoms (Accès protégé)";JORFTEXT000052588039
2025-11-14;0267;rectificatif;INTN2529640D;"Décret du 10 novembre 2025 portant rectification de décrets de naturalisation, réintégration, libération des liens d'allégeance à l'égard de la France et francisation de noms et prénoms (Accès protégé)";JORFTEXT000052573195
2025-11-14;0267;portant_naturalisation;INTN2529564D;"Décret du 10 novembre 2025 portant naturalisation, réintégration, mention d'enfants mineurs bénéficiant de l'effet collectif attaché à l'acquisition de la nationalité française par leurs parents et francisation de noms et de prénoms (Accès protégé)";JORFTEXT000052573192
2025-11-11;0265;portant_naturalisation;INTN2528546D;"Décret du 7 novembre 2025 portant naturalisation, réintégration, mention d'enfants mineurs bénéficiant de l'effet collectif attaché à l'acquisition de la nationalité française par leurs parents et francisation de noms et de prénoms (Accès protégé)";JORFTEXT000052556399
2025-11-08;0263;rapportant;INTN2525497D;Décret du 6 novembre 2025 rapportant un décret de naturalisation (Accès protégé);JORFTEXT000052541938
2025-11-06;0261;rapportant;INTN2525498D;Décret du 3 novembre 2025 rapportant un décret de naturalisation (Accès protégé);JORFTEXT000052521358
2025-11-06;0261;portant_naturalisation;INTN2528535D;"Décret du 3 novembre 2025 portant naturalisation, réintégration, mention d'enfants mineurs bénéficiant de l'effet collectif attaché à l'acquisition de la nationalité française par leurs parents, francisation de noms et de prénoms et libération de l'allégeance française (Accès protégé)";JORFTEXT000052521355
2025-11-06;0261;rapportant;INTN2525643D;Décret du 3 novembre 2025 rapportant un décret de naturalisation (Accès protégé);JORFTEXT000052521361
2025-11-04;0259;portant_naturalisation;INTN2529395D;"Décret du 3 novembre 2025 portant naturalisation, réintégration, mention d'enfants mineurs bénéficiant de l'effet collectif attaché à l'acquisition de la nationalité française par leurs parents, francisation de noms et de prénoms et libération de l'allégeance française (Accès protégé)";JORFTEXT000052486674
2025-11-01;0258;portant_naturalisation;INTN2527773D;"Décret du 31 octobre 2025 portant naturalisation, réintégration, mention d'enfants mineurs bénéficiant de l'effet collectif attaché à l'acquisition de la nationalité française par leurs parents, francisation de noms et de prénoms et libération de l'allégeance française (Accès protégé)";JORFTEXT000052474689
2025-10-30;0256;modificatif;INTN2527635D;"Décret du 28 octobre 2025 modificatif de décrets portant naturalisation, réintégration, mention d'enfants mineurs bénéficiant de l'effet collectif attaché à l'acquisition de la nationalité française par leurs parents et francisation de noms et prénoms (Accès protégé)";JORFTEXT000052460101
2025-10-30;0256;portant_naturalisation;INTN2527891D;"Décret du 28 octobre 2025 portant naturalisation, réintégration, mention d'enfants mineurs bénéficiant de l'effet collectif attaché à l'acquisition de la nationalité française par leurs parents et francisation de noms et de prénoms (Accès protégé)";JORFTEXT000052460104
2025-10-29;0255;rapportant;INTN2525211D;Décret du 28 octobre 2025 rapportant un décret de naturalisation (Accès protégé);JORFTEXT000052452133
2025-10-24;0251;portant_naturalisation;INTN2526569D;"Décret du 16 octobre 2025 portant naturalisation, réintégration, mention d'enfants mineurs bénéficiant de l'effet collectif attaché à l'acquisition de la nationalité française par leurs parents, francisation de noms et de prénoms et libération de l'allégeance française (Accès protégé)";JORFTEXT000052422623
2025-10-23;0250;portant_naturalisation;INTN2526402D;"Décret du 20 octobre 2025 portant naturalisation, réintégration, mention d'enfants mineurs bénéficiant de l'effet collectif attaché à l'acquisition de la nationalité française par leurs parents et francisation de noms et de prénoms (Accès protégé)";JORFTEXT000052416539
2025-10-23;0250;rapportant;INTN2524527D;Décret du 22 octobre 2025 rapportant un décret de naturalisation (Accès protégé);JORFTEXT000052416548
2025-10-23;0250;portant_naturalisation;INTN2527122D;"Décret du 21 octobre 2025 portant naturalisation, réintégration, mention d'enfants mineurs bénéficiant de l'effet collectif attaché à l'acquisition de la nationalité française par leurs parents et francisation de noms et de prénoms (Accès protégé)";JORFTEXT000052416545
2025-10-23;0250;rapportant;INTN2524070D;Décret du 20 octobre 2025 rapportant un décret de naturalisation (Accès protégé);JORFTEXT000052416542
2025-10-11;0239;portant_naturalisation;INTN2527012D;"Décret du 10 octobre 2025 portant naturalisation, réintégration, mention d'enfants mineurs bénéficiant de l'effet collectif attaché à l'acquisition de la nationalité française par leurs parents, francisation de noms et de prénoms et libération de l'allégeance française (Accès protégé)";JORFTEXT000052381147
2025-10-09;0237;rapportant;INTN2523614D;Décret du 7 octobre 2025 rapportant un décret de naturalisation (Accès protégé);JORFTEXT000052376466
2025-10-05;0233;portant_naturalisation;INTN2526023D;"Décret du 3 octobre 2025 portant naturalisation, réintégration, mention d'enfants mineurs bénéficiant de l'effet collectif attaché à l'acquisition de la nationalité française par leurs parents, francisation de noms et de prénoms et libération de l'allégeance française (Accès protégé)";JORFTEXT000052355117
2025-10-05;0233;portant_naturalisation;INTN2526009D;"Décret du 3 octobre 2025 portant naturalisation, réintégration, mention d'enfants mineurs bénéficiant de l'effet collectif attaché à l'acquisition de la nationalité française par leurs parents et francisation de noms et de prénoms (Accès protégé)";JORFTEXT000052355114
2025-10-03;0231;portant_naturalisation;INTN2525416D;"Décret du 2 octobre 2025 portant naturalisation, réintégration, mention d'enfants mineurs bénéficiant de l'effet collectif attaché à l'acquisition de la nationalité française par leurs parents, francisation de noms et de prénoms et libération de l'allégeance française (Accès protégé)";JORFTEXT000052345665
2025-10-01;0229;rapportant;INTN2523086D;Décret du 29 septembre 2025 rapportant un décret de naturalisation (Accès protégé);JORFTEXT000052328958
2025-10-01;0229;portant_naturalisation;INTN2525408D;"Décret du 29 septembre 2025 portant naturalisation, réintégration, mention d'enfants mineurs bénéficiant de l'effet collectif attaché à l'acquisition de la nationalité française par leurs parents et francisation de noms et de prénoms (Accès protégé)";JORFTEXT000052328955
2025-09-27;0226;rapportant;INTN2522921D;Décret du 25 septembre 2025 rapportant un décret de naturalisation (Accès protégé);JORFTEXT000052295494
2025-09-27;0226;rapportant;INTN2522394D;Décret du 25 septembre 2025 rapportant un décret de naturalisation (Accès protégé);JORFTEXT000052295491
2025-09-24;0223;portant_naturalisation;INTN2524726D;"Décret du 22 septembre 2025 portant naturalisation, réintégration, mention d'enfants mineurs bénéficiant de l'effet collectif attaché à l'acquisition de la nationalité française par leurs parents, francisation de noms et de prénoms et libération de l'allégeance française (Accès protégé)";JORFTEXT000052281661
2025-09-20;0219;rapportant;INTN2522430D;Décret du 18 septembre 2025 rapportant un décret de naturalisation (Accès protégé);JORFTEXT000052263026
2025-09-19;0218;portant_naturalisation;INTN2525024D;"Décret du 18 septembre 2025 portant naturalisation, réintégration, mention d'enfants mineurs bénéficiant de l'effet collectif attaché à l'acquisition de la nationalité française par leurs parents et francisation de noms et de prénoms (Accès protégé)";JORFTEXT000052260674
2025-09-18;0217;rapportant;INTN2522812D;Décret du 16 septembre 2025 rapportant un décret de naturalisation (Accès protégé);JORFTEXT000052256651
2025-09-09;0209;portant_naturalisation;INTN2524345D;"Décret du 8 septembre 2025 portant naturalisation, réintégration, mention d'enfants mineurs bénéficiant de l'effet collectif attaché à l'acquisition de la nationalité française par leurs parents, francisation de noms et de prénoms et libération de l'allégeance française (Accès protégé)";JORFTEXT000052213607
2025-09-09;0209;portant_naturalisation;INTN2524130D;"Décret du 8 septembre 2025 portant naturalisation, réintégration, mention d'enfants mineurs bénéficiant de l'effet collectif attaché à l'acquisition de la nationalité française par leurs parents et francisation de noms et de prénoms (Accès protégé)";JORFTEXT000052213604
2025-09-02;0203;portant_naturalisation;INTN2523751D;"Décret du 1er septembre 2025 portant naturalisation, réintégration, mention d'enfants mineurs bénéficiant de l'effet collectif attaché à l'acquisition de la nationalité française par leurs parents, francisation de noms et de prénoms et libération de l'allégeance française (Accès protégé)";JORFTEXT000052178305
2025-08-29;0200;portant_naturalisation;INTN2523663D;"Décret du 28 août 2025 portant naturalisation, réintégration, mention d'enfants mineurs bénéficiant de l'effet collectif attaché à l'acquisition de la nationalité française par leurs parents et francisation de noms et de prénoms (Accès protégé)";JORFTEXT000052153833
2025-08-27;0198;portant_naturalisation;INTN2523379D;"Décret du 25 août 2025 portant naturalisation, réintégration, mention d'enfants mineurs bénéficiant de l'effet collectif attaché à l'acquisition de la nationalité française par leurs parents, francisation de noms et de prénoms et libération de l'allégeance française (Accès protégé)";JORFTEXT000052138761
2025-08-22;0194;portant_naturalisation;INTN2523278D;"Décret du 19 août 2025 portant naturalisation, réintégration, mention d'enfants mineurs bénéficiant de l'effet collectif attaché à l'acquisition de la nationalité française par leurs parents et francisation de noms et de prénoms (Accès protégé)";JORFTEXT000052126163
2025-08-20;0192;portant_naturalisation;INTN2523056D;"Décret du 19 août 2025 portant naturalisation, réintégration, mention d'enfants mineurs bénéficiant de l'effet collectif attaché à l'acquisition de la nationalité française par leurs parents, francisation de noms et de prénoms et libération de l'allégeance française (Accès protégé)";JORFTEXT000052116842
2025-08-19;0191;portant_naturalisation;INTN2522996D;"Décret du 14 août 2025 portant naturalisation, réintégration, mention d'enfants mineurs bénéficiant de l'effet collectif attaché à l'acquisition de la nationalité française par leurs parents et francisation de noms et de prénoms (Accès protégé)";JORFTEXT000052115318
2025-08-12;0186;portant_naturalisation;INTN2522520D;"Décret du 8 août 2025 portant naturalisation, réintégration, mention d'enfants mineurs bénéficiant de l'effet collectif attaché à l'acquisition de la nationalité française par leurs parents et francisation de noms et de prénoms (Accès protégé)";JORFTEXT000052077080
2025-08-12;0186;portant_naturalisation;INTN2522495D;"Décret du 8 août 2025 portant naturalisation, réintégration, mention d'enfants mineurs bénéficiant de l'effet collectif attaché à l'acquisition de la nationalité française par leurs parents, francisation de noms et de prénoms et libération de l'allégeance française (Accès protégé)";JORFTEXT000052077077
2025-08-10;0185;rapportant;INTN2517656D;Décret du 8 août 2025 rapportant un décret de naturalisation (Accès protégé);JORFTEXT000052067449
2025-08-10;0185;rapportant;INTN2518511D;Décret du 8 août 2025 rapportant un décret de naturalisation (Accès protégé);JORFTEXT000052067452
2025-08-10;0185;rapportant;INTN2517611D;Décret du 8 août 2025 rapportant un décret de naturalisation (Accès protégé);JORFTEXT000052067446
2025-08-09;0184;portant_naturalisation;INTN2521929D;"Décret du 8 août 2025 portant naturalisation, réintégration, mention d'enfants mineurs bénéficiant de l'effet collectif attaché à l'acquisition de la nationalité française par leurs parents et francisation de noms et de prénoms (Accès protégé)";JORFTEXT000052066890
2025-08-09;0184;rapportant;INTN2518454D;Décret du 8 août 2025 rapportant un décret de naturalisation (Accès protégé);JORFTEXT000052066896
2025-08-09;0184;portant_naturalisation;INTN2521943D;"Décret du 8 août 2025 portant naturalisation, réintégration, mention d'enfants mineurs bénéficiant de l'effet collectif attaché à l'acquisition de la nationalité française par leurs parents, francisation de noms et de prénoms et libération de l'allégeance française (Accès protégé)";JORFTEXT000052066893
2025-08-07;0182;rapportant;INTN2518409D;Décret du 5 août 2025 rapportant un décret de naturalisation (Accès protégé);JORFTEXT000052054369
2025-08-07;0182;portant_naturalisation;INTN2520508D;"Décret du 5 août 2025 portant naturalisation, réintégration, mention d'enfants mineurs bénéficiant de l'effet collectif attaché à l'acquisition de la nationalité française par leurs parents et francisation de noms et de prénoms (Accès protégé)";JORFTEXT000052054366
2025-08-06;0181;portant_naturalisation;INTN2521022D;"Décret du 5 août 2025 portant naturalisation, réintégration, mention d'enfants mineurs bénéficiant de l'effet collectif attaché à l'acquisition de la nationalité française par leurs parents, francisation de noms et de prénoms et libération de l'allégeance française (Accès protégé)";JORFTEXT000052050729
2025-08-06;0181;portant_naturalisation;INTN2519157D;"Décret du 4 août 2025 portant naturalisation, réintégration, mention d'enfants mineurs bénéficiant de l'effet collectif attaché à l'acquisition de la nationalité française par leurs parents, francisation de noms et de prénoms et libération de l'allégeance française (Accès protégé)";JORFTEXT000052050726
2025-08-02;0178;rapportant;INTN2517624D;Décret du 31 juillet 2025 rapportant un décret de naturalisation (Accès protégé);JORFTEXT000052034070
2025-08-02;0178;rapportant;INTN2517759D;Décret du 31 juillet 2025 rapportant un décret de naturalisation (Accès protégé);JORFTEXT000052034076
2025-08-02;0178;rapportant;INTN2517653D;Décret du 31 juillet 2025 rapportant un décret de naturalisation (Accès protégé);JORFTEXT000052034073
2025-08-02;0178;portant_naturalisation;INTN2519163D;"Décret du 31 juillet 2025 portant naturalisation, réintégration, mention d'enfants mineurs bénéficiant de l'effet collectif attaché à l'acquisition de la nationalité française par leurs parents et francisation de noms et de prénoms (Accès protégé)";JORFTEXT000052034064
2025-08-02;0178;rapportant;INTN2518372D;Décret du 31 juillet 2025 rapportant un décret de naturalisation (Accès protégé);JORFTEXT000052034079
2025-08-02;0178;rapportant;INTN2516987D;Décret du 31 juillet 2025 rapportant un décret de naturalisation (Accès protégé);JORFTEXT000052034067
2025-07-31;0176;portant_naturalisation;INTN2518466D;"Décret du 29 juillet 2025 portant naturalisation, réintégration, mention d'enfants mineurs bénéficiant de l'effet collectif attaché à l'acquisition de la nationalité française par leurs parents, francisation de noms et de prénoms et libération de l'allégeance française (Accès protégé)";JORFTEXT000052010590
2025-07-30;0175;portant_naturalisation;INTN2519981D;"Décret du 28 juillet 2025 portant naturalisation, réintégration, mention d'enfants mineurs bénéficiant de l'effet collectif attaché à l'acquisition de la nationalité française par leurs parents et francisation de noms et de prénoms (Accès protégé)";JORFTEXT000052002250
2025-07-30;0175;portant_naturalisation;INTN2518617D;"Décret du 28 juillet 2025 portant naturalisation, réintégration, mention d'enfants mineurs bénéficiant de l'effet collectif attaché à l'acquisition de la nationalité française par leurs parents et francisation de noms et de prénoms (Accès protégé)";JORFTEXT000052002244
2025-07-30;0175;portant_naturalisation;INTN2515112D;"Décret du 28 juillet 2025 portant naturalisation, réintégration, mention d'enfants mineurs bénéficiant de l'effet collectif attaché à l'acquisition de la nationalité française par leurs parents, francisation de noms et de prénoms et libération de l'allégeance française (Accès protégé)";JORFTEXT000052002241
2025-07-30;0175;portant_naturalisation;INTN2519828D;"Décret du 28 juillet 2025 portant naturalisation, réintégration, mention d'enfants mineurs bénéficiant de l'effet collectif attaché à l'acquisition de la nationalité française par leurs parents, francisation de noms et de prénoms et libération de l'allégeance française (Accès protégé)";JORFTEXT000052002247
2025-07-27;0173;rapportant;INTN2516986D;Décret du 25 juillet 2025 rapportant un décret de naturalisation (Accès protégé);JORFTEXT000051988236
2025-07-23;0169;rapportant;INTN2516988D;Décret du 21 juillet 2025 rapportant un décret de naturalisation (Accès protégé);JORFTEXT000051942763
2025-07-20;0167;rapportant;INTN2516510D;Décret du 17 juillet 2025 rapportant un décret de naturalisation (Accès protégé);JORFTEXT000051921989
2025-07-19;0166;portant_naturalisation;INTN2517742D;"Décret 17 juillet 2025 portant naturalisation, réintégration, mention d'enfants mineurs bénéficiant de l'effet collectif attaché à l'acquisition de la nationalité française par leurs parents et francisation de noms et de prénoms (Accès protégé)";JORFTEXT000051920969
2025-07-19;0166;portant_naturalisation;INTN2517862D;"Décret du 17 juillet 2025 portant naturalisation, réintégration, mention d'enfants mineurs bénéficiant de l'effet collectif attaché à l'acquisition de la nationalité française par leurs parents, francisation de noms et de prénoms et libération de l'allégeance française (Accès protégé)";JORFTEXT000051920972
2025-07-19;0166;rapportant;INTN2516467D;Décret du 17 juillet 2025 rapportant un décret de naturalisation (Accès protégé);JORFTEXT000051920984
2025-07-19;0166;rapportant;INTN2515335D;Décret du 17 juillet 2025 rapportant un décret de naturalisation (Accès protégé);JORFTEXT000051920978
2025-07-19;0166;rapportant;INTN2516447D;Décret du 17 juillet 2025 rapportant un décret de naturalisation (Accès protégé);JORFTEXT000051920981
2025-07-19;0166;modificatif;INTN2519108D;"Décret du 17 juillet 2025 modifiant des décrets portant naturalisation, réintégration, mention d'enfants mineurs bénéficiant de l'effet collectif attaché à l'acquisition de la nationalité française par leurs parents et francisation de noms et prénoms (Accès protégé)";JORFTEXT000051920975
2025-07-18;0165;portant_naturalisation;INTN2515049D;"Décret du 17 juillet 2025 portant naturalisation, réintégration, mention d'enfants mineurs bénéficiant de l'effet collectif attaché à l'acquisition de la nationalité française par leurs parents et francisation de noms et de prénoms (Accès protégé)";JORFTEXT000051912886
2025-07-18;0165;portant_naturalisation;INTN2515510D;"Décret du 11 juillet 2025 portant naturalisation, réintégration, mention d'enfants mineurs bénéficiant de l'effet collectif attaché à l'acquisition de la nationalité française par leurs parents et francisation de noms et de prénoms (Accès protégé)";JORFTEXT000051912883
2025-07-17;0164;rapportant;INTN2516430D;Décret du 12 juillet 2025 rapportant un décret de naturalisation (Accès protégé);JORFTEXT000051901807
2025-07-17;0164;rapportant;INTN2515316D;Décret du 15 juillet 2025 rapportant un décret de naturalisation (Accès protégé);JORFTEXT000051901816
2025-07-17;0164;portant_naturalisation;INTN2516187D;"Décret du 15 juillet 2025 portant naturalisation, réintégration, mention d'enfants mineurs bénéficiant de l'effet collectif attaché à l'acquisition de la nationalité française par leurs parents et francisation de noms et de prénoms (Accès protégé)";JORFTEXT000051901810
2025-07-17;0164;portant_naturalisation;INTN2516329D;"Décret du 15 juillet 2025 portant naturalisation, réintégration, mention d'enfants mineurs bénéficiant de l'effet collectif attaché à l'acquisition de la nationalité française par leurs parents, francisation de noms et de prénoms et libération de l'allégeance française (Accès protégé)";JORFTEXT000051901813
2025-07-13;0162;portant_naturalisation;INTN2515716D;"Décret 11 juillet 2025 portant naturalisation, réintégration, mention d'enfants mineurs bénéficiant de l'effet collectif attaché à l'acquisition de la nationalité française par leurs parents et francisation de noms et de prénoms (Accès protégé)";JORFTEXT000051886952
2025-07-13;0162;rapportant;INTN2515363D;Décret du 11 juillet 2025 rapportant un décret de naturalisation (Accès protégé);JORFTEXT000051886958
2025-07-02;0152;portant_naturalisation;INTN2514271D;"Décret du 1er juillet 2025 portant naturalisation, réintégration, mention d'enfants mineurs bénéficiant de l'effet collectif attaché à l'acquisition de la nationalité française par leurs parents et francisation de noms et de prénoms (Accès protégé)";JORFTEXT000051832872
2025-07-02;0152;portant_naturalisation;INTN2514281D;"Décret du 1er juillet 2025 portant naturalisation, réintégration, mention d'enfants mineurs bénéficiant de l'effet collectif attaché à l'acquisition de la nationalité française par leurs parents, francisation de noms et de prénoms et libération de l'allégeance française (Accès protégé)";JORFTEXT000051832875
2025-06-29;0150;rapportant;INTN2514931D;Décret du 27 juin 2025 rapportant un décret de naturalisation (Accès protégé);JORFTEXT000051809347
2025-06-26;0147;modificatif;INTN2516502D;"Décret du 24 juin 2025 modificatif de décrets portant naturalisation, réintégration, mention d'enfants mineurs bénéficiant de l'effet collectif attaché à l'acquisition de la nationalité française par leurs parents et francisation de noms et prénoms (Accès protégé)";JORFTEXT000051796658
2025-06-26;0147;rapportant;INTN2514561D;Décret du 23 juin 2025 rapportant un décret de naturalisation (Accès protégé);JORFTEXT000051796652
2025-06-26;0147;rapportant;INTN2514339D;Décret du 24 juin 2025 rapportant un décret de naturalisation (Accès protégé);JORFTEXT000051796664
2025-06-26;0147;portant_naturalisation;INTN2513037D;"Décret du 24 juin 2025 portant naturalisation, réintégration, mention d'enfants mineurs bénéficiant de l'effet collectif attaché à l'acquisition de la nationalité française par leurs parents et francisation de noms et de prénoms (Accès protégé)";JORFTEXT000051796655
2025-06-26;0147;rapportant;INTN2513747D;Décret du 24 juin 2025 rapportant un décret de naturalisation (Accès protégé);JORFTEXT000051796661
2025-06-25;0146;portant_naturalisation;INTN2516933D;"Décret du 23 juin 2025 portant naturalisation, réintégration, mention d'enfants mineurs bénéficiant de l'effet collectif attaché à l'acquisition de la nationalité française par leurs parents et francisation de noms et de prénoms (Accès protégé)";JORFTEXT000051789417
2025-06-25;0146;rapportant;INTN2514012D;Décret du 23 juin 2025 rapportant un décret de naturalisation (Accès protégé);JORFTEXT000051789423
2025-06-25;0146;portant_naturalisation;INTN2516888D;"Décret du 23 juin 2025 portant naturalisation, réintégration, mention d'enfants mineurs bénéficiant de l'effet collectif attaché à l'acquisition de la nationalité française par leurs parents, francisation de noms et de prénoms et libération de l'allégeance française (Accès protégé)";JORFTEXT000051789414
2025-06-25;0146;rapportant;INTN2514249D;Décret du 23 juin 2025 rapportant un décret de naturalisation (Accès protégé);JORFTEXT000051789426
2025-06-24;0145;rapportant;INTN2513928D;Décret du 20 juin 2025 rapportant un décret de naturalisation (Accès protégé);JORFTEXT000051783826
2025-06-20;0142;portant_naturalisation;INTN2512588D;"Décret du 18 juin 2025 portant naturalisation, réintégration, mention d'enfants mineurs bénéficiant de l'effet collectif attaché à l'acquisition de la nationalité française par leurs parents et francisation de noms et de prénoms (Accès protégé)";JORFTEXT000051767596
2025-06-19;0141;rapportant;INTN2514025D;Décret du 16 juin 2025 rapportant un décret de naturalisation (Accès protégé);JORFTEXT000051760719
2025-06-19;0141;portant_naturalisation;INTN2512555D;"Décret du 17 juin 2025 portant naturalisation, réintégration, mention d'enfants mineurs bénéficiant de l'effet collectif attaché à l'acquisition de la nationalité française par leurs parents, francisation de noms et de prénoms et libération de l'allégeance française (Accès protégé)";JORFTEXT000051760722
2025-06-06;0131;rapportant;INTN2512678D;Décret du 4 juin 2025 rapportant un décret de naturalisation (Accès protégé);JORFTEXT000051695808
2025-06-06;0131;portant_naturalisation;INTN2512054D;"Décret du 4 juin 2025 portant naturalisation, réintégration, mention d'enfants mineurs bénéficiant de l'effet collectif attaché à l'acquisition de la nationalité française par leurs parents et francisation de noms et de prénoms (Accès protégé)";JORFTEXT000051695805
2025-06-05;0130;portant_naturalisation;INTN2511488D;"Décret du 3 juin 2025 portant naturalisation, réintégration, mention d'enfants mineurs bénéficiant de l'effet collectif attaché à l'acquisition de la nationalité française par leurs parents et francisation de noms et de prénoms (Accès protégé)";JORFTEXT000051690470
2025-06-01;0127;rapportant;INTN2512194D;Décret du 30 mai 2025 rapportant un décret de naturalisation (Accès protégé);JORFTEXT000051676464
2025-05-29;0125;modificatif;INTN2514469D;"Décret du 28 mai 2025 modificatif de décrets portant naturalisation, réintégration, mention d'enfants mineurs bénéficiant de l'effet collectif attaché à l'acquisition de la nationalité française par leurs parents et francisation de noms et prénoms (Accès protégé)";JORFTEXT000051670392
2025-05-29;0125;rapportant;INTN2511957D;Décret du 27 mai 2025 rapportant un décret de naturalisation (Accès protégé);JORFTEXT000051670386
2025-05-29;0125;portant_naturalisation;INTN2509935D;"Décret du 28 mai 2025 portant naturalisation, réintégration, mention d'enfants mineurs bénéficiant de l'effet collectif attaché à l'acquisition de la nationalité française par leurs parents, francisation de noms et de prénoms et libération de l'allégeance française (Accès protégé)";JORFTEXT000051670389
2025-05-28;0124;rapportant;INTN2511977D;Décret du 27 mai 2025 rapportant un décret de naturalisation (Accès protégé);JORFTEXT000051667434
2025-05-28;0124;rapportant;INTN2510911D;Décret du 23 mai 2025 rapportant un décret de naturalisation (Accès protégé);JORFTEXT000051667425
2025-05-27;0123;portant_naturalisation;INTN2512078D;"Décret du 23 mai 2025 portant naturalisation, réintégration, mention d'enfants mineurs bénéficiant de l'effet collectif attaché à l'acquisition de la nationalité française par leurs parents, francisation de noms et de prénoms et libération de l'allégeance française (Accès protégé)";JORFTEXT000051662226
2025-05-27;0123;portant_naturalisation;INTN2510007D;"Décret du 23 mai 2025 portant naturalisation, réintégration, mention d'enfants mineurs bénéficiant de l'effet collectif attaché à l'acquisition de la nationalité française par leurs parents et francisation de noms et de prénoms (Accès protégé)";JORFTEXT000051662223
2025-05-24;0121;portant_naturalisation;INTN2513714D;"Décret du 22 mai 2025 portant naturalisation, réintégration, mention d'enfants mineurs bénéficiant de l'effet collectif attaché à l'acquisition de la nationalité française par leurs parents et francisation de noms et de prénoms (Accès protégé)";JORFTEXT000051657265
2025-05-15;0113;portant_naturalisation;INTN2511426D;"Décret du 13 mai 2025 portant naturalisation, réintégration, mention d'enfants mineurs bénéficiant de l'effet collectif attaché à l'acquisition de la nationalité française par leurs parents et francisation de noms et de prénoms (Accès protégé)";JORFTEXT000051593189
2025-05-14;0112;portant_naturalisation;INTN2513057D;"Décret du 12 mai 2025 portant naturalisation, réintégration, mention d'enfants mineurs bénéficiant de l'effet collectif attaché à l'acquisition de la nationalité française par leurs parents, francisation de noms et de prénoms et libération de l'allégeance française (Accès protégé)";JORFTEXT000051587204
2025-05-13;0111;rapportant;INTN2510066D;Décret du 12 mai 2025 rapportant un décret de naturalisation (Accès protégé);JORFTEXT000051582993
2025-05-11;0110;portant_naturalisation;INTN2510593D;"Décret du 9 mai 2025 portant naturalisation, réintégration, mention d'enfants mineurs bénéficiant de l'effet collectif attaché à l'acquisition de la nationalité française par leurs parents, francisation de noms et de prénoms et libération de l'allégeance française (Accès protégé)";JORFTEXT000051577658
2025-05-10;0109;rapportant;INTN2510357D;Décret du 9 mai 2025 rapportant un décret de naturalisation (Accès protégé);JORFTEXT000051576805
2025-05-08;0108;rapportant;INTN2508516D;Décret du 7 mai 2025 rapportant un décret de naturalisation (Accès protégé);JORFTEXT000051572108
2025-05-08;0108;rapportant;INTN2508560D;Décret du 7 mai 2025 rapportant un décret de naturalisation (Accès protégé);JORFTEXT000051572111
2025-05-04;0105;portant_naturalisation;INTN2508612D;"Décret du 2 mai 2025 portant naturalisation, réintégration, mention d'enfants mineurs bénéficiant de l'effet collectif attaché à l'acquisition de la nationalité française par leurs parents et francisation de noms et de prénoms (Accès protégé)";JORFTEXT000051550985
2025-05-03;0104;portant_naturalisation;INTN2508603D;"Décret du 30 avril 2025 portant naturalisation, réintégration, mention d'enfants mineurs bénéficiant de l'effet collectif attaché à l'acquisition de la nationalité française par leurs parents et francisation de noms et de prénoms (Accès protégé)";JORFTEXT000051549848
2025-04-24;0097;portant_naturalisation;INTN2510627D;"Décret du 22 avril 2025 portant naturalisation, réintégration, mention d'enfants mineurs bénéficiant de l'effet collectif attaché à l'acquisition de la nationalité française par leurs parents et francisation de noms et de prénoms (Accès protégé)";JORFTEXT000051508979
2025-04-20;0095;rapportant;INTN2509769D;Décret du 18 avril 2025 rapportant un décret de naturalisation (Accès protégé);JORFTEXT000051493394
2025-04-19;0094;portant_naturalisation;INTN2506150D;"Décret du 17 avril 2025 portant naturalisation, réintégration, mention d'enfants mineurs bénéficiant de l'effet collectif attaché à l'acquisition de la nationalité française par leurs parents, francisation de noms et de prénoms et libération de l'allégeance française (Accès protégé)";JORFTEXT000051492002
2025-04-17;0092;rapportant;INTN2508642D;Décret du 15 avril 2025 rapportant un décret de naturalisation (Accès protégé);JORFTEXT000051478827
2025-04-11;0087;rapportant;INTN2508007D;Décret du 8 avril 2025 rapportant un décret de naturalisation (Accès protégé);JORFTEXT000051448694
2025-04-11;0087;rapportant;INTN2508011D;Décret du 8 avril 2025 rapportant un décret de naturalisation (Accès protégé);JORFTEXT000051448697
2025-04-10;0086;portant_naturalisation;INTN2507901D;"Décret du 8 avril 2025 portant naturalisation, réintégration, mention d'enfants mineurs bénéficiant de l'effet collectif attaché à l'acquisition de la nationalité française par leurs parents, francisation de noms et de prénoms et libération de l'allégeance française (Accès protégé)";JORFTEXT000051445383
2025-04-08;0084;rapportant;INTN2506590D;Décret du 4 avril 2025 rapportant un décret de naturalisation (Accès protégé);JORFTEXT000051436099
2025-04-08;0084;rapportant;INTN2506764D;Décret du 4 avril 2025 rapportant un décret de naturalisation (Accès protégé);JORFTEXT000051436102
2025-04-08;0084;modificatif;INTN2507391D;"Décret du 4 avril 2025 modificatif de décrets portant naturalisation, réintégration, mention d'enfants mineurs bénéficiant de l'effet collectif attaché à l'acquisition de la nationalité française par leurs parents et francisation de noms et prénoms (Accès protégé)";JORFTEXT000051436093
2025-04-02;0079;rapportant;INTN2506236D;Décret du 27 mars 2025 rapportant un décret de naturalisation (Accès protégé);JORFTEXT000051410699
2025-03-27;0074;modificatif;INTN2507580D;"Décret du 25 mars 2025 modifiant des décrets portant naturalisation, réintégration, mention d'enfants mineurs bénéficiant de l'effet collectif attaché à l'acquisition de la nationalité française par leurs parents et francisation de noms et prénoms (Accès protégé)";JORFTEXT000051381843
2025-03-26;0073;portant_naturalisation;INTN2507751D;"Décret du 24 mars 2025 portant naturalisation, réintégration, mention d'enfants mineurs bénéficiant de l'effet collectif attaché à l'acquisition de la nationalité française par leurs parents et francisation de noms et de prénoms (Accès protégé)";JORFTEXT000051377170
2025-03-26;0073;rapportant;INTN2505191D;Décret du 24 mars 2025 rapportant un décret de naturalisation (Accès protégé);JORFTEXT000051377173
2025-03-25;0072;rectificatif;INTN2507565D;"Décret du 24 mars 2025 portant rectification de décrets de naturalisation, réintégration, libération des liens d'allégeance à l'égard de la France et francisation de noms et prénoms (Accès protégé)";JORFTEXT000051369029
2025-03-22;0070;rapportant;INTN2504977D;Décret du 20 mars 2025 rapportant un décret de naturalisation (Accès protégé);JORFTEXT000051363119
2025-03-20;0068;rapportant;INTN2504147D;Décret du 18 mars 2025 rapportant un décret de naturalisation (Accès protégé);JORFTEXT000051353634
2025-03-20;0068;rapportant;INTN2504563D;Décret du 18 mars 2025 rapportant un décret de naturalisation (Accès protégé);JORFTEXT000051353637
2025-03-20;0068;portant_naturalisation;INTN2507026D;"Décret du 19 mars 2025 portant naturalisation, réintégration, mention d'enfants mineurs bénéficiant de l'effet collectif attaché à l'acquisition de la nationalité française par leurs parents, francisation de noms et de prénoms et libération de l'allégeance française (Accès protégé)";JORFTEXT000051353646
2025-03-20;0068;rapportant;INTN2504821D;Décret du 18 mars 2025 rapportant un décret de naturalisation (Accès protégé);JORFTEXT000051353640
2025-03-20;0068;portant_naturalisation;INTN2507004D;"Décret du 19 mars 2025 portant naturalisation, réintégration, mention d'enfants mineurs bénéficiant de l'effet collectif attaché à l'acquisition de la nationalité française par leurs parents et francisation de noms et de prénoms (Accès protégé)";JORFTEXT000051353643
2025-03-14;0063;rapportant;INTN2504007D;Décret du 11 mars 2025 rapportant un décret de naturalisation (Accès protégé);JORFTEXT000051325410
2025-03-12;0061;modificatif;INTN2505706D;"Décret du 10 mars 2025 modificatif de décrets portant naturalisation, réintégration, mention d'enfants mineurs bénéficiant de l'effet collectif attaché à l'acquisition de la nationalité française par leurs parents et francisation de noms et prénoms (Accès protégé)";JORFTEXT000051313074
2025-03-12;0061;portant_naturalisation;INTN2505452D;"Décret du 10 mars 2025 portant naturalisation, réintégration, mention d'enfants mineurs bénéficiant de l'effet collectif attaché à l'acquisition de la nationalité française par leurs parents et francisation de noms et de prénoms (Accès protégé)";JORFTEXT000051313071
2025-03-09;0059;portant_naturalisation;INTN2506069D;"Décret du 7 mars 2025 portant naturalisation, réintégration, mention d'enfants mineurs bénéficiant de l'effet collectif attaché à l'acquisition de la nationalité française par leurs parents et francisation de noms et de prénoms (Accès protégé)";JORFTEXT000051306223
2025-03-08;0058;portant_naturalisation;INTN2505508D;"Décret du 7 mars 2025 portant naturalisation, réintégration, mention d'enfants mineurs bénéficiant de l'effet collectif attaché à l'acquisition de la nationalité française par leurs parents, francisation de noms et de prénoms et libération de l'allégeance française (Accès protégé)";JORFTEXT000051305077
2025-03-01;0052;rapportant;INTN2503357D;Décret du 27 février 2025 rapportant un décret de naturalisation (Accès protégé);JORFTEXT000051271516
2025-03-01;0052;rapportant;INTN2503450D;Décret du 27 février 2025 rapportant un décret de naturalisation (Accès protégé);JORFTEXT000051271519
2025-02-26;0048;portant_naturalisation;INTN2504744D;"Décret du 24 février 2025 portant naturalisation, réintégration, mention d'enfants mineurs bénéficiant de l'effet collectif attaché à l'acquisition de la nationalité française par leurs parents et francisation de noms et de prénoms (Accès protégé)";JORFTEXT000051250504
2025-02-26;0048;portant_naturalisation;INTN2504820D;"Décret du 21 février 2025 portant naturalisation, réintégration, mention d'enfants mineurs bénéficiant de l'effet collectif attaché à l'acquisition de la nationalité française par leurs parents et francisation de noms et de prénoms (Accès protégé)";JORFTEXT000051250501
2025-02-23;0046;portant_naturalisation;ARMH2505536D;Décret du 21 février 2025 portant naturalisation (Accès protégé);JORFTEXT000051236169
2025-02-21;0044;rapportant;INTN2502874D;Décret du 19 février 2025 rapportant un décret de naturalisation (Accès protégé);JORFTEXT000051224373
2025-02-21;0044;rapportant;INTN2502373D;Décret du 19 février 2025 rapportant un décret de naturalisation (Accès protégé);JORFTEXT000051224367
2025-02-21;0044;rapportant;INTN2502374D;Décret du 19 février 2025 rapportant un décret de naturalisation (Accès protégé);JORFTEXT000051224370
2025-02-19;0042;rapportant;INTN2501461D;Décret du 17 février 2025 rapportant un décret de naturalisation (Accès protégé);JORFTEXT000051195364
2025-02-19;0042;modificatif;INTN2503900D;"Décret modificatif du 13 février 2025 de décrets portant naturalisation, réintégration, mention d'enfants mineurs bénéficiant de l'effet collectif attaché à l'acquisition de la nationalité française par leurs parents et francisation de noms et prénoms (Accès protégé)";JORFTEXT000051195355
2025-02-19;0042;portant_naturalisation;INTN2503987D;"Décret du 17 février 2025 portant naturalisation, réintégration, mention d'enfants mineurs bénéficiant de l'effet collectif attaché à l'acquisition de la nationalité française par leurs parents, francisation de noms et de prénoms et libération de l'allégeance française (Accès protégé)";JORFTEXT000051195361
2025-02-19;0042;modificatif;INTN2503036D;"Décret du 17 février 2025 modifiant des décrets portant naturalisation, réintégration, mention d'enfants mineurs bénéficiant de l'effet collectif attaché à l'acquisition de la nationalité française par leurs parents et francisation de noms et prénoms (Accès protégé)";JORFTEXT000051195358
2025-02-16;0040;rapportant;INTN2501489D;Décret du 13 février 2025 rapportant un décret de naturalisation (Accès protégé);JORFTEXT000051171645
2025-02-16;0040;rapportant;INTN2501588D;Décret du 14 février 2025 rapportant un décret de naturalisation (Accès protégé);JORFTEXT000051171648
2025-02-16;0040;portant_naturalisation;INTN2503829D;"Décret du 13 février 2025 portant naturalisation, réintégration, mention d'enfants mineurs bénéficiant de l'effet collectif attaché à l'acquisition de la nationalité française par leurs parents et francisation de noms et de prénoms (Accès protégé)";JORFTEXT000051171639
2025-02-12;0036;portant_naturalisation;INTN2503364D;"Décret du 10 février 2025 portant naturalisation, réintégration, mention d'enfants mineurs bénéficiant de l'effet collectif attaché à l'acquisition de la nationalité française par leurs parents et francisation de noms et de prénoms (Accès protégé)";JORFTEXT000051154708
2025-02-09;0034;rapportant;INTN2433838D;Décret du 7 février 2025 rapportant un décret de naturalisation (Accès protégé);JORFTEXT000051146664
2025-02-08;0033;rapportant;INTN2500172D;Décret du 6 février 2025 rapportant un décret de naturalisation (Accès protégé);JORFTEXT000051145180
2025-02-08;0033;rapportant;INTN2500425D;Décret du 6 février 2025 rapportant un décret de naturalisation (Accès protégé);JORFTEXT000051145183
2025-02-08;0033;portant_naturalisation;INTN2503202D;"Décret du 5 février 2025 portant naturalisation, réintégration, mention d'enfants mineurs bénéficiant de l'effet collectif attaché à l'acquisition de la nationalité française par leurs parents, francisation de noms et de prénoms et libération de l'allégeance française (Accès protégé)";JORFTEXT000051145177
2025-02-07;0032;rapportant;INTN2435416D;Décret du 5 février 2025 rapportant un décret de naturalisation (Accès protégé);JORFTEXT000051142818
2025-02-07;0032;rapportant;INTN2500426D;Décret du 5 février 2025 rapportant un décret de naturalisation (Accès protégé);JORFTEXT000051142821
2025-02-05;0030;rapportant;INTN2434896D;Décret du 31 janvier 2025 rapportant un décret de naturalisation (Accès protégé);JORFTEXT000051133665
2025-02-05;0030;portant_naturalisation;INTN2502460D;"Décret du 31 janvier 2025 portant naturalisation, réintégration, mention d'enfants mineurs bénéficiant de l'effet collectif attaché à l'acquisition de la nationalité française par leurs parents, francisation de noms et de prénoms et libération de l'allégeance française (Accès protégé)";JORFTEXT000051133662
2025-02-05;0030;rapportant;INTN2434045D;Décret du 3 février 2025 rapportant un décret de naturalisation (Accès protégé);JORFTEXT000051133668
2025-02-02;0028;rapportant;INTN2434298D;Décret du 31 janvier 2025 rapportant un décret de naturalisation (Accès protégé);JORFTEXT000051108233
2025-02-02;0028;portant_naturalisation;INTN2502340D;"Décret du 31 janvier 2025 portant naturalisation, réintégration, mention d'enfants mineurs bénéficiant de l'effet collectif attaché à l'acquisition de la nationalité française par leurs parents et francisation de noms et de prénoms (Accès protégé)";JORFTEXT000051108230
2025-01-30;0025;rapportant;INTN2433770D;Décret du 28 janvier 2025 rapportant un décret de naturalisation (Accès protégé);JORFTEXT000051059639
2025-01-30;0025;portant_naturalisation;INTN2501725D;"Décret du 29 janvier 2025 portant naturalisation, réintégration, mention d'enfants mineurs bénéficiant de l'effet collectif attaché à l'acquisition de la nationalité française par leurs parents et francisation de noms et de prénoms (Accès protégé)";JORFTEXT000051059645
2025-01-24;0020;portant_naturalisation;INTN2501481D;"Décret du 22 janvier 2025 portant naturalisation, réintégration, mention d'enfants mineurs bénéficiant de l'effet collectif attaché à l'acquisition de la nationalité française par leurs parents, francisation de noms et de prénoms et libération de l'allégeance française (Accès protégé)";JORFTEXT000051023227
2025-01-24;0020;rapportant;INTN2433471D;Décret du 22 janvier 2025 rapportant un décret de naturalisation (Accès protégé);JORFTEXT000051023236
2025-01-24;0020;rapportant;INTN2433433D;Décret du 22 janvier 2025 rapportant un décret de naturalisation (Accès protégé);JORFTEXT000051023230
2025-01-24;0020;rapportant;INTN2433456D;Décret du 22 janvier 2025 rapportant un décret de naturalisation (Accès protégé);JORFTEXT000051023233
2025-01-23;0019;rapportant;INTN2432728D;Décret du 21 janvier 2025 rapportant un décret de naturalisation (Accès protégé);JORFTEXT000051021112
2025-01-23;0019;rapportant;INTN2433309D;Décret du 21 janvier 2025 rapportant un décret de naturalisation (Accès protégé);JORFTEXT000051021115
2025-01-22;0018;portant_naturalisation;INTN2500852D;"Décret du 17 janvier 2025 portant naturalisation, réintégration, mention d'enfants mineurs bénéficiant de l'effet collectif attaché à l'acquisition de la nationalité française par leurs parents et francisation de noms et de prénoms (Accès protégé)";JORFTEXT000051018635
2025-01-19;0016;rapportant;INTN2431790D;Décret du 17 janvier 2025 rapportant un décret de naturalisation (Accès protégé);JORFTEXT000050999866
2025-01-19;0016;rapportant;INTN2431870D;Décret du 17 janvier 2025 rapportant un décret de naturalisation (Accès protégé);JORFTEXT000050999869
2025-01-18;0015;rapportant;INTN2432467D;Décret du 17 janvier 2025 rapportant un décret de naturalisation (Accès protégé);JORFTEXT000050998791
2025-01-18;0015;portant_naturalisation;INTN2500877D;"Décret du 17 janvier 2025 portant naturalisation, réintégration, mention d'enfants mineurs bénéficiant de l'effet collectif attaché à l'acquisition de la nationalité française par leurs parents, francisation de noms et de prénoms et libération de l'allégeance française (Accès protégé)";JORFTEXT000050998788
2025-01-15;0012;portant_naturalisation;INTN2500062D;"Décret du 14 janvier 2025 portant naturalisation, réintégration, mention d'enfants mineurs bénéficiant de l'effet collectif attaché à l'acquisition de la nationalité française par leurs parents et francisation de noms et de prénoms (Accès protégé)";JORFTEXT000050976832
2025-01-08;0006;portant_naturalisation;INTN2432335D;"Décret du 6 janvier 2025 portant naturalisation, réintégration, mention d'enfants mineurs bénéficiant de l'effet collectif attaché à l'acquisition de la nationalité française par leurs parents, francisation de noms et de prénoms et libération de l'allégeance française (Accès protégé)";JORFTEXT000050957746
2025-01-08;0006;portant_naturalisation;INTN2431520D;"Décret du 6 janvier 2025 portant naturalisation, réintégration, mention d'enfants mineurs bénéficiant de l'effet collectif attaché à l'acquisition de la nationalité française par leurs parents et francisation de noms et de prénoms (Accès protégé)";JORFTEXT000050957743
2025-01-08;0006;portant_naturalisation;INTN2432377D;"Décret du 6 janvier 2025 portant naturalisation, réintégration, mention d'enfants mineurs bénéficiant de l'effet collectif attaché à l'acquisition de la nationalité française par leurs parents et francisation de noms et de prénoms (Accès protégé)";JORFTEXT000050957749
2025-01-08;0006;portant_naturalisation;INTN2433296D;"Décret du 3 janvier 2025 portant naturalisation, réintégration, mention d'enfants mineurs bénéficiant de l'effet collectif attaché à l'acquisition de la nationalité française par leurs parents, francisation de noms et de prénoms et libération de l'allégeance française (Accès protégé)";JORFTEXT000050957719
2025-01-08;0006;portant_naturalisation;INTN2429062D;"Décret du 6 janvier 2025 portant naturalisation, réintégration, mention d'enfants mineurs bénéficiant de l'effet collectif attaché à l'acquisition de la nationalité française par leurs parents et francisation de noms et de prénoms (Accès protégé)";JORFTEXT000050957731
2025-01-08;0006;portant_naturalisation;INTN2428064D;"Décret du 6 janvier 2025 portant naturalisation, réintégration, mention d'enfants mineurs bénéficiant de l'effet collectif attaché à l'acquisition de la nationalité française par leurs parents, francisation de noms et de prénoms et libération de l'allégeance française (Accès protégé)";JORFTEXT000050957728
2025-01-08;0006;portant_naturalisation;INTN2430753D;"Décret du 7 janvier 2025 portant naturalisation, réintégration, mention d'enfants mineurs bénéficiant de l'effet collectif attaché à l'acquisition de la nationalité française par leurs parents et francisation de noms et de prénoms (Accès protégé)";JORFTEXT000050957755
2025-01-08;0006;portant_naturalisation;INTN2428849D;"Décret du 7 janvier 2025 portant naturalisation, réintégration, mention d'enfants mineurs bénéficiant de l'effet collectif attaché à l'acquisition de la nationalité française par leurs parents, francisation de noms et de prénoms et libération de l'allégeance française (Accès protégé)";JORFTEXT000050957752
2025-01-08;0006;portant_naturalisation;INTN2429065D;"Décret du 6 janvier 2025 portant naturalisation, réintégration, mention d'enfants mineurs bénéficiant de l'effet collectif attaché à l'acquisition de la nationalité française par leurs parents et francisation de noms et de prénoms (Accès protégé)";JORFTEXT000050957734
2025-01-08;0006;rapportant;INTN2431553D;Décret du 3 janvier 2025 rapportant un décret de naturalisation et d'autorisation à franciser un prénom (Accès protégé);JORFTEXT000050957722
2025-01-08;0006;portant_naturalisation;INTN2429459D;"Décret du 6 janvier 2025 portant naturalisation, réintégration, mention d'enfants mineurs bénéficiant de l'effet collectif attaché à l'acquisition de la nationalité française par leurs parents, francisation de noms et de prénoms et libération de l'allégeance française (Accès protégé)";JORFTEXT000050957737
2025-01-08;0006;portant_naturalisation;INTN2435279D;"Décret du 7 janvier 2025 portant naturalisation, réintégration, mention d'enfants mineurs bénéficiant de l'effet collectif attaché à l'acquisition de la nationalité française par leurs parents et francisation de noms et de prénoms (Accès protégé)";JORFTEXT000050957761
2025-01-08;0006;portant_naturalisation;INTN2430174D;"Décret du 6 janvier 2025 portant naturalisation, réintégration, mention d'enfants mineurs bénéficiant de l'effet collectif attaché à l'acquisition de la nationalité française par leurs parents et francisation de noms et de prénoms (Accès protégé)";JORFTEXT000050957740
2025-01-08;0006;portant_naturalisation;INTN2433317D;"Décret du 7 janvier 2025 portant naturalisation, réintégration, mention d'enfants mineurs bénéficiant de l'effet collectif attaché à l'acquisition de la nationalité française par leurs parents et francisation de noms et de prénoms (Accès protégé)";JORFTEXT000050957758
2025-01-08;0006;portant_naturalisation;INTN2427956D;"Décret du 6 janvier 2025 portant naturalisation, réintégration, mention d'enfants mineurs bénéficiant de l'effet collectif attaché à l'acquisition de la nationalité française par leurs parents et francisation de noms et de prénoms (Accès protégé)";JORFTEXT000050957725
2025-01-05;0004;modificatif;INTN2434806D;"Décret modificatif du 3 janvier 2025 de décrets portant naturalisation, réintégration, mention d'enfants mineurs bénéficiant de l'effet collectif attaché à l'acquisition de la nationalité française par leurs parents et francisation de noms et prénoms (Accès protégé)";JORFTEXT000050950038
2025-01-05;0004;portant_naturalisation;INTN2434025D;"Décret du 3 janvier 2025 portant naturalisation, réintégration, mention d'enfants mineurs bénéficiant de l'effet collectif attaché à l'acquisition de la nationalité française par leurs parents et francisation de noms et de prénoms (Accès protégé)";JORFTEXT000050950032
2025-01-05;0004;portant_naturalisation;INTN2434804D;"Décret du 3 janvier 2025 portant naturalisation, réintégration, mention d'enfants mineurs bénéficiant de l'effet collectif attaché à l'acquisition de la nationalité française par leurs parents et francisation de noms et de prénoms (Accès protégé)";JORFTEXT000050950035
2025-01-05;0004;portant_naturalisation;INTN2433961D;"Décret du 3 janvier 2025 portant naturalisation, réintégration, mention d'enfants mineurs bénéficiant de l'effet collectif attaché à l'acquisition de la nationalité française par leurs parents, francisation de noms et de prénoms et libération de l'allégeance française (Accès protégé)";JORFTEXT000050950029
2024-12-31;0309;portant_naturalisation;INTN2434711D;"Décret du 27 décembre 2024 portant naturalisation, réintégration, mention d'enfants mineurs bénéficiant de l'effet collectif attaché à l'acquisition de la nationalité française par leurs parents, francisation de noms et de prénoms et libération de l'allégeance française (Accès protégé)";JORFTEXT000050874306
2024-12-29;0308;rapportant;INTN2430741D;Décret du 27 décembre 2024 rapportant un décret de naturalisation (Accès protégé);JORFTEXT000050855357
2024-12-29;0308;rapportant;INTN2430098D;Décret du 27 décembre 2024 rapportant un décret de naturalisation (Accès protégé);JORFTEXT000050855354
2024-12-28;0307;rapportant;INTN2430688D;Décret du 26 décembre 2024 rapportant un décret de naturalisation (Accès protégé);JORFTEXT000050853670
2024-12-28;0307;rapportant;INTN2431139D;Décret du 26 décembre 2024 rapportant un décret de naturalisation (Accès protégé);JORFTEXT000050853676
2024-12-28;0307;modificatif;INTN2431254D;"Décret modificatif du 27 décembre 2024 de décrets portant naturalisation, réintégration, mention d'enfants mineurs bénéficiant de l'effet collectif attaché à l'acquisition de la nationalité française par leurs parents et francisation de noms et prénoms (Accès protégé)";JORFTEXT000050853679
2024-12-28;0307;rapportant;INTN2430965D;Décret du 26 décembre 2024 rapportant un décret de naturalisation (Accès protégé);JORFTEXT000050853673
2024-12-20;0301;rapportant;INTN2430071D;Décret du 18 décembre 2024 rapportant un décret de naturalisation (Accès protégé);JORFTEXT000050798781
2024-12-12;0293;rapportant;INTN2428965D;Décret du 11 décembre 2024 rapportant un décret de naturalisation (Accès protégé);JORFTEXT000050768466
2024-12-11;0292;rapportant;INTN2428973D;Décret du 9 décembre 2024 rapportant un décret de naturalisation (Accès protégé);JORFTEXT000050764619
2024-12-11;0292;rapportant;INTN2428981D;Décret du 9 décembre 2024 rapportant un décret de naturalisation (Accès protégé);JORFTEXT000050764622
2024-12-06;0288;rapportant;INTN2428960D;Décret du 4 décembre 2024 rapportant un décret de naturalisation (Accès protégé);JORFTEXT000050749935
2024-12-05;0287;rapportant;INTN2428723D;Décret du 4 décembre 2024 rapportant un décret de naturalisation (Accès protégé);JORFTEXT000050734488
2024-12-05;0287;rectificatif;INTN2430870D;"Décret du 3 décembre 2024 portant rectification de décrets de naturalisation, réintégration, libération des liens d'allégeance à l'égard de la France et francisation de noms et prénoms (Accès protégé)";JORFTEXT000050734485
2024-12-04;0286;modificatif;INTN2430987D;"Décret modificatif du 3 décembre 2024 de décrets portant naturalisation, réintégration, mention d'enfants mineurs bénéficiant de l'effet collectif attaché à l'acquisition de la nationalité française par leurs parents et francisation de noms et prénoms (Accès protégé)";JORFTEXT000050716809
2024-12-01;0284;portant_naturalisation;INTN2429954D;"Décret du 29 novembre 2024 portant naturalisation, réintégration, mention d'enfants mineurs bénéficiant de l'effet collectif attaché à l'acquisition de la nationalité française par leurs parents, francisation de noms et de prénoms et libération de l'allégeance française (Accès protégé)";JORFTEXT000050691149
2024-11-30;0283;rapportant;INTN2427412D;Décret du 28 novembre 2024 rapportant un décret de naturalisation (Accès protégé);JORFTEXT000050686489
2024-11-29;0282;portant_naturalisation;INTN2430707D;"Décret du 28 novembre 2024 portant naturalisation, réintégration, mention d'enfants mineurs bénéficiant de l'effet collectif attaché à l'acquisition de la nationalité française par leurs parents, francisation de noms et de prénoms et libération de l'allégeance française (Accès protégé)";JORFTEXT000050675647
2024-11-27;0280;portant_naturalisation;INTN2431531D;"Décret du 26 novembre 2024 portant naturalisation, réintégration, mention d'enfants mineurs bénéficiant de l'effet collectif attaché à l'acquisition de la nationalité française par leurs parents, francisation de noms et de prénoms et libération de l'allégeance française (Accès protégé)";JORFTEXT000050663982
2024-11-22;0276;rapportant;INTN2426807D;Décret du 20 novembre 2024 rapportant un décret de naturalisation (Accès protégé);JORFTEXT000050652911
2024-11-22;0276;rapportant;INTN2426941D;Décret du 20 novembre 2024 rapportant un décret de naturalisation (Accès protégé);JORFTEXT000050652914
2024-11-22;0276;rapportant;INTN2427399D;Décret du 20 novembre 2024 rapportant un décret de naturalisation (Accès protégé);JORFTEXT000050652917
2024-11-20;0274;rapportant;INTN2426858D;Décret du 18 novembre 2024 rapportant un décret de naturalisation (Accès protégé);JORFTEXT000050613768
2024-11-16;0271;portant_naturalisation;ARMH2430445D;Décret du 14 novembre 2024 portant naturalisation (Accès protégé);JORFTEXT000050501288
2024-11-09;0266;rapportant;INTN2424405D;Décret du 7 novembre 2024 rapportant un décret de naturalisation (Accès protégé);JORFTEXT000050478717
2024-11-08;0265;rapportant;INTN2425544D;Décret du 6 novembre 2024 rapportant un décret de naturalisation (Accès protégé);JORFTEXT000050475969
2024-11-08;0265;rapportant;INTN2425861D;Décret du 5 novembre 2024 rapportant un décret de naturalisation (Accès protégé);JORFTEXT000050475963
2024-11-06;0263;rapportant;INTN2426778D;Décret du 4 novembre 2024 rapportant un décret de naturalisation (Accès protégé);JORFTEXT000050455264
2024-11-03;0261;modificatif;INTN2428350D;"Décret modificatif du 31 octobre 2024 de décrets portant naturalisation, réintégration, mention d'enfants mineurs bénéficiant de l'effet collectif attaché à l'acquisition de la nationalité française par leurs parents et francisation de noms et prénoms (Accès protégé)";JORFTEXT000050429857
2024-11-01;0260;rapportant;INTN2425299D;Décret du 31 octobre 2024 rapportant un décret de naturalisation (Accès protégé);JORFTEXT000050429163
2024-11-01;0260;rapportant;INTN2424849D;Décret du 31 octobre 2024 rapportant un décret de naturalisation (Accès protégé);JORFTEXT000050429160
2024-11-01;0260;rapportant;INTN2423844D;Décret du 31 octobre 2024 rapportant un décret de naturalisation (Accès protégé);JORFTEXT000050429157
2024-10-30;0258;portant_naturalisation;INTN2426399D;"Décret du 28 octobre 2024 portant naturalisation, réintégration, mention d'enfants mineurs bénéficiant de l'effet collectif attaché à l'acquisition de la nationalité française par leurs parents, francisation de noms et de prénoms et libération de l'allégeance française (Accès protégé)";JORFTEXT000050407591
2024-10-30;0258;portant_naturalisation;INTN2427301D;"Décret du 28 octobre 2024 portant naturalisation, réintégration, mention d'enfants mineurs bénéficiant de l'effet collectif attaché à l'acquisition de la nationalité française par leurs parents et francisation de noms et de prénoms (Accès protégé)";JORFTEXT000050407597
2024-10-30;0258;portant_naturalisation;INTN2427181D;"Décret du 28 octobre 2024 portant naturalisation, réintégration, mention d'enfants mineurs bénéficiant de l'effet collectif attaché à l'acquisition de la nationalité française par leurs parents, francisation de noms et de prénoms et libération de l'allégeance française (Accès protégé)";JORFTEXT000050407594
2024-10-30;0258;rectificatif;INTN2427332D;"Décret du 28 octobre 2024 portant rectification de décrets de naturalisation, réintégration, libération des liens d'allégeance à l'égard de la France et francisation de noms et prénoms (Accès protégé)";JORFTEXT000050407600
2024-10-30;0258;rapportant;INTN2423830D;Décret du 28 octobre 2024 rapportant un décret de naturalisation (Accès protégé);JORFTEXT000050407603
2024-10-25;0254;rapportant;INTN2423742D;Décret du 23 octobre 2024 rapportant un décret de naturalisation (Accès protégé);JORFTEXT000050395995
2024-10-18;0248;portant_naturalisation;INTN2425618D;"Décret du 16 octobre 2024 portant naturalisation, réintégration, mention d'enfants mineurs bénéficiant de l'effet collectif attaché à l'acquisition de la nationalité française par leurs parents et francisation de noms et de prénoms (Accès protégé)";JORFTEXT000050363857
2024-10-17;0247;portant_naturalisation;INTN2426510D;"Décret du 16 octobre 2024 portant naturalisation, réintégration, mention d'enfants mineurs bénéficiant de l'effet collectif attaché à l'acquisition de la nationalité française par leurs parents et francisation de noms et de prénoms (Accès protégé)";JORFTEXT000050354639
2024-10-11;0242;rapportant;INTN2423575D;Décret du 9 octobre 2024 rapportant un décret de naturalisation (Accès protégé);JORFTEXT000050330846
2024-10-11;0242;rapportant;INTN2423107D;Décret du 9 octobre 2024 rapportant un décret de naturalisation (Accès protégé);JORFTEXT000050330843
2024-10-11;0242;rapportant;INTN2423058D;Décret du 9 octobre 2024 rapportant un décret de naturalisation (Accès protégé);JORFTEXT000050330840
2024-10-11;0242;portant_naturalisation;INTN2425675D;"Décret du 9 octobre 2024 portant naturalisation, réintégration, mention d'enfants mineurs bénéficiant de l'effet collectif attaché à l'acquisition de la nationalité française par leurs parents et francisation de noms et de prénoms (Accès protégé)";JORFTEXT000050330834
2024-10-06;0238;portant_naturalisation;INTN2423447D;"Décret du 4 octobre 2024 portant naturalisation, réintégration, mention d'enfants mineurs bénéficiant de l'effet collectif attaché à l'acquisition de la nationalité française par leurs parents et francisation de noms et de prénoms (Accès protégé)";JORFTEXT000050310770
2024-10-06;0238;rapportant;INTN2420895D;Décret du 4 octobre 2024 rapportant un décret de naturalisation (Accès protégé);JORFTEXT000050310788
2024-10-06;0238;portant_naturalisation;INTN2424844D;"Décret du 4 octobre 2024 portant naturalisation, réintégration, mention d'enfants mineurs bénéficiant de l'effet collectif attaché à l'acquisition de la nationalité française par leurs parents et francisation de noms et de prénoms (Accès protégé)";JORFTEXT000050310779
2024-10-06;0238;rapportant;INTN2419589D;Décret du 4 octobre 2024 rapportant un décret de naturalisation (Accès protégé);JORFTEXT000050310782
2024-10-06;0238;rapportant;INTN2422361D;Décret du 4 octobre 2024 rapportant un décret de naturalisation (Accès protégé);JORFTEXT000050310794
2024-10-06;0238;portant_naturalisation;INTN2424762D;"Décret du 4 octobre 2024 portant naturalisation, réintégration, mention d'enfants mineurs bénéficiant de l'effet collectif attaché à l'acquisition de la nationalité française par leurs parents et francisation de noms et de prénoms (Accès protégé)";JORFTEXT000050310776
2024-10-06;0238;rapportant;INTN2422121D;Décret du 4 octobre 2024 rapportant un décret de naturalisation (Accès protégé);JORFTEXT000050310791
2024-10-06;0238;modificatif;INTN2424673D;"Décret du 4 octobre 2024 modificatif de décrets portant naturalisation, réintégration, mention d'enfants mineurs bénéficiant de l'effet collectif attaché à l'acquisition de la nationalité française par leurs parents et francisation de noms et prénoms (Accès protégé)";JORFTEXT000050310773
2024-10-06;0238;modificatif;INTN2423367D;"Décret du 4 octobre 2024 modificatif de décrets portant naturalisation, réintégration, mention d'enfants mineurs bénéficiant de l'effet collectif attaché à l'acquisition de la nationalité française par leurs parents et francisation de noms et prénoms (Accès protégé)";JORFTEXT000050310767
2024-10-05;0237;portant_naturalisation;INTN2423481D;"Décret du 3 octobre 2024 portant naturalisation, réintégration, mention d'enfants mineurs bénéficiant de l'effet collectif attaché à l'acquisition de la nationalité française par leurs parents, francisation de noms et de prénoms et libération de l'allégeance française (Accès protégé)";JORFTEXT000050309924
2024-10-04;0236;rapportant;INTN2422123D;Décret du 2 octobre 2024 rapportant un décret de naturalisation (Accès protégé);JORFTEXT000050305139
2024-10-03;0235;rapportant;INTN2421478D;Décret du 1er octobre 2024 rapportant un décret de naturalisation (Accès protégé);JORFTEXT000050302097
2024-10-02;0234;portant_naturalisation;INTN2424157D;"Décret du 30 septembre 2024 portant naturalisation, réintégration, mention d'enfants mineurs bénéficiant de l'effet collectif attaché à l'acquisition de la nationalité française par leurs parents et francisation de noms et de prénoms (Accès protégé)";JORFTEXT000050295292
2024-10-02;0234;portant_naturalisation;INTN2423209D;"Décret du 30 septembre 2024 portant naturalisation, réintégration, mention d'enfants mineurs bénéficiant de l'effet collectif attaché à l'acquisition de la nationalité française par leurs parents et francisation de noms et de prénoms (Accès protégé)";JORFTEXT000050295286
2024-10-02;0234;portant_naturalisation;INTN2424126D;"Décret du 30 septembre 2024 portant naturalisation, réintégration, mention d'enfants mineurs bénéficiant de l'effet collectif attaché à l'acquisition de la nationalité française par leurs parents et francisation de noms et de prénoms (Accès protégé)";JORFTEXT000050295289
2024-09-29;0232;rapportant;INTN2419292D;Décret du 27 septembre 2024 rapportant un décret de naturalisation (Accès protégé);JORFTEXT000050279863
2024-09-29;0232;rapportant;INTN2419567D;Décret du 27 septembre 2024 rapportant un décret de naturalisation (Accès protégé);JORFTEXT000050279866
2024-09-22;0226;rapportant;IOMN2420517D;Décret du 20 septembre 2024 rapportant un décret de naturalisation (Accès protégé);JORFTEXT000050246365
2024-09-22;0226;rapportant;IOMN2418695D;Décret du 20 septembre 2024 rapportant un décret de naturalisation (Accès protégé);JORFTEXT000050246362
2024-09-21;0225;rapportant;IOMN2421233D;Décret du 20 septembre 2024 rapportant un décret de naturalisation (Accès protégé);JORFTEXT000050245708
2024-09-05;0211;portant_naturalisation;IOMN2422920D;"Décret du 4 septembre 2024 portant naturalisation, réintégration, mention d'enfants mineurs bénéficiant de l'effet collectif attaché à l'acquisition de la nationalité française par leurs parents, francisation de noms et de prénoms et libération de l'allégeance française (Accès protégé)";JORFTEXT000050179470
2024-09-04;0210;portant_naturalisation;IOMN2422771D;"Décret du 2 septembre 2024 portant naturalisation, réintégration, mention d'enfants mineurs bénéficiant de l'effet collectif attaché à l'acquisition de la nationalité française par leurs parents, francisation de noms et de prénoms et libération de l'allégeance française (Accès protégé)";JORFTEXT000050175044
2024-08-31;0207;portant_naturalisation;IOMN2422664D;"Décret du 29 août 2024 portant naturalisation, réintégration, mention d'enfants mineurs bénéficiant de l'effet collectif attaché à l'acquisition de la nationalité française par leurs parents et francisation de noms et de prénoms (Accès protégé)";JORFTEXT000050151441
2024-08-28;0204;portant_naturalisation;IOMN2422231D;"Décret du 26 août 2024 portant naturalisation, réintégration, mention d'enfants mineurs bénéficiant de l'effet collectif attaché à l'acquisition de la nationalité française par leurs parents, francisation de noms et de prénoms et libération de l'allégeance française (Accès protégé)";JORFTEXT000050143487
2024-08-28;0204;portant_naturalisation;IOMN2422486D;"Décret du 27 août 2024 portant naturalisation, réintégration, mention d'enfants mineurs bénéficiant de l'effet collectif attaché à l'acquisition de la nationalité française par leurs parents et francisation de noms et de prénoms (Accès protégé)";JORFTEXT000050143496
2024-08-28;0204;rapportant;IOMN2417858D;Décret du 26 août 2024 rapportant un décret de naturalisation (Accès protégé);JORFTEXT000050143493
2024-08-24;0201;portant_naturalisation;IOMN2421548D;"Décret du 22 août 2024 portant naturalisation, réintégration, mention d'enfants mineurs bénéficiant de l'effet collectif attaché à l'acquisition de la nationalité française par leurs parents et francisation de noms et de prénoms (Accès protégé)";JORFTEXT000050133982
2024-08-24;0201;portant_naturalisation;IOMN2421607D;"Décret du 22 août 2024 portant naturalisation, réintégration, mention d'enfants mineurs bénéficiant de l'effet collectif attaché à l'acquisition de la nationalité française par leurs parents, francisation de noms et de prénoms et libération de l'allégeance française (Accès protégé)";JORFTEXT000050133985
2024-08-23;0200;portant_naturalisation;IOMN2422132D;"Décret du 22 août 2024 portant naturalisation, réintégration, mention d'enfants mineurs bénéficiant de l'effet collectif attaché à l'acquisition de la nationalité française par leurs parents et francisation de noms et de prénoms (Accès protégé)";JORFTEXT000050131271
2024-08-22;0199;rapportant;IOMN2417358D;Décret du 20 août 2024 rapportant un décret de naturalisation (Accès protégé);JORFTEXT000050126352
2024-08-10;0190;rapportant;IOMN2415406D;Décret du 31 juillet 2024 rapportant un décret de naturalisation (Accès protégé);JORFTEXT000050085580
2024-08-08;0188;rapportant;IOMN2417363D;Décret du 6 août 2024 rapportant un décret de naturalisation (Accès protégé);JORFTEXT000050081278
2024-08-08;0188;portant_naturalisation;IOMN2421010D;"Décret du 6 août 2024 portant naturalisation, réintégration, mention d'enfants mineurs bénéficiant de l'effet collectif attaché à l'acquisition de la nationalité française par leurs parents, francisation de noms et de prénoms et libération de l'allégeance française (Accès protégé)";JORFTEXT000050081275
2024-08-07;0187;portant_naturalisation;IOMN2420890D;"Décret du 5 août 2024 portant naturalisation, réintégration, mention d'enfants mineurs bénéficiant de l'effet collectif attaché à l'acquisition de la nationalité française par leurs parents et francisation de noms et de prénoms (Accès protégé)";JORFTEXT000050079259
2024-08-07;0187;rapportant;IOMN2417157D;Décret du 5 août 2024 rapportant un décret de naturalisation (Accès protégé);JORFTEXT000050079271
2024-08-07;0187;rapportant;IOMN2416511D;Décret du 5 août 2024 rapportant un décret de naturalisation (Accès protégé);JORFTEXT000050079268
2024-08-07;0187;rapportant;IOMN2416507D;Décret du 5 août 2024 rapportant un décret de naturalisation (Accès protégé);JORFTEXT000050079265
2024-08-02;0183;rapportant;IOMN2415504D;Décret du 31 juillet 2024 rapportant un décret de naturalisation (Accès protégé);JORFTEXT000050067388
2024-08-02;0183;modificatif;IOMN2420466D;"Décret du 29 juillet 2024 modificatif de décrets portant naturalisation, réintégration, mention d'enfants mineurs bénéficiant de l'effet collectif attaché à l'acquisition de la nationalité française par leurs parents et francisation de noms et prénoms (Accès protégé)";JORFTEXT000050067379
2024-08-02;0183;rapportant;IOMN2415036D;Décret du 31 juillet 2024 rapportant un décret de naturalisation (Accès protégé);JORFTEXT000050067385
2024-07-31;0181;rapportant;IOMN2415477D;Décret du 29 juillet 2024 rapportant un décret de naturalisation (Accès protégé);JORFTEXT000050060607
2024-07-28;0179;portant_naturalisation;IOMN2420471D;"Décret du 26 juillet 2024 portant naturalisation, réintégration, mention d'enfants mineurs bénéficiant de l'effet collectif attaché à l'acquisition de la nationalité française par leurs parents, francisation de noms et de prénoms et libération de l'allégeance française (Accès protégé)";JORFTEXT000050055683
2024-07-28;0179;modificatif;IOMN2418330D;"Décret modificatif du 26 juillet 2024 de décrets portant naturalisation, réintégration, mention d'enfants mineurs bénéficiant de l'effet collectif attaché à l'acquisition de la nationalité française par leurs parents et francisation de noms et prénoms (Accès protégé)";JORFTEXT000050055680
2024-07-27;0178;portant_naturalisation;IOMN2420366D;"Décret du 26 juillet 2024 portant naturalisation, réintégration, mention d'enfants mineurs bénéficiant de l'effet collectif attaché à l'acquisition de la nationalité française par leurs parents et francisation de noms et de prénoms (Accès protégé)";JORFTEXT000050055154
2024-07-26;0177;portant_naturalisation;IOMN2417173D;"Décret du 24 juillet 2024 portant naturalisation, réintégration, mention d'enfants mineurs bénéficiant de l'effet collectif attaché à l'acquisition de la nationalité française par leurs parents et francisation de noms et de prénoms (Accès protégé)";JORFTEXT000050052754
2024-07-26;0177;rapportant;IOMN2415546D;Décret du 24 juillet 2024 rapportant un décret de naturalisation (Accès protégé);JORFTEXT000050052757
2024-07-24;0175;portant_naturalisation;IOMN2419557D;"Décret du 23 juillet 2024 portant naturalisation, réintégration, mention d'enfants mineurs bénéficiant de l'effet collectif attaché à l'acquisition de la nationalité française par leurs parents, francisation de noms et de prénoms et libération de l'allégeance française (Accès protégé)";JORFTEXT000050046914
2024-07-24;0175;portant_naturalisation;IOMN2419530D;"Décret du 23 juillet 2024 portant naturalisation, réintégration, mention d'enfants mineurs bénéficiant de l'effet collectif attaché à l'acquisition de la nationalité française par leurs parents et francisation de noms et de prénoms (Accès protégé)";JORFTEXT000050046911
2024-07-17;0169;portant_naturalisation;IOMN2418824D;"Décret du 16 juillet 2024 portant naturalisation, réintégration, mention d'enfants mineurs bénéficiant de l'effet collectif attaché à l'acquisition de la nationalité française par leurs parents, francisation de noms et de prénoms et libération de l'allégeance française (Accès protégé)";JORFTEXT000050003088
2024-07-17;0169;portant_naturalisation;IOMN2418850D;"Décret du 16 juillet 2024 portant naturalisation, réintégration, mention d'enfants mineurs bénéficiant de l'effet collectif attaché à l'acquisition de la nationalité française par leurs parents et francisation de noms et de prénoms (Accès protégé)";JORFTEXT000050003091
2024-07-14;0167;rapportant;IOMN2416576D;Décret du 12 juillet 2024 rapportant un décret de naturalisation (Accès protégé);JORFTEXT000049964954
2024-07-14;0167;rapportant;IOMN2413444D;Décret du 12 juillet 2024 rapportant un décret de naturalisation (Accès protégé);JORFTEXT000049964951
2024-07-14;0167;rapportant;IOMN2413024D;Décret du 12 juillet 2024 rapportant un décret de naturalisation (Accès protégé);JORFTEXT000049964948
2024-07-12;0165;rapportant;IOMN2413151D;Décret du 10 juillet 2024 rapportant un décret de naturalisation (Accès protégé);JORFTEXT000049951114
2024-07-10;0163;portant_naturalisation;IOMN2418077D;"Décret du 9 juillet 2024 portant naturalisation, réintégration, mention d'enfants mineurs bénéficiant de l'effet collectif attaché à l'acquisition de la nationalité française par leurs parents et francisation de noms et de prénoms (Accès protégé)";JORFTEXT000049928516
2024-07-09;0162;rapportant;IOMN2412272D;Décret du 8 juillet 2024 rapportant un décret de naturalisation (Accès protégé);JORFTEXT000049910331
2024-07-07;0160;portant_naturalisation;IOMN2417941D;"Décret du 5 juillet 2024 portant naturalisation, réintégration, mention d'enfants mineurs bénéficiant de l'effet collectif attaché à l'acquisition de la nationalité française par leurs parents, francisation de noms et de prénoms et libération de l'allégeance française (Accès protégé)";JORFTEXT000049894542
2024-07-06;0159;rectificatif;IOMN2416735D;"Décret du 4 juillet 2024 portant rectification de décrets de naturalisation, réintégration, libération des liens d'allégeance à l'égard de la France et francisation de noms et prénoms (Accès protégé)";JORFTEXT000049890732
2024-07-06;0159;portant_naturalisation;IOMN2416286D;"Décret du 4 juillet 2024 portant naturalisation, réintégration, mention d'enfants mineurs bénéficiant de l'effet collectif attaché à l'acquisition de la nationalité française par leurs parents et francisation de noms et de prénoms (Accès protégé)";JORFTEXT000049890726
2024-07-06;0159;modificatif;IOMN2416497D;"Décret modificatif du 4 juillet 2024 de décrets portant naturalisation, réintégration, mention d'enfants mineurs bénéficiant de l'effet collectif attaché à l'acquisition de la nationalité française par leurs parents et francisation de noms et prénoms (Accès protégé)";JORFTEXT000049890729
2024-07-05;0158;portant_naturalisation;IOMN2416746D;"Décret du 3 juillet 2024 portant naturalisation, réintégration, mention d'enfants mineurs bénéficiant de l'effet collectif attaché à l'acquisition de la nationalité française par leurs parents, francisation de noms et de prénoms et libération de l'allégeance française (Accès protégé)";JORFTEXT000049881086
2024-07-04;0157;rapportant;IOMN2411602D;Décret du 2 juillet 2024 rapportant un décret de naturalisation (Accès protégé);JORFTEXT000049871968
2024-07-04;0157;portant_naturalisation;IOMN2415938D;"Décret du 2 juillet 2024 portant naturalisation, réintégration, mention d'enfants mineurs bénéficiant de l'effet collectif attaché à l'acquisition de la nationalité française par leurs parents, francisation de noms et de prénoms et libération de l'allégeance française (Accès protégé)";JORFTEXT000049871965
2024-06-27;0150;portant_naturalisation;IOMN2415515D;"Décret du 25 juin 2024 portant naturalisation, réintégration, mention d'enfants mineurs bénéficiant de l'effet collectif attaché à l'acquisition de la nationalité française par leurs parents et francisation de noms et de prénoms (Accès protégé)";JORFTEXT000049791441
2024-06-25;0148;rapportant;IOMN2411132Z;Décret du 14 juin 2023 rapportant un décret de naturalisation (rectificatif) (Accès protégé);JORFTEXT000049776261
2024-06-23;0147;rapportant;IOMN2412696D;Décret du 22 juin 2024 rapportant un décret de naturalisation (Accès protégé);JORFTEXT000049767796
2024-06-21;0145;portant_naturalisation;IOMN2415393D;"Décret du 19 juin 2024 portant naturalisation, réintégration, mention d'enfants mineurs bénéficiant de l'effet collectif attaché à l'acquisition de la nationalité française par leurs parents, francisation de noms et de prénoms et libération de l'allégeance française (Accès protégé)";JORFTEXT000049758567
2024-06-20;0144;portant_naturalisation;IOMN2414796D;"Décret du 18 juin 2024 portant naturalisation, réintégration, mention d'enfants mineurs bénéficiant de l'effet collectif attaché à l'acquisition de la nationalité française par leurs parents, francisation de noms et de prénoms et libération de l'allégeance française (Accès protégé)";JORFTEXT000049748643
2024-06-20;0144;portant_naturalisation;IOMN2414799D;"Décret du 18 juin 2024 portant naturalisation, réintégration, mention d'enfants mineurs bénéficiant de l'effet collectif attaché à l'acquisition de la nationalité française par leurs parents et francisation de noms et de prénoms (Accès protégé)";JORFTEXT000049748646
2024-06-20;0144;portant_naturalisation;IOMN2413801D;"Décret du 18 juin 2024 portant naturalisation, réintégration, mention d'enfants mineurs bénéficiant de l'effet collectif attaché à l'acquisition de la nationalité française par leurs parents et francisation de noms et de prénoms (Accès protégé)";JORFTEXT000049748640
2024-06-15;0139;rapportant;IOMN2411206D;Décret du 13 juin 2024 rapportant un décret de naturalisation (Accès protégé);JORFTEXT000049722952
2024-06-15;0139;rapportant;IOMN2411128D;Décret du 13 juin 2024 rapportant un décret de naturalisation (Accès protégé);JORFTEXT000049722949
2024-06-15;0139;rapportant;IOMN2412025D;Décret du 14 juin 2024 rapportant un décret de naturalisation (Accès protégé);JORFTEXT000049722958
2024-06-15;0139;rapportant;IOMN2411132D;Décret du 14 juin 2023 rapportant un décret de naturalisation (Accès protégé);JORFTEXT000049722955
2024-06-13;0137;portant_naturalisation;IOMN2413556D;"Décret du 11 juin 2024 portant naturalisation, réintégration, mention d'enfants mineurs bénéficiant de l'effet collectif attaché à l'acquisition de la nationalité française par leurs parents et francisation de noms et de prénoms (Accès protégé)";JORFTEXT000049699695
2024-06-13;0137;portant_naturalisation;IOMN2414155D;"Décret du 11 juin 2024 portant naturalisation, réintégration, mention d'enfants mineurs bénéficiant de l'effet collectif attaché à l'acquisition de la nationalité française par leurs parents et francisation de noms et de prénoms (Accès protégé)";JORFTEXT000049699698
2024-06-08;0132;rapportant;IOMN2410185D;Décret du 6 juin 2024 rapportant un décret de naturalisation (Accès protégé);JORFTEXT000049675492
2024-06-05;0129;rapportant;IOMN2410948D;Décret du 3 juin 2024 rapportant un décret de naturalisation (Accès protégé);JORFTEXT000049656348
2024-06-05;0129;rapportant;IOMN2409395D;Décret du 3 juin 2024 rapportant un décret de naturalisation (Accès protégé);JORFTEXT000049656342
2024-05-29;0123;portant_naturalisation;IOMN2412739D;"Décret du 27 mai 2024 portant naturalisation, réintégration, mention d'enfants mineurs bénéficiant de l'effet collectif attaché à l'acquisition de la nationalité française par leurs parents, francisation de noms et de prénoms et libération de l'allégeance française (Accès protégé)";JORFTEXT000049608229
2024-05-25;0120;rapportant;IOMN2408947D;Décret du 23 mai 2024 rapportant un décret de naturalisation (Accès protégé);JORFTEXT000049591670
2024-05-25;0120;rapportant;IOMN2407444D;Décret du 23 mai 2024 rapportant un décret de naturalisation (Accès protégé);JORFTEXT000049591667
2024-05-24;0119;rapportant;IOMN2408928D;Décret du 22 mai 2024 rapportant un décret de naturalisation (Accès protégé);JORFTEXT000049584594
2024-05-24;0119;portant_naturalisation;IOMN2412319D;"Décret du 22 mai 2024 portant naturalisation, réintégration, mention d'enfants mineurs bénéficiant de l'effet collectif attaché à l'acquisition de la nationalité française par leurs parents et francisation de noms et de prénoms (Accès protégé)";JORFTEXT000049584582
2024-05-24;0119;portant_naturalisation;IOMN2412311D;"Décret du 22 mai 2024 portant naturalisation, réintégration, mention d'enfants mineurs bénéficiant de l'effet collectif attaché à l'acquisition de la nationalité française par leurs parents, francisation de noms et de prénoms et libération de l'allégeance française (Accès protégé)";JORFTEXT000049584579
2024-05-24;0119;rapportant;IOMN2409178D;Décret du 22 mai 2024 rapportant un décret de naturalisation (Accès protégé);JORFTEXT000049584597
2024-05-16;0113;modificatif;IOMN2411687D;"Décret du 14 mai 2024 modificatif de décrets portant naturalisation, réintégration, mention d'enfants mineurs bénéficiant de l'effet collectif attaché à l'acquisition de la nationalité française par leurs parents et francisation de noms et prénoms (Accès protégé)";JORFTEXT000049538431
2024-05-12;0109;modificatif;IOMN2409924D;"Décret du 10 mai 2024 modifiant des décrets portant naturalisation, réintégration, mention d'enfants mineurs bénéficiant de l'effet collectif attaché à l'acquisition de la nationalité française par leurs parents et francisation de noms et prénoms (Accès protégé)";JORFTEXT000049526089
2024-05-12;0109;portant_naturalisation;IOMN2411679D;"Décret du 10 mai 2024 portant naturalisation, réintégration, mention d'enfants mineurs bénéficiant de l'effet collectif attaché à l'acquisition de la nationalité française par leurs parents et francisation de noms et de prénoms (Accès protégé)";JORFTEXT000049526092
2024-05-12;0109;portant_naturalisation;IOMN2409824D;"Décret du 10 mai 2024 portant naturalisation, réintégration, mention d'enfants mineurs bénéficiant de l'effet collectif attaché à l'acquisition de la nationalité française par leurs parents et francisation de noms et de prénoms (Accès protégé)";JORFTEXT000049526086
2024-05-11;0108;portant_naturalisation;IOMN2410836D;"Décret du 7 mai 2024 portant naturalisation, réintégration, mention d'enfants mineurs bénéficiant de l'effet collectif attaché à l'acquisition de la nationalité française par leurs parents et francisation de noms et de prénoms (Accès protégé)";JORFTEXT000049525335
2024-05-05;0105;portant_naturalisation;IOMN2411155D;"Décret du 3 mai 2024 portant naturalisation, réintégration, mention d'enfants mineurs bénéficiant de l'effet collectif attaché à l'acquisition de la nationalité française par leurs parents et francisation de noms et de prénoms (Accès protégé)";JORFTEXT000049503866
2024-05-05;0105;portant_naturalisation;IOMN2411146D;"Décret du 3 mai 2024 portant naturalisation, réintégration, mention d'enfants mineurs bénéficiant de l'effet collectif attaché à l'acquisition de la nationalité française par leurs parents et francisation de noms et de prénoms (Accès protégé)";JORFTEXT000049503863
2024-05-02;0102;rapportant;IOMN2406443D;Décret du 29 avril 2024 rapportant un décret de naturalisation (Accès protégé);JORFTEXT000049491435
2024-04-28;0100;portant_naturalisation;IOMN2410502D;"Décret du 26 avril 2024 portant naturalisation, réintégration, mention d'enfants mineurs bénéficiant de l'effet collectif attaché à l'acquisition de la nationalité française par leurs parents, francisation de noms et de prénoms et libération de l'allégeance française (Accès protégé)";JORFTEXT000049479269
2024-04-20;0093;rapportant;IOMN2406302D;Décret du 18 avril 2024 rapportant un décret de naturalisation (Accès protégé);JORFTEXT000049446636
2024-04-20;0093;portant_naturalisation;IOMN2409877D;"Décret du 19 avril 2024 portant naturalisation, réintégration, mention d'enfants mineurs bénéficiant de l'effet collectif attaché à l'acquisition de la nationalité française par leurs parents, francisation de noms et de prénoms et libération de l'allégeance française (Accès protégé)";JORFTEXT000049446642
2024-04-20;0093;portant_naturalisation;IOMN2409231D;"Décret du 18 avril 2024 portant naturalisation, réintégration, mention d'enfants mineurs bénéficiant de l'effet collectif attaché à l'acquisition de la nationalité française par leurs parents, francisation de noms et de prénoms et libération de l'allégeance française (Accès protégé)";JORFTEXT000049446633
2024-04-20;0093;rapportant;IOMN2407390D;Décret du 18 avril 2024 rapportant un décret de naturalisation (Accès protégé);JORFTEXT000049446639
2024-04-19;0092;rapportant;IOMN2405400D;Décret du 17 avril 2024 rapportant un décret de naturalisation (Accès protégé);JORFTEXT000049440472
2024-04-19;0092;portant_naturalisation;IOMN2409284D;"Décret du 17 avril 2024 portant naturalisation, réintégration, mention d'enfants mineurs bénéficiant de l'effet collectif attaché à l'acquisition de la nationalité française par leurs parents et francisation de noms et de prénoms (Accès protégé)";JORFTEXT000049440469
2024-04-19;0092;modificatif;IOMN2408901D;"Décret du 17 avril 2024 modifiant des décrets portant naturalisation, réintégration, mention d'enfants mineurs bénéficiant de l'effet collectif attaché à l'acquisition de la nationalité française par leurs parents et francisation de noms et prénoms (Accès protégé)";JORFTEXT000049440466
2024-04-18;0091;rapportant;IOMN2405912D;Décret du 16 avril 2024 rapportant un décret de naturalisation (Accès protégé);JORFTEXT000049430730
2024-04-06;0081;rapportant;IOMN2405396D;Décret du 4 avril 2024 rapportant un décret de naturalisation (Accès protégé);JORFTEXT000049374960
2024-04-05;0080;portant_naturalisation;IOMN2408002D;"Décret du 3 avril 2024 portant naturalisation, réintégration, mention d'enfants mineurs bénéficiant de l'effet collectif attaché à l'acquisition de la nationalité française par leurs parents, francisation de noms et de prénoms et libération de l'allégeance française (Accès protégé)";JORFTEXT000049367260
2024-04-05;0080;portant_naturalisation;IOMN2408656D;"Décret du 3 avril 2024 portant naturalisation, réintégration, mention d'enfants mineurs bénéficiant de l'effet collectif attaché à l'acquisition de la nationalité française par leurs parents et francisation de noms et de prénoms (Accès protégé)";JORFTEXT000049367263
2024-04-05;0080;rapportant;IOMN2404921D;Décret du 3 avril 2024 rapportant un décret de naturalisation (Accès protégé);JORFTEXT000049367266
2024-04-05;0080;rapportant;IOMN2405464D;Décret du 3 avril 2024 rapportant un décret de naturalisation (Accès protégé);JORFTEXT000049367269
2024-04-04;0079;portant_naturalisation;IOMN2407896D;"Décret du 3 avril 2024 portant naturalisation, réintégration, mention d'enfants mineurs bénéficiant de l'effet collectif attaché à l'acquisition de la nationalité française par leurs parents et francisation de noms et de prénoms (Accès protégé)";JORFTEXT000049364854
2024-04-04;0079;portant_naturalisation;IOMN2408594D;"Décret du 3 avril 2024 portant naturalisation, réintégration, mention d'enfants mineurs bénéficiant de l'effet collectif attaché à l'acquisition de la nationalité française par leurs parents, francisation de noms et de prénoms et libération de l'allégeance française (Accès protégé)";JORFTEXT000049364857
2024-03-27;0073;portant_naturalisation;IOMN2406912D;"Décret du 26 mars 2024 portant naturalisation, réintégration, mention d'enfants mineurs bénéficiant de l'effet collectif attaché à l'acquisition de la nationalité française par leurs parents et francisation de noms et de prénoms (Accès protégé)";JORFTEXT000049328452
2024-03-26;0072;rapportant;IOMN2405827D;Décret du 25 mars 2024 rapportant un décret de naturalisation (Accès protégé);JORFTEXT000049322031
2024-03-24;0071;portant_naturalisation;IOMN2406337D;"Décret du 22 mars 2024 portant naturalisation, réintégration, mention d'enfants mineurs bénéficiant de l'effet collectif attaché à l'acquisition de la nationalité française par leurs parents, francisation de noms et de prénoms et libération de l'allégeance française (Accès protégé)";JORFTEXT000049315464
2024-03-22;0069;portant_naturalisation;IOMN2406312D;"Décret du 20 mars 2024 portant naturalisation, réintégration, mention d'enfants mineurs bénéficiant de l'effet collectif attaché à l'acquisition de la nationalité française par leurs parents et francisation de noms et de prénoms (Accès protégé)";JORFTEXT000049310220
2024-03-22;0069;rapportant;IOMN2403169D;Décret du 20 mars 2024 rapportant un décret de naturalisation (Accès protégé);JORFTEXT000049310229
2024-03-22;0069;rapportant;IOMN2404466D;Décret du 20 mars 2024 rapportant un décret de naturalisation (Accès protégé);JORFTEXT000049310232
2024-03-22;0069;portant_naturalisation;IOMN2407051D;"Décret du 20 mars 2024 portant naturalisation, réintégration, mention d'enfants mineurs bénéficiant de l'effet collectif attaché à l'acquisition de la nationalité française par leurs parents, francisation de noms et de prénoms et libération de l'allégeance française (Accès protégé)";JORFTEXT000049310226
2024-03-21;0068;modificatif;IOMN2405711D;"Décret du 20 mars 2024 modifiant des décrets portant naturalisation, réintégration, mention d'enfants mineurs bénéficiant de l'effet collectif attaché à l'acquisition de la nationalité française par leurs parents et francisation de noms et prénoms (Accès protégé)";JORFTEXT000049305212
2024-03-21;0068;portant_naturalisation;IOMN2405523D;"Décret du 20 mars 2024 portant naturalisation, réintégration, mention d'enfants mineurs bénéficiant de l'effet collectif attaché à l'acquisition de la nationalité française par leurs parents et francisation de noms et de prénoms (Accès protégé)";JORFTEXT000049305209
2024-03-21;0068;rectificatif;IOMN2405716D;"Décret du 19 mars 2024 portant rectification de décrets de naturalisation, réintégration, libération des liens d'allégeance à l'égard de la France et francisation de noms et prénoms (Accès protégé)";JORFTEXT000049305206
2024-03-16;0064;rapportant;IOMN2402497D;Décret du 14 mars 2024 rapportant un décret de naturalisation (Accès protégé);JORFTEXT000049285998
2024-03-16;0064;rapportant;IOMN2402601D;Décret du 15 mars 2024 rapportant un décret de naturalisation (Accès protégé);JORFTEXT000049286004
2024-03-16;0064;portant_naturalisation;IOMN2405598D;"Décret du 14 mars 2024 portant naturalisation, réintégration, mention d'enfants mineurs bénéficiant de l'effet collectif attaché à l'acquisition de la nationalité française par leurs parents et francisation de noms et de prénoms (Accès protégé)";JORFTEXT000049285995
2024-03-16;0064;portant_naturalisation;IOMN2404881D;"Décret du 14 mars 2024 portant naturalisation, réintégration, mention d'enfants mineurs bénéficiant de l'effet collectif attaché à l'acquisition de la nationalité française par leurs parents et francisation de noms et de prénoms (Accès protégé)";JORFTEXT000049285992
2024-03-16;0064;rapportant;IOMN2402808D;Décret du 14 mars 2024 rapportant un décret de naturalisation (Accès protégé);JORFTEXT000049286001
2024-03-14;0062;portant_naturalisation;IOMN2405503D;"Décret du 13 mars 2024 portant naturalisation, réintégration, mention d'enfants mineurs bénéficiant de l'effet collectif attaché à l'acquisition de la nationalité française par leurs parents, francisation de noms et de prénoms et libération de l'allégeance française (Accès protégé)";JORFTEXT000049274385
2024-03-08;0057;rapportant;IOMN2402291D;Décret du 6 mars 2024 rapportant un décret de naturalisation (Accès protégé);JORFTEXT000049247632
2024-03-06;0055;portant_naturalisation;IOMN2404154D;"Décret du 4 mars 2024 portant naturalisation, réintégration, mention d'enfants mineurs bénéficiant de l'effet collectif attaché à l'acquisition de la nationalité française par leurs parents et francisation de noms et de prénoms (Accès protégé)";JORFTEXT000049237907
2024-03-06;0055;rapportant;IOMN2402304D;Décret du 4 mars 2024 rapportant un décret de naturalisation (Accès protégé);JORFTEXT000049237910
2024-03-06;0055;rapportant;IOMN2402307D;Décret du 4 mars 2024 rapportant un décret de naturalisation (Accès protégé);JORFTEXT000049237913
2024-03-02;0052;rapportant;IOMN2402571D;Décret du 29 février 2024 rapportant un décret de naturalisation (Accès protégé);JORFTEXT000049224775
2024-03-02;0052;rapportant;IOMN2401736D;Décret du 29 février 2024 rapportant un décret de naturalisation (Accès protégé);JORFTEXT000049224772
2024-03-02;0052;portant_naturalisation;IOMN2404856D;"Décret du 1er mars 2024 portant naturalisation, réintégration, mention d'enfants mineurs bénéficiant de l'effet collectif attaché à l'acquisition de la nationalité française par leurs parents, francisation de noms et de prénoms et libération de l'allégeance française (Accès protégé)";JORFTEXT000049224778
2024-03-01;0051;portant_naturalisation;IOMN2403338D;"Décret du 28 février 2024 portant naturalisation, réintégration, mention d'enfants mineurs bénéficiant de l'effet collectif attaché à l'acquisition de la nationalité française par leurs parents et francisation de noms et de prénoms (Accès protégé)";JORFTEXT000049220209
2024-02-29;0050;rapportant;IOMN2401690D;Décret du 28 février 2024 rapportant un décret de naturalisation (Accès protégé);JORFTEXT000049211123
2024-02-24;0046;rapportant;IOMN2401679D;Décret du 22 février 2024 rapportant un décret de naturalisation (Accès protégé);JORFTEXT000049191521
2024-02-23;0045;rapportant;IOMN2401085D;Décret du 22 février 2024 rapportant un décret de naturalisation (Accès protégé);JORFTEXT000049185724
2024-02-23;0045;portant_naturalisation;IOMN2403964D;"Décret du 21 février 2024 portant naturalisation, réintégration, mention d'enfants mineurs bénéficiant de l'effet collectif attaché à l'acquisition de la nationalité française par leurs parents, francisation de noms et de prénoms et libération de l'allégeance française (Accès protégé)";JORFTEXT000049185721
2024-02-23;0045;portant_naturalisation;IOMN2402989D;"Décret du 21 février 2024 portant naturalisation, réintégration, mention d'enfants mineurs bénéficiant de l'effet collectif attaché à l'acquisition de la nationalité française par leurs parents et francisation de noms et de prénoms (Accès protégé)";JORFTEXT000049185718
2024-02-23;0045;portant_naturalisation;IOMN2402591D;"Décret du 21 février 2024 portant naturalisation, réintégration, mention d'enfants mineurs bénéficiant de l'effet collectif attaché à l'acquisition de la nationalité française par leurs parents et francisation de noms et de prénoms (Accès protégé)";JORFTEXT000049185715
2024-02-18;0041;rapportant;IOMN2335668D;Décret du 16 février 2024 rapportant un décret de naturalisation (Accès protégé);JORFTEXT000049156613
2024-02-16;0039;rapportant;IOMN2335455D;Décret du 15 février 2024 rapportant un décret de naturalisation (Accès protégé);JORFTEXT000049151254
2024-02-15;0038;modificatif;IOMV2332371D;"Décret n° 2024-108 du 14 février 2024 relatif aux compétences des préfets en matière d'acquisition de la nationalité française et modifiant le décret n° 93-1362 du 30 décembre 1993 relatif aux déclarations de nationalité, aux décisions de naturalisation, de réintégration, de perte, de déchéance et de retrait de la nationalité française";JORFTEXT000049144713
2024-02-15;0038;rapportant;IOMN2400751D;Décret du 13 février 2024 rapportant un décret de naturalisation (Accès protégé);JORFTEXT000049145144
2024-02-14;0037;portant_naturalisation;IOMN2402534D;"Décret du 12 février 2024 portant naturalisation, réintégration, mention d'enfants mineurs bénéficiant de l'effet collectif attaché à l'acquisition de la nationalité française par leurs parents et francisation de noms et de prénoms (Accès protégé)";JORFTEXT000049137145
2024-02-09;0033;rapportant;IOMN2334959D;Décret du 7 février 2024 rapportant un décret de naturalisation (Accès protégé);JORFTEXT000049112268
2024-02-07;0031;portant_naturalisation;IOMN2401740D;"Décret du 6 février 2024 portant naturalisation, réintégration, mention d'enfants mineurs bénéficiant de l'effet collectif attaché à l'acquisition de la nationalité française par leurs parents, francisation de noms et de prénoms et libération de l'allégeance française (Accès protégé)";JORFTEXT000049098030
2024-02-04;0029;portant_naturalisation;IOMN2401884D;"Décret du 2 février 2024 portant naturalisation, réintégration, mention d'enfants mineurs bénéficiant de l'effet collectif attaché à l'acquisition de la nationalité française par leurs parents et francisation de noms et de prénoms (Accès protégé)";JORFTEXT000049085543
2024-02-04;0029;rapportant;IOMN2335024D;Décret du 2 février 2024 rapportant un décret de naturalisation (Accès protégé);JORFTEXT000049085549
2024-02-04;0029;portant_naturalisation;IOMN2401244D;"Décret du 2 février 2024 portant naturalisation, réintégration, mention d'enfants mineurs bénéficiant de l'effet collectif attaché à l'acquisition de la nationalité française par leurs parents et francisation de noms et de prénoms (Accès protégé)";JORFTEXT000049085540
2024-02-04;0029;rapportant;IOMN2334623D;Décret du 2 février 2024 rapportant un décret de naturalisation (Accès protégé);JORFTEXT000049085546
2024-02-03;0028;rapportant;IOMN2334742D;Décret du 1er février 2024 rapportant un décret de naturalisation (Accès protégé);JORFTEXT000049084736
2024-01-31;0025;rapportant;IOMN2333900D;Décret du 29 janvier 2024 rapportant un décret de naturalisation (Accès protégé);JORFTEXT000049061256
2024-01-28;0023;portant_naturalisation;IOMN2400352D;"Décret du 26 janvier 2024 portant naturalisation, réintégration, mention d'enfants mineurs bénéficiant de l'effet collectif attaché à l'acquisition de la nationalité française par leurs parents et francisation de noms et de prénoms (Accès protégé)";JORFTEXT000049041605
2024-01-27;0022;rapportant;IOMN2331890Z;Décret du 11 janvier 2024 rapportant un décret de naturalisation (rectificatif) (Accès protégé);JORFTEXT000049041085
2024-01-26;0021;rapportant;IOMN2333874D;Décret du 24 janvier 2024 rapportant un décret de naturalisation (Accès protégé);JORFTEXT000049026116
2024-01-26;0021;rapportant;IOMN2333705D;Décret du 24 janvier 2024 rapportant un décret de naturalisation (Accès protégé);JORFTEXT000049026113
2024-01-26;0021;portant_naturalisation;IOMN2400955D;"Décret du 24 janvier 2024 portant naturalisation, réintégration, mention d'enfants mineurs bénéficiant de l'effet collectif attaché à l'acquisition de la nationalité française par leurs parents et francisation de noms et de prénoms (Accès protégé)";JORFTEXT000049026110
2024-01-25;0020;rapportant;IOMN2334754D;Décret du 23 janvier 2024 rapportant un décret de naturalisation (Accès protégé);JORFTEXT000049010908
2024-01-25;0020;rapportant;IOMN2332910D;Décret du 23 janvier 2024 rapportant un décret de naturalisation (Accès protégé);JORFTEXT000049010905
2024-01-24;0019;portant_naturalisation;IOMN2335711D;"Décret du 22 janvier 2024 portant naturalisation, réintégration, mention d'enfants mineurs bénéficiant de l'effet collectif attaché à l'acquisition de la nationalité française par leurs parents et francisation de noms et de prénoms (Accès protégé)";JORFTEXT000048999494
2024-01-23;0018;portant_naturalisation;IOMN2400339D;"Décret du 22 janvier 2024 portant naturalisation, réintégration, mention d'enfants mineurs bénéficiant de l'effet collectif attaché à l'acquisition de la nationalité française par leurs parents et francisation de noms et de prénoms (Accès protégé)";JORFTEXT000048991270
2024-01-21;0017;rapportant;IOMN2332885D;Décret du 19 janvier 2024 rapportant un décret de naturalisation (Accès protégé);JORFTEXT000048982876
2024-01-21;0017;rapportant;IOMN2332929D;Décret du 19 janvier 2024 rapportant un décret de naturalisation (Accès protégé);JORFTEXT000048982879
2024-01-19;0015;rapportant;IOMN2332931D;Décret du 17 janvier 2024 rapportant un décret de naturalisation (Accès protégé);JORFTEXT000048975770
2024-01-19;0015;rapportant;IOMN2332926D;Décret du 17 janvier 2024 rapportant un décret de naturalisation (Accès protégé);JORFTEXT000048975767
2024-01-17;0013;portant_naturalisation;IOMN2335868D;"Décret du 16 janvier 2024 portant naturalisation, réintégration, mention d'enfants mineurs bénéficiant de l'effet collectif attaché à l'acquisition de la nationalité française par leurs parents, francisation de noms et de prénoms et libération de l'allégeance française (Accès protégé)";JORFTEXT000048962108
2024-01-13;0010;rapportant;IOMN2332167D;Décret du 12 janvier 2024 rapportant un décret de naturalisation (Accès protégé);JORFTEXT000048939464
2024-01-12;0009;rapportant;IOMN2330994D;Décret du 11 janvier 2024 rapportant un décret de naturalisation (Accès protégé);JORFTEXT000048932431
2024-01-12;0009;rapportant;IOMN2331923D;Décret du 11 janvier 2024 rapportant un décret de naturalisation (Accès protégé);JORFTEXT000048932446
2024-01-12;0009;rapportant;IOMN2331890D;Décret du 11 janvier 2024 rapportant un décret de naturalisation (Accès protégé);JORFTEXT000048932443
2024-01-12;0009;rapportant;IOMN2330473D;Décret du 11 janvier 2024 rapportant un décret de naturalisation (Accès protégé);JORFTEXT000048932428
2024-01-12;0009;rapportant;IOMN2331294D;Décret du 11 janvier 2024 rapportant un décret de naturalisation (Accès protégé);JORFTEXT000048932437
2024-01-12;0009;rapportant;IOMN2332120D;Décret du 11 janvier 2024 rapportant un décret de naturalisation (Accès protégé);JORFTEXT000048932449
2024-01-12;0009;rapportant;IOMN2331884D;Décret du 11 janvier 2024 rapportant un décret de naturalisation (Accès protégé);JORFTEXT000048932440
2024-01-12;0009;rapportant;IOMN2331175D;Décret du 11 janvier 2024 rapportant un décret de naturalisation (Accès protégé);JORFTEXT000048932434
2024-01-06;0004;rapportant;IOMN2330363D;Décret du 5 janvier 2024 rapportant un décret de naturalisation (Accès protégé);JORFTEXT000048865865
2024-01-04;0002;portant_naturalisation;IOMN2335200D;"Décret du 2 janvier 2024 portant naturalisation, réintégration, mention d'enfants mineurs bénéficiant de l'effet collectif attaché à l'acquisition de la nationalité française par leurs parents, francisation de noms et de prénoms et libération de l'allégeance française (Accès protégé)";JORFTEXT000048815602
2023-12-30;0303;portant_naturalisation;IOMN2334791D;"Décret du 29 décembre 2023 portant naturalisation, réintégration, mention d'enfants mineurs bénéficiant de l'effet collectif attaché à l'acquisition de la nationalité française par leurs parents et francisation de noms et de prénoms (Accès protégé)";JORFTEXT000048731091
2023-12-30;0303;rectificatif;IOMN2334633D;"Décret du 28 décembre 2023 portant rectification de décrets de naturalisation, réintégration, libération des liens d'allégeance à l'égard de la France et francisation de noms et prénoms (Accès protégé)";JORFTEXT000048731088
2023-12-30;0303;portant_naturalisation;IOMN2334577D;"Décret du 28 décembre 2023 portant naturalisation, réintégration, mention d'enfants mineurs bénéficiant de l'effet collectif attaché à l'acquisition de la nationalité française par leurs parents, francisation de noms et de prénoms et libération de l'allégeance française (Accès protégé)";JORFTEXT000048731085
2023-12-29;0301;portant_naturalisation;IOMN2333753D;"Décret du 27 décembre 2023 portant naturalisation, réintégration, mention d'enfants mineurs bénéficiant de l'effet collectif attaché à l'acquisition de la nationalité française par leurs parents, francisation de noms et de prénoms et libération de l'allégeance française (Accès protégé)";JORFTEXT000048709163
2023-12-29;0301;modificatif;IOMN2334587D;"Décret du 28 décembre 2023 modifiant des décrets portant naturalisation, réintégration, mention d'enfants mineurs bénéficiant de l'effet collectif attaché à l'acquisition de la nationalité française par leurs parents et francisation de noms et prénoms (Accès protégé)";JORFTEXT000048709166
2023-12-24;0298;rapportant;IOMN2329965D;Décret du 22 décembre 2023 rapportant un décret de naturalisation (Accès protégé);JORFTEXT000048660715
2023-12-24;0298;portant_naturalisation;IOMN2333742D;"Décret du 22 décembre 2023 portant naturalisation, réintégration, mention d'enfants mineurs bénéficiant de l'effet collectif attaché à l'acquisition de la nationalité française par leurs parents et francisation de noms et de prénoms (Accès protégé)";JORFTEXT000048660712
2023-12-14;0289;portant_naturalisation;IOMN2332169D;"Décret du 12 décembre 2023 portant naturalisation, réintégration, mention d'enfants mineurs bénéficiant de l'effet collectif attaché à l'acquisition de la nationalité française par leurs parents et francisation de noms et de prénoms (Accès protégé)";JORFTEXT000048561017
2023-12-14;0289;modificatif;IOMN2332390D;"Décret du 12 décembre 2023 modifiant des décrets portant naturalisation, réintégration, mention d'enfants mineurs bénéficiant de l'effet collectif attaché à l'acquisition de la nationalité française par leurs parents et francisation de noms et prénoms (Accès protégé)";JORFTEXT000048561023
2023-12-14;0289;portant_naturalisation;IOMN2332604D;"Décret du 12 décembre 2023 portant naturalisation, réintégration, mention d'enfants mineurs bénéficiant de l'effet collectif attaché à l'acquisition de la nationalité française par leurs parents et francisation de noms et de prénoms (Accès protégé)";JORFTEXT000048561026
2023-12-14;0289;portant_naturalisation;IOMN2332194D;"Décret du 12 décembre 2023 portant naturalisation, réintégration, mention d'enfants mineurs bénéficiant de l'effet collectif attaché à l'acquisition de la nationalité française par leurs parents, francisation de noms et de prénoms et libération de l'allégeance française (Accès protégé)";JORFTEXT000048561020
2023-12-13;0288;portant_naturalisation;IOMN2332928D;"Décret du 12 décembre 2023 portant naturalisation, réintégration, mention d'enfants mineurs bénéficiant de l'effet collectif attaché à l'acquisition de la nationalité française par leurs parents et francisation de noms et de prénoms (Accès protégé)";JORFTEXT000048556478
2023-12-09;0285;rapportant;IOMN2328387D;Décret du 7 décembre 2023 rapportant un décret de naturalisation (Accès protégé);JORFTEXT000048542556
2023-12-09;0285;rapportant;IOMN2328405D;Décret du 7 décembre 2023 rapportant un décret de naturalisation (Accès protégé);JORFTEXT000048542559
2023-12-09;0285;portant_naturalisation;IOMN2331586D;"Décret du 7 décembre 2023 portant naturalisation, réintégration, mention d'enfants mineurs bénéficiant de l'effet collectif attaché à l'acquisition de la nationalité française par leurs parents et francisation de noms et de prénoms (Accès protégé)";JORFTEXT000048542553
2023-12-08;0284;portant_naturalisation;IOMN2331143D;"Décret du 6 décembre 2023 portant naturalisation, réintégration, mention d'enfants mineurs bénéficiant de l'effet collectif attaché à l'acquisition de la nationalité française par leurs parents et francisation de noms et de prénoms (Accès protégé)";JORFTEXT000048530849
2023-12-01;0278;rapportant;IOMN2327212D;Décret du 29 novembre 2023 rapportant un décret de naturalisation (Accès protégé);JORFTEXT000048494374
2023-12-01;0278;rapportant;IOMN2327583D;Décret du 29 novembre 2023 rapportant un décret de naturalisation (Accès protégé);JORFTEXT000048494377
2023-11-30;0277;rapportant;IOMN2326774D;Décret du 28 novembre 2023 rapportant un décret de naturalisation (Accès protégé);JORFTEXT000048481500
2023-11-29;0276;rapportant;IOMN2326748D;Décret du 27 novembre 2023 rapportant un décret de naturalisation (Accès protégé);JORFTEXT000048474473
2023-11-22;0270;portant_naturalisation;IOMN2330168D;"Décret du 20 novembre 2023 portant naturalisation, réintégration, mention d'enfants mineurs bénéficiant de l'effet collectif attaché à l'acquisition de la nationalité française par leurs parents et francisation de noms et de prénoms (Accès protégé)";JORFTEXT000048444233
2023-11-19;0268;rectificatif;IOMN2330228D;"Décret du 17 novembre 2023 portant rectification de décrets de naturalisation, réintégration, libération des liens d'allégeance à l'égard de la France et francisation de noms et prénoms (Accès protégé)";JORFTEXT000048424987
2023-11-19;0268;portant_naturalisation;IOMN2330290D;"Décret du 17 novembre 2023 portant naturalisation, réintégration, mention d'enfants mineurs bénéficiant de l'effet collectif attaché à l'acquisition de la nationalité française par leurs parents et francisation de noms et de prénoms (Accès protégé)";JORFTEXT000048424990
2023-11-19;0268;portant_naturalisation;IOMN2329495D;"Décret du 17 novembre 2023 portant naturalisation, réintégration, mention d'enfants mineurs bénéficiant de l'effet collectif attaché à l'acquisition de la nationalité française par leurs parents et francisation de noms et de prénoms (Accès protégé)";JORFTEXT000048424978
2023-11-19;0268;portant_naturalisation;IOMN2329507D;"Décret du 17 novembre 2023 portant naturalisation, réintégration, mention d'enfants mineurs bénéficiant de l'effet collectif attaché à l'acquisition de la nationalité française par leurs parents et francisation de noms et de prénoms (Accès protégé)";JORFTEXT000048424981
2023-11-17;0266;portant_naturalisation;IOMN2328704D;"Décret du 15 novembre 2023 portant naturalisation, réintégration, mention d'enfants mineurs bénéficiant de l'effet collectif attaché à l'acquisition de la nationalité française par leurs parents et francisation de noms et de prénoms (Accès protégé)";JORFTEXT000048418827
2023-11-09;0260;rapportant;IOMN2324275D;Décret du 7 novembre 2023 rapportant un décret de naturalisation (Accès protégé);JORFTEXT000048376762
2023-11-08;0259;portant_naturalisation;IOMN2328972D;"Décret du 7 novembre 2023 portant naturalisation, réintégration, mention d'enfants mineurs bénéficiant de l'effet collectif attaché à l'acquisition de la nationalité française par leurs parents, francisation de noms et de prénoms et libération de l'allégeance française (Accès protégé)";JORFTEXT000048374491
2023-11-05;0257;portant_naturalisation;IOMN2328096D;"Décret du 3 novembre 2023 portant naturalisation, réintégration, mention d'enfants mineurs bénéficiant de l'effet collectif attaché à l'acquisition de la nationalité française par leurs parents et francisation de noms et de prénoms (Accès protégé)";JORFTEXT000048348160
2023-11-04;0256;rapportant;IOMN2324791D;Décret du 2 novembre 2023 rapportant un décret de naturalisation (Accès protégé);JORFTEXT000048347645
2023-11-04;0256;rapportant;IOMN2325900D;Décret du 2 novembre 2023 rapportant un décret de naturalisation (Accès protégé);JORFTEXT000048347651
2023-11-04;0256;rapportant;IOMN2324347D;Décret du 2 novembre 2023 rapportant un décret de naturalisation (Accès protégé);JORFTEXT000048347642
2023-11-04;0256;rapportant;IOMN2325405D;Décret du 2 novembre 2023 rapportant un décret de naturalisation (Accès protégé);JORFTEXT000048347648
2023-10-26;0249;portant_naturalisation;IOMN2327183D;"Décret du 25 octobre 2023 portant naturalisation, réintégration, mention d'enfants mineurs bénéficiant de l'effet collectif attaché à l'acquisition de la nationalité française par leurs parents et francisation de noms et de prénoms (Accès protégé)";JORFTEXT000048258539
2023-10-26;0249;rapportant;IOMN2323702D;Décret du 24 octobre 2023 rapportant un décret de naturalisation (Accès protégé);JORFTEXT000048258533
2023-10-26;0249;portant_naturalisation;IOMN2327647D;"Décret du 25 octobre 2023 portant naturalisation, réintégration, mention d'enfants mineurs bénéficiant de l'effet collectif attaché à l'acquisition de la nationalité française par leurs parents et francisation de noms et de prénoms (Accès protégé)";JORFTEXT000048258542
2023-10-26;0249;portant_naturalisation;IOMN2326856D;"Décret du 25 octobre 2023 portant naturalisation, réintégration, mention d'enfants mineurs bénéficiant de l'effet collectif attaché à l'acquisition de la nationalité française par leurs parents, francisation de noms et de prénoms et libération de l'allégeance française (Accès protégé)";JORFTEXT000048258536
2023-10-20;0244;rapportant;IOMN2323310D;Décret du 18 octobre 2023 rapportant un décret de naturalisation (Accès protégé);JORFTEXT000048227896
2023-10-20;0244;rapportant;IOMN2324199D;Décret du 18 octobre 2023 rapportant un décret de naturalisation (Accès protégé);JORFTEXT000048227902
2023-10-20;0244;rapportant;IOMN2323123D;Décret du 18 octobre 2023 rapportant un décret de naturalisation (Accès protégé);JORFTEXT000048227893
2023-10-20;0244;rapportant;IOMN2322630D;Décret du 18 octobre 2023 rapportant un décret de naturalisation (Accès protégé);JORFTEXT000048227890
2023-10-19;0243;modificatif;IOMN2326850D;"Décret du 18 octobre 2023 modifiant des décrets portant naturalisation, réintégration, mention d'enfants mineurs bénéficiant de l'effet collectif attaché à l'acquisition de la nationalité française par leurs parents et francisation de noms et prénoms (Accès protégé)";JORFTEXT000048223547
2023-10-15;0240;rectificatif;IOMN2326452D;"Décret du 11 octobre 2023 portant rectification de décrets de naturalisation, réintégration, libération des liens d'allégeance à l'égard de la France et francisation de noms et prénoms (Accès protégé)";JORFTEXT000048206916
2023-10-11;0236;portant_naturalisation;IOMN2326225D;"Décret du 9 octobre 2023 portant naturalisation, réintégration, mention d'enfants mineurs bénéficiant de l'effet collectif attaché à l'acquisition de la nationalité française par leurs parents et francisation de noms et de prénoms (Accès protégé)";JORFTEXT000048187437
2023-10-11;0236;portant_naturalisation;IOMN2325933D;"Décret du 9 octobre 2023 portant naturalisation, réintégration, mention d'enfants mineurs bénéficiant de l'effet collectif attaché à l'acquisition de la nationalité française par leurs parents et francisation de noms et de prénoms (Accès protégé)";JORFTEXT000048187434
2023-10-08;0234;portant_naturalisation;IOMN2325636D;"Décret du 6 octobre 2023 portant naturalisation, réintégration, mention d'enfants mineurs bénéficiant de l'effet collectif attaché à l'acquisition de la nationalité française par leurs parents, francisation de noms et de prénoms et libération de l'allégeance française (Accès protégé)";JORFTEXT000048167515
2023-10-06;0232;rapportant;IOMN2322507D;Décret du 4 octobre 2023 rapportant un décret de naturalisation (Accès protégé);JORFTEXT000048159096
2023-10-05;0231;portant_naturalisation;IOMN2325481D;"Décret du 4 octobre 2023 portant naturalisation, réintégration, mention d'enfants mineurs bénéficiant de l'effet collectif attaché à l'acquisition de la nationalité française par leurs parents et francisation de noms et prénoms (Accès protégé)";JORFTEXT000048152390
2023-10-04;0230;portant_naturalisation;IOMN2324944D;"Décret du 2 octobre 2023 portant naturalisation, réintégration, mention d'enfants mineurs bénéficiant de l'effet collectif attaché à l'acquisition de la nationalité française par leurs parents et francisation de noms et de prénoms (Accès protégé)";JORFTEXT000048148700
2023-10-01;0228;rapportant;IOMN2322368D;Décret du 29 septembre 2023 rapportant un décret de naturalisation (Accès protégé);JORFTEXT000048133202
2023-09-29;0226;rapportant;IOMN2322090D;Décret du 27 septembre 2023 rapportant un décret de naturalisation (Accès protégé);JORFTEXT000048119828
2023-09-28;0225;rapportant;IOMN2322095D;Décret du 26 septembre 2023 rapportant un décret de naturalisation (Accès protégé);JORFTEXT000048111744
2023-09-28;0225;rapportant;IOMN2322127D;Décret du 26 septembre 2023 rapportant un décret de naturalisation (Accès protégé);JORFTEXT000048111747
2023-09-27;0224;portant_naturalisation;IOMN2324906D;"Décret du 26 septembre 2023 portant naturalisation, réintégration, mention d'enfants mineurs bénéficiant de l'effet collectif attaché à l'acquisition de la nationalité française par leurs parents et francisation de noms et de prénoms (Accès protégé)";JORFTEXT000048108167
2023-09-23;0221;rapportant;IOMN2320771D;Décret du 21 septembre 2023 rapportant un décret de naturalisation (Accès protégé);JORFTEXT000048099510
2023-09-22;0220;portant_naturalisation;IOMN2323811D;"Décret du 20 septembre 2023 portant naturalisation, réintégration, mention d'enfants mineurs bénéficiant de l'effet collectif attaché à l'acquisition de la nationalité française par leurs parents et francisation de noms et de prénoms (Accès protégé)";JORFTEXT000048096061
2023-09-20;0218;portant_naturalisation;IOMN2324211D;"Décret du 19 septembre 2023 portant naturalisation, réintégration, mention d'enfants mineurs bénéficiant de l'effet collectif attaché à l'acquisition de la nationalité française par leurs parents et francisation de noms et prénoms (Accès protégé)";JORFTEXT000048089241
2023-09-14;0213;portant_naturalisation;IOMN2323568D;"Décret du 11 septembre 2023 portant naturalisation, réintégration, mention d'enfants mineurs bénéficiant de l'effet collectif attaché à l'acquisition de la nationalité française par leurs parents, francisation de noms et de prénoms et libération de l'allégeance française (Accès protégé)";JORFTEXT000048068375
2023-09-13;0212;portant_naturalisation;IOMN2323095D;"Décret du 11 septembre 2023 portant naturalisation, réintégration, mention d'enfants mineurs bénéficiant de l'effet collectif attaché à l'acquisition de la nationalité française par leurs parents et francisation de noms et de prénoms (Accès protégé)";JORFTEXT000048063754
2023-09-13;0212;portant_naturalisation;IOMN2323073D;"Décret du 11 septembre 2023 portant naturalisation, réintégration, mention d'enfants mineurs bénéficiant de l'effet collectif attaché à l'acquisition de la nationalité française par leurs parents et francisation de noms et de prénoms (Accès protégé)";JORFTEXT000048063751
2023-09-09;0209;rapportant;IOMN2316843D;Décret du 7 septembre 2023 rapportant un décret de naturalisation (Accès protégé);JORFTEXT000048055691
2023-09-09;0209;portant_naturalisation;IOMN2322716D;"Décret du 7 septembre 2023 portant naturalisation, réintégration, mention d'enfants mineurs bénéficiant de l'effet collectif attaché à l'acquisition de la nationalité française par leurs parents et francisation de noms et de prénoms (Accès protégé)";JORFTEXT000048055688
2023-09-01;0202;portant_naturalisation;IOMN2322495D;"Décret du 30 août 2023 portant naturalisation, réintégration, mention d'enfants mineurs bénéficiant de l'effet collectif attaché à l'acquisition de la nationalité française par leurs parents et francisation de noms et de prénoms (Accès protégé)";JORFTEXT000048034662
2023-09-01;0202;portant_naturalisation;IOMN2322686D;"Décret du 30 août 2023 portant naturalisation, réintégration, mention d'enfants mineurs bénéficiant de l'effet collectif attaché à l'acquisition de la nationalité française par leurs parents et francisation de noms et de prénoms (Accès protégé)";JORFTEXT000048034665
2023-08-26;0197;portant_naturalisation;IOMN2322399D;"Décret du 24 août 2023 portant naturalisation, réintégration, mention d'enfants mineurs bénéficiant de l'effet collectif attaché à l'acquisition de la nationalité française par leurs parents et francisation de noms et de prénoms (Accès protégé)";JORFTEXT000047998682
2023-08-25;0196;rapportant;IOMN2316978D;Décret du 23 août 2023 rapportant un décret de naturalisation (Accès protégé);JORFTEXT000047996413
2023-08-25;0196;rapportant;IOMN2316962D;Décret du 23 août 2023 rapportant un décret de naturalisation (Accès protégé);JORFTEXT000047996410
2023-08-24;0195;portant_naturalisation;IOMN2321479D;"Décret du 22 août 2023 portant naturalisation, réintégration, mention d'enfants mineurs bénéficiant de l'effet collectif attaché à l'acquisition de la nationalité française par leurs parents et francisation de noms et de prénoms (Accès protégé)";JORFTEXT000047989454
2023-08-24;0195;portant_naturalisation;IOMN2322103D;"Décret du 22 août 2023 portant naturalisation, réintégration, mention d'enfants mineurs bénéficiant de l'effet collectif attaché à l'acquisition de la nationalité française par leurs parents et francisation de noms et de prénoms (Accès protégé)";JORFTEXT000047989457
2023-08-24;0195;rapportant;IOMN2316756D;Décret du 22 août 2023 rapportant un décret de naturalisation (Accès protégé);JORFTEXT000047989466
2023-08-24;0195;rapportant;IOMN2316744D;Décret du 22 août 2023 rapportant un décret de naturalisation (Accès protégé);JORFTEXT000047989463
2023-08-24;0195;rapportant;IOMN2316597D;Décret du 22 août 2023 rapportant un décret de naturalisation (Accès protégé);JORFTEXT000047989460
2023-08-23;0194;portant_naturalisation;IOMN2321109D;"Décret du 21 août 2023 portant naturalisation, réintégration, mention d'enfants mineurs bénéficiant de l'effet collectif attaché à l'acquisition de la nationalité française par leurs parents, francisation de noms et de prénoms et libération de l'allégeance française (Accès protégé)";JORFTEXT000047987119
2023-08-23;0194;portant_naturalisation;IOMN2321350D;"Décret du 21 août 2023 portant naturalisation, réintégration, mention d'enfants mineurs bénéficiant de l'effet collectif attaché à l'acquisition de la nationalité française par leurs parents et francisation de noms et de prénoms (Accès protégé)";JORFTEXT000047987122
2023-08-23;0194;modificatif;IOMN2320815D;"Décret du 21 août 2023 modifiant des décrets portant naturalisation, réintégration, mention d'enfants mineurs bénéficiant de l'effet collectif attaché à l'acquisition de la nationalité française par leurs parents et francisation de noms et prénoms (Accès protégé)";JORFTEXT000047987116
2023-08-23;0194;portant_naturalisation;IOMN2322151D;"Décret du 21 août 2023 portant naturalisation, réintégration, mention d'enfants mineurs bénéficiant de l'effet collectif attaché à l'acquisition de la nationalité française par leurs parents, francisation de noms et de prénoms et libération de l'allégeance française (Accès protégé)";JORFTEXT000047987125
2023-08-23;0194;rapportant;IOMN2316583D;Décret du 21 août 2023 rapportant un décret de naturalisation (Accès protégé);JORFTEXT000047987128
2023-08-23;0194;rapportant;IOMN2317072D;Décret du 21 août 2023 rapportant un décret de naturalisation (Accès protégé);JORFTEXT000047987131
2023-08-23;0194;portant_naturalisation;IOMN2318932D;"Décret du 21 août 2023 portant naturalisation, réintégration, mention d'enfants mineurs bénéficiant de l'effet collectif attaché à l'acquisition de la nationalité française par leurs parents et francisation de noms et de prénoms (Accès protégé)";JORFTEXT000047987113
2023-08-19;0191;rapportant;IOMN2316793D;Décret du 18 août 2023 rapportant un décret de naturalisation (Accès protégé);JORFTEXT000047980371
2023-08-19;0191;rapportant;IOMN2316400D;Décret du 18 août 2023 rapportant un décret de naturalisation (Accès protégé);JORFTEXT000047980368
2023-08-13;0187;rapportant;IOMN2316377D;Décret du 11 août 2023 rapportant un décret de naturalisation (Accès protégé);JORFTEXT000047964997
2023-08-12;0186;rapportant;IOMN2316373D;Décret du 10 août 2023 rapportant un décret de naturalisation (Accès protégé);JORFTEXT000047964346
2023-08-04;0179;portant_naturalisation;IOMN2320560D;"Décret du 2 août 2023 portant naturalisation, réintégration, mention d'enfants mineurs bénéficiant de l'effet collectif attaché à l'acquisition de la nationalité française par leurs parents, francisation de noms et de prénoms et libération de l'allégeance française (Accès protégé)";JORFTEXT000047932123
2023-08-03;0178;rectificatif;IOMN2320000D;"Décret du 1er août 2023 portant rectification de décrets de naturalisation, réintégration, libération des liens d'allégeance à l'égard de la France et francisation de noms et prénoms (Accès protégé)";JORFTEXT000047928325
2023-08-02;0177;portant_naturalisation;IOMN2319596D;"Décret du 31 juillet 2023 portant naturalisation, réintégration, mention d'enfants mineurs bénéficiant de l'effet collectif attaché à l'acquisition de la nationalité française par leurs parents, francisation de noms et de prénoms et libération de l'allégeance française (Accès protégé)";JORFTEXT000047916284
2023-08-02;0177;rapportant;IOMN2316855D;Décret du 31 juillet 2023 rapportant un décret de naturalisation (Accès protégé);JORFTEXT000047916287
2023-08-02;0177;portant_naturalisation;IOMN2318956D;"Décret du 31 juillet 2023 portant naturalisation, réintégration, mention d'enfants mineurs bénéficiant de l'effet collectif attaché à l'acquisition de la nationalité française par leurs parents, francisation de noms et de prénoms et libération de l'allégeance française (Accès protégé)";JORFTEXT000047916281
2023-08-02;0177;portant_naturalisation;IOMN2318163D;"Décret du 31 juillet 2023 portant naturalisation, réintégration, mention d'enfants mineurs bénéficiant de l'effet collectif attaché à l'acquisition de la nationalité française par leurs parents, francisation de noms et de prénoms et libération de l'allégeance française (Accès protégé)";JORFTEXT000047916278
2023-07-29;0174;rapportant;IOMN2315790D;Décret du 27 juillet 2023 rapportant un décret de naturalisation (Accès protégé);JORFTEXT000047902164
2023-07-28;0173;rapportant;IOMN2315972D;Décret du 26 juillet 2023 rapportant un décret de naturalisation (Accès protégé);JORFTEXT000047898499
2023-07-27;0172;rapportant;IOMN2315586D;Décret du 25 juillet 2023 rapportant un décret de naturalisation (Accès protégé);JORFTEXT000047888709
2023-07-27;0172;rapportant;IOMN2316151D;Décret du 25 juillet 2023 rapportant un décret de naturalisation (Accès protégé);JORFTEXT000047888712
2023-07-26;0171;rapportant;IOMN2315170D;Décret du 24 juillet 2023 rapportant un décret de naturalisation (Accès protégé);JORFTEXT000047883067
2023-07-25;0170;rapportant;IOMN2314380D;Décret du 7 juillet 2023 rapportant un décret de naturalisation (Accès protégé);JORFTEXT000047879557
2023-07-20;0166;portant_naturalisation;IOMN2316930D;"Décret du 18 juillet 2023 portant naturalisation, réintégration, mention d'enfants mineurs bénéficiant de l'effet collectif attaché à l'acquisition de la nationalité française par leurs parents et francisation de noms et de prénoms (Accès protégé)";JORFTEXT000047862855
2023-07-19;0165;rapportant;IOMN2314081D;Décret du 17 juillet 2023 rapportant un décret de naturalisation (Accès protégé);JORFTEXT000047858763
2023-07-12;0160;portant_naturalisation;IOMN2317088D;"Décret du 10 juillet 2023 portant naturalisation, réintégration, mention d'enfants mineurs bénéficiant de l'effet collectif attaché à l'acquisition de la nationalité française par leurs parents, francisation de noms et de prénoms et libération de l'allégeance française (Accès protégé)";JORFTEXT000047812898
2023-07-11;0159;modificatif;IOMN2316800D;"Décret du 10 juillet 2023 modifiant des décrets portant naturalisation, réintégration, mention d'enfants mineurs bénéficiant de l'effet collectif attaché à l'acquisition de la nationalité française par leurs parents et francisation de noms et prénoms (Accès protégé)";JORFTEXT000047806479
2023-07-09;0158;rapportant;IOMN2313769D;Décret du 7 juillet 2023 rapportant un décret de naturalisation (Accès protégé);JORFTEXT000047800990
2023-07-07;0156;rapportant;IOMN2313773D;Décret du 5 juillet 2023 rapportant un décret de naturalisation (Accès protégé);JORFTEXT000047793144
2023-06-30;0150;portant_naturalisation;IOMN2316550D;"Décret du 29 juin 2023 portant naturalisation, réintégration, mention d'enfants mineurs bénéficiant de l'effet collectif attaché à l'acquisition de la nationalité française par leurs parents, francisation de noms et de prénoms et libération de l'allégeance française (Accès protégé)";JORFTEXT000047753858
2023-06-30;0150;portant_naturalisation;IOMN2315863D;"Décret du 28 juin 2023 portant naturalisation, réintégration, mention d'enfants mineurs bénéficiant de l'effet collectif attaché à l'acquisition de la nationalité française par leurs parents, francisation de noms et de prénoms et libération de l'allégeance française (Accès protégé)";JORFTEXT000047753855
2023-06-23;0144;rapportant;IOMN2312157D;Décret du 21 juin 2023 rapportant un décret de naturalisation (Accès protégé);JORFTEXT000047716628
2023-06-23;0144;rapportant;IOMN2312846D;Décret du 21 juin 2023 rapportant un décret de naturalisation (Accès protégé);JORFTEXT000047716631
2023-06-22;0143;rapportant;IOMN2312434D;Décret du 21 juin 2023 rapportant un décret de naturalisation (Accès protégé);JORFTEXT000047710157
2023-06-22;0143;rapportant;IOMN2312184D;Décret du 21 juin 2023 rapportant un décret de naturalisation (Accès protégé);JORFTEXT000047710154
2023-06-16;0138;portant_naturalisation;IOMN2314473D;"Décret du 14 juin 2023 portant naturalisation, réintégration, mention d'enfants mineurs bénéficiant de l'effet collectif attaché à l'acquisition de la nationalité française par leurs parents et francisation de noms et de prénoms (Accès protégé)";JORFTEXT000047689432
2023-06-15;0137;portant_naturalisation;IOMN2314903D;"Décret du 14 juin 2023 portant naturalisation, réintégration, mention d'enfants mineurs bénéficiant de l'effet collectif attaché à l'acquisition de la nationalité française par leurs parents et francisation de noms et prénoms (Accès protégé)";JORFTEXT000047683672
2023-06-11;0134;rapportant;IOMN2311329D;Décret du 9 juin 2023 rapportant un décret de naturalisation (Accès protégé);JORFTEXT000047664887
2023-06-10;0133;portant_naturalisation;IOMN2314438D;"Décret du 8 juin 2023 portant naturalisation, réintégration, mention d'enfants mineurs bénéficiant de l'effet collectif attaché à l'acquisition de la nationalité française par leurs parents et francisation de noms et de prénoms (Accès protégé)";JORFTEXT000047663723
2023-06-10;0133;rapportant;IOMN2311406D;Décret du 7 juin 2023 rapportant un décret de naturalisation (Accès protégé);JORFTEXT000047663720
2023-06-10;0133;rapportant;IOMN2311368D;Décret du 7 juin 2023 rapportant un décret de naturalisation (Accès protégé);JORFTEXT000047663717
2023-06-03;0127;rapportant;IOMN2309770D;Décret du 26 mai 2023 rapportant un décret de naturalisation (Accès protégé);JORFTEXT000047624873
2023-06-03;0127;rapportant;IOMN2310165D;Décret du 2 juin 2023 rapportant un décret de naturalisation (Accès protégé);JORFTEXT000047624879
2023-06-03;0127;rapportant;IOMN2309863D;Décret du 2 juin 2023 rapportant un décret de naturalisation (Accès protégé);JORFTEXT000047624876
2023-06-02;0126;portant_naturalisation;IOMN2313403D;"Décret du 31 mai 2023 portant naturalisation, réintégration, mention d'enfants mineurs bénéficiant de l'effet collectif attaché à l'acquisition de la nationalité française par leurs parents et francisation de noms et de prénoms (Accès protégé)";JORFTEXT000047619349
2023-06-01;0125;portant_naturalisation;IOMN2312892D;"Décret du 30 mai 2023 portant naturalisation, réintégration, mention d'enfants mineurs bénéficiant de l'effet collectif attaché à l'acquisition de la nationalité française par leurs parents et francisation de noms et de prénoms (Accès protégé)";JORFTEXT000047614755
2023-06-01;0125;rapportant;IOMN2309171D;Décret du 26 mai 2023 rapportant un décret de naturalisation (Accès protégé);JORFTEXT000047614752
2023-05-28;0123;rapportant;IOMN2309168D;Décret du 26 mai 2023 rapportant un décret de naturalisation (Accès protégé);JORFTEXT000047598159
2023-05-27;0122;portant_naturalisation;IOMN2312457D;"Décret du 25 mai 2023 portant naturalisation, réintégration, mention d'enfants mineurs bénéficiant de l'effet collectif attaché à l'acquisition de la nationalité française par leurs parents, francisation de noms et de prénoms et libération de l'allégeance française (Accès protégé)";JORFTEXT000047597059
2023-05-21;0117;modificatif;IOMN2312190D;"Décret du 19 mai 2023 modificatif de décrets portant naturalisation, réintégration, mention d'enfants mineurs bénéficiant de l'effet collectif attaché à l'acquisition de la nationalité française par leurs parents et francisation de noms et prénoms (Accès protégé)";JORFTEXT000047563811
2023-05-20;0116;rapportant;IOMN2307918D;Décret du 17 mai 2023 rapportant un décret de naturalisation (Accès protégé);JORFTEXT000047563095
2023-05-18;0115;portant_naturalisation;IOMN2311228D;"Décret du 16 mai 2023 portant naturalisation, réintégration, mention d'enfants mineurs bénéficiant de l'effet collectif attaché à l'acquisition de la nationalité française par leurs parents, francisation de noms et de prénoms et libération de l'allégeance française (Accès protégé)";JORFTEXT000047559128
2023-05-13;0111;portant_naturalisation;IOMN2311905D;"Décret du 11 mai 2023 portant naturalisation, réintégration, mention d'enfants mineurs bénéficiant de l'effet collectif attaché à l'acquisition de la nationalité française par leurs parents et francisation de noms et de prénoms (Accès protégé)";JORFTEXT000047541520
2023-05-05;0105;rapportant;IOMN2307913D;Décret du 3 mai 2023 rapportant un décret de naturalisation (Accès protégé);JORFTEXT000047521752
2023-04-30;0102;rectificatif;IOMN2309925D;"Décret du 28 avril 2023 portant rectification de décrets de naturalisation, réintégration, libération des liens d'allégeance à l'égard de la France et francisation de noms et prénoms (Accès protégé)";JORFTEXT000047507582
2023-04-30;0102;rapportant;IOMN2307912D;Décret du 28 avril 2023 rapportant un décret de naturalisation (Accès protégé);JORFTEXT000047507585
2023-04-29;0101;modificatif;IOMN2309858D;"Décret du 26 avril 2023 modifiant des décrets portant naturalisation, réintégration, mention d'enfants mineurs bénéficiant de l'effet collectif attaché à l'acquisition de la nationalité française par leurs parents et francisation de noms et prénoms (Accès protégé)";JORFTEXT000047506793
2023-04-29;0101;rapportant;IOMN2306891D;Décret du 26 avril 2023 rapportant un décret de naturalisation (Accès protégé);JORFTEXT000047506796
2023-04-28;0100;portant_naturalisation;IOMN2309865D;"Décret du 26 avril 2023 portant naturalisation, réintégration, mention d'enfants mineurs bénéficiant de l'effet collectif attaché à l'acquisition de la nationalité française par leurs parents et francisation de noms et prénoms (Accès protégé)";JORFTEXT000047502216
2023-04-28;0100;rapportant;IOMN2306465D;Décret du 26 avril 2023 rapportant un décret de naturalisation (Accès protégé);JORFTEXT000047502219
2023-04-27;0099;rapportant;IOMN2306774D;Décret du 26 avril 2023 rapportant un décret de naturalisation (Accès protégé);JORFTEXT000047496490
2023-04-21;0094;portant_naturalisation;IOMN2310400D;"Décret du 20 avril 2023 portant naturalisation, réintégration, mention d'enfants mineurs bénéficiant de l'effet collectif attaché à l'acquisition de la nationalité française par leurs parents et francisation de noms et de prénoms (Accès protégé)";JORFTEXT000047472843
2023-04-13;0087;portant_naturalisation;IOMN2308713D;"Décret du 7 avril 2023 portant naturalisation, réintégration, mention d'enfants mineurs bénéficiant de l'effet collectif attaché à l'acquisition de la nationalité française par leurs parents et francisation de noms et prénoms (Accès protégé)";JORFTEXT000047434812
2023-04-13;0087;portant_naturalisation;IOMN2308266D;"Décret du 7 avril 2023 portant naturalisation, réintégration, mention d'enfants mineurs bénéficiant de l'effet collectif attaché à l'acquisition de la nationalité française par leurs parents et francisation de noms et prénoms (Accès protégé)";JORFTEXT000047434809
2023-04-12;0086;portant_naturalisation;IOMN2309099D;"Décret du 10 avril 2023 portant naturalisation, réintégration, mention d'enfants mineurs bénéficiant de l'effet collectif attaché à l'acquisition de la nationalité française par leurs parents et francisation de noms et de prénoms (Accès protégé)";JORFTEXT000047428986
2023-04-08;0084;rapportant;IOMN2304688D;Décret du 5 avril 2023 rapportant un décret de naturalisation (Accès protégé);JORFTEXT000047423013
2023-04-05;0081;portant_naturalisation;IOMN2307586D;"Décret du 3 avril 2023 portant naturalisation, réintégration, mention d'enfants mineurs bénéficiant de l'effet collectif attaché à l'acquisition de la nationalité française par leurs parents et francisation de noms et de prénoms (Accès protégé)";JORFTEXT000047406964
2023-04-02;0079;rapportant;IOMN2305477D;Décret du 31 mars 2023 rapportant un décret de naturalisation (Accès protégé);JORFTEXT000047388774
2023-03-30;0076;rapportant;IOMN2304663D;Décret du 28 mars 2023 rapportant un décret de naturalisation (Accès protégé);JORFTEXT000047371608
2023-03-28;0074;portant_naturalisation;IOMN2306959D;"Décret du 24 mars 2023 portant naturalisation, réintégration, mention d'enfants mineurs bénéficiant de l'effet collectif attaché à l'acquisition de la nationalité française par leurs parents et francisation de noms et de prénoms (Accès protégé)";JORFTEXT000047351635
2023-03-22;0069;portant_naturalisation;IOMN2306374D;"Décret du 20 mars 2023 portant naturalisation, réintégration, mention d'enfants mineurs bénéficiant de l'effet collectif attaché à l'acquisition de la nationalité française par leurs parents et francisation de noms et de prénoms (Accès protégé)";JORFTEXT000047329875
2023-03-17;0065;rapportant;IOMN2303224D;Décret du 15 mars 2023 rapportant un décret de naturalisation (Accès protégé);JORFTEXT000047314783
2023-03-16;0064;rapportant;IOMN2302700D;Décret du 14 mars 2023 rapportant un décret de naturalisation (Accès protégé);JORFTEXT000047311594
2023-03-15;0063;rapportant;IOMN2303254D;Décret du 13 mars 2023 rapportant un décret de naturalisation (Accès protégé);JORFTEXT000047309004
2023-03-15;0063;rapportant;IOMN2302655D;Décret du 13 mars 2023 rapportant un décret de naturalisation (Accès protégé);JORFTEXT000047308998
2023-03-15;0063;rapportant;IOMN2303216D;Décret du 13 mars 2023 rapportant un décret de naturalisation (Accès protégé);JORFTEXT000047309001
2023-03-10;0059;rectificatif;IOMN2305721D;"Décret du 8 mars 2023 portant rectification de décrets de naturalisation, réintégration, libération des liens d'allégeance à l'égard de la France et francisation de noms et prénoms (Accès protégé)";JORFTEXT000047282610
2023-03-10;0059;portant_naturalisation;IOMN2305753D;"Décret du 8 mars 2023 portant naturalisation, réintégration, mention d'enfants mineurs bénéficiant de l'effet collectif attaché à l'acquisition de la nationalité française par leurs parents et francisation de noms et prénoms (Accès protégé)";JORFTEXT000047282613
2023-03-05;0055;portant_naturalisation;IOMN2304945D;"Décret du 3 mars 2023 portant naturalisation, réintégration, mention d'enfants mineurs bénéficiant de l'effet collectif attaché à l'acquisition de la nationalité française par leurs parents et francisation de noms et de prénoms (Accès protégé)";JORFTEXT000047261171
2023-03-04;0054;modificatif;IOMN2305182D;"Décret du 1er mars 2023 modificatif de décrets portant naturalisation, réintégration, mention d'enfants mineurs bénéficiant de l'effet collectif attaché à l'acquisition de la nationalité française par leurs parents et francisation de noms et prénoms (Accès protégé)";JORFTEXT000047260465
2023-03-04;0054;rapportant;IOMN2302300D;Décret du 1er mars 2023 rapportant un décret de naturalisation (Accès protégé);JORFTEXT000047260468
2023-03-03;0053;rapportant;IOMN2302241D;Décret du 1er mars 2023 rapportant un décret de naturalisation (Accès protégé);JORFTEXT000047255061
2023-02-26;0049;portant_naturalisation;IOMN2304242D;"Décret du 24 février 2023 portant naturalisation, réintégration, mention d'enfants mineurs bénéficiant de l'effet collectif attaché à l'acquisition de la nationalité française par leurs parents et francisation de noms et de prénoms (Accès protégé)";JORFTEXT000047227242
2023-02-26;0049;rapportant;IOMN2300887D;Décret du 24 février 2023 rapportant un décret de naturalisation (Accès protégé);JORFTEXT000047227248
2023-02-25;0048;rapportant;IOMN2300981D;Décret du 23 février 2023 rapportant un décret de naturalisation (Accès protégé);JORFTEXT000047226536
2023-02-25;0048;rapportant;IOMN2237794D;Décret du 23 février 2023 rapportant un décret de naturalisation (Accès protégé);JORFTEXT000047226533
2023-02-24;0047;rapportant;IOMN2300907D;Décret du 22 février 2023 rapportant un décret de naturalisation (Accès protégé);JORFTEXT000047219902
2023-02-21;0044;portant_naturalisation;IOMN2303532D;"Décret du 16 février 2023 portant naturalisation, réintégration, mention d'enfants mineurs bénéficiant de l'effet collectif attaché à l'acquisition de la nationalité française par leurs parents et francisation de noms et de prénoms (Accès protégé)";JORFTEXT000047201616
2023-02-18;0042;rapportant;IOMN2237796D;Décret du 16 février 2023 rapportant un décret de naturalisation (Accès protégé);JORFTEXT000047191528
2023-02-18;0042;rapportant;IOMN2237476D;Décret du 16 février 2023 rapportant un décret de naturalisation (Accès protégé);JORFTEXT000047191525
2023-02-17;0041;rapportant;IOMN2237479D;Décret du 15 février 2023 rapportant un décret de naturalisation (Accès protégé);JORFTEXT000047184222
2023-02-12;0037;rectificatif;IOMN2303377D;"Décret du 10 février 2023 portant rectification de décrets de naturalisation, réintégration, libération des liens d'allégeance à l'égard de la France et francisation de noms et prénoms (Accès protégé)";JORFTEXT000047121967
2023-02-10;0035;portant_naturalisation;IOMN2302827D;"Décret du 8 février 2023 portant naturalisation, réintégration, mention d'enfants mineurs bénéficiant de l'effet collectif attaché à l'acquisition de la nationalité française par leurs parents et francisation de noms et prénoms (Accès protégé)";JORFTEXT000047111540
2023-02-05;0031;portant_naturalisation;IOMN2302006D;"Décret du 3 février 2023 portant naturalisation, réintégration, mention d'enfants mineurs bénéficiant de l'effet collectif attaché à l'acquisition de la nationalité française par leurs parents et francisation de noms et de prénoms (Accès protégé)";JORFTEXT000047091376
2023-02-05;0031;rapportant;IOMN2237081D;Décret du 3 février 2023 rapportant un décret de naturalisation (Accès protégé);JORFTEXT000047091382
2023-01-29;0025;portant_naturalisation;IOMN2301345D;"Décret du 27 janvier 2023 portant naturalisation, réintégration, mention d'enfants mineurs bénéficiant de l'effet collectif attaché à l'acquisition de la nationalité française par leurs parents et francisation de noms et de prénoms (Accès protégé)";JORFTEXT000047069541
2023-01-29;0025;portant_naturalisation;IOMN2300872D;"Décret du 27 janvier 2023 portant naturalisation, réintégration, mention d'enfants mineurs bénéficiant de l'effet collectif attaché à l'acquisition de la nationalité française par leurs parents et francisation de noms et de prénoms (Accès protégé)";JORFTEXT000047069538
2023-01-28;0024;rapportant;IOMN2236241D;Décret du 27 janvier 2023 rapportant un décret de naturalisation (Accès protégé);JORFTEXT000047068682
2023-01-21;0018;rapportant;IOMN2233748D;Décret du 18 janvier 2023 rapportant un décret de naturalisation (Accès protégé);JORFTEXT000047017607
2023-01-21;0018;rapportant;IOMN2233573D;Décret du 19 janvier 2023 rapportant un décret de naturalisation (Accès protégé);JORFTEXT000047017610
2023-01-19;0016;portant_naturalisation;IOMN2300677D;"Décret du 16 janvier 2023 portant naturalisation, réintégration, mention d'enfants mineurs bénéficiant de l'effet collectif attaché à l'acquisition de la nationalité française par leurs parents et francisation de noms et de prénoms (Accès protégé)";JORFTEXT000047008658
2023-01-11;0009;portant_naturalisation;IOMN2237609D;"Décret du 9 janvier 2023 portant naturalisation, réintégration, mention d'enfants mineurs bénéficiant de l'effet collectif attaché à l'acquisition de la nationalité française par leurs parents et francisation de noms et de prénoms (Accès protégé)";JORFTEXT000046968210
2023-01-10;0008;portant_naturalisation;IOMN2235755D;"Décret du 6 janvier 2023 portant naturalisation, réintégration, mention d'enfants mineurs bénéficiant de l'effet collectif attaché à l'acquisition de la nationalité française par leurs parents, francisation de noms et de prénoms et libération de l'allégeance française (Accès protégé)";JORFTEXT000046960464
2023-01-05;0004;modificatif;IOMN2235699D;"Décret du 3 janvier 2023 modificatif de décrets portant naturalisation, réintégration, mention d'enfants mineurs bénéficiant de l'effet collectif attaché à l'acquisition de la nationalité française par leurs parents et francisation de noms et prénoms (Accès protégé)";JORFTEXT000046913098
2023-01-04;0003;rapportant;IOMN2233660D;Décret du 2 janvier 2023 rapportant un décret de naturalisation (Accès protégé);JORFTEXT000046891853
2023-01-04;0003;rapportant;IOMN2232219D;Décret du 2 janvier 2023 rapportant un décret de naturalisation (Accès protégé);JORFTEXT000046891841
2023-01-04;0003;rapportant;IOMN2233002D;Décret du 2 janvier 2023 rapportant un décret de naturalisation (Accès protégé);JORFTEXT000046891850
2023-01-04;0003;rapportant;IOMN2232481D;Décret du 2 janvier 2023 rapportant un décret de naturalisation (Accès protégé);JORFTEXT000046891844
2023-01-04;0003;rapportant;IOMN2232924D;Décret du 2 janvier 2023 rapportant un décret de naturalisation (Accès protégé);JORFTEXT000046891847
2022-12-27;0299;rapportant;IOMN2232203D;Décret du 23 décembre 2022 rapportant un décret de naturalisation (Accès protégé);JORFTEXT000046808171
2022-12-23;0297;rapportant;IOMN2231324D;Décret du 21 décembre 2022 rapportant un décret de naturalisation (Accès protégé);JORFTEXT000046781430
2022-12-22;0296;portant_naturalisation;IOMN2235368D;"Décret du 21 décembre 2022 portant naturalisation, réintégration, mention d'enfants mineurs bénéficiant de l'effet collectif attaché à l'acquisition de la nationalité française par leurs parents et francisation de noms et de prénoms (Accès protégé)";JORFTEXT000046772934
2022-12-22;0296;rectificatif;IOMN2235008D;"Décret du 21 décembre 2022 portant rectification de décrets de naturalisation, réintégration, libération des liens d'allégeance à l'égard de la France et francisation de noms et prénoms (Accès protégé)";JORFTEXT000046772931
2022-12-17;0292;modificatif;IOMN2233813D;"Décret du 14 décembre 2022 modificatif de décrets portant naturalisation, réintégration, mention d'enfants mineurs bénéficiant de l'effet collectif attaché à l'acquisition de la nationalité française par leurs parents et francisation de noms et prénoms (Accès protégé)";JORFTEXT000046751883
2022-12-16;0291;rapportant;IOMN2231288D;Décret du 14 décembre 2022 rapportant un décret de naturalisation (Accès protégé);JORFTEXT000046745340
2022-12-16;0291;rapportant;IOMN2230032D;Décret du 14 décembre 2022 rapportant un décret de naturalisation (Accès protégé);JORFTEXT000046745334
2022-12-16;0291;portant_naturalisation;IOMN2233284D;"Décret du 13 décembre 2022 portant naturalisation, réintégration, mention d'enfants mineurs bénéficiant de l'effet collectif attaché à l'acquisition de la nationalité française par leurs parents et francisation de noms et de prénoms (Accès protégé)";JORFTEXT000046745328
2022-12-16;0291;portant_naturalisation;IOMN2234589D;"Décret du 14 décembre 2022 portant naturalisation, réintégration, mention d'enfants mineurs bénéficiant de l'effet collectif attaché à l'acquisition de la nationalité française par leurs parents et francisation de noms et de prénoms (Accès protégé)";JORFTEXT000046745331
2022-12-10;0286;rapportant;IOMN2230658D;Décret du 9 décembre 2022 rapportant un décret de naturalisation (Accès protégé);JORFTEXT000046720070
2022-12-10;0286;portant_naturalisation;IOMN2232968D;"Décret du 9 décembre 2022 portant naturalisation, réintégration, mention d'enfants mineurs bénéficiant de l'effet collectif attaché à l'acquisition de la nationalité française par leurs parents et francisation de noms et de prénoms (Accès protégé)";JORFTEXT000046720067
2022-12-03;0280;rectificatif;IOMN2231879D;"Décret du 30 novembre 2022 portant rectification de décrets de naturalisation, réintégration, libération des liens d'allégeance à l'égard de la France et francisation de noms et prénoms (Accès protégé)";JORFTEXT000046677781
2022-12-03;0280;rapportant;IOMN2229983D;Décret du 1er décembre 2022 rapportant un décret de naturalisation (Accès protégé);JORFTEXT000046677784
2022-12-02;0279;portant_naturalisation;IOMN2231761D;"Décret du 30 novembre 2022 portant naturalisation, réintégration, mention d'enfants mineurs bénéficiant de l'effet collectif attaché à l'acquisition de la nationalité française par leurs parents et francisation de noms et de prénoms (Accès protégé)";JORFTEXT000046672865
2022-12-01;0278;portant_naturalisation;IOMN2231658D;"Décret du 30 novembre 2022 portant naturalisation, réintégration, mention d'enfants mineurs bénéficiant de l'effet collectif attaché à l'acquisition de la nationalité française par leurs parents et francisation de noms et de prénoms (Accès protégé)";JORFTEXT000046664591
2022-11-30;0277;portant_naturalisation;ARMH2233713D;Décret du 28 novembre 2022 portant naturalisation (Accès protégé);JORFTEXT000046658827
2022-11-29;0276;rapportant;IOMN2229020D;Décret du 28 novembre 2022 rapportant un décret de naturalisation (Accès protégé);JORFTEXT000046653122
2022-11-26;0274;rapportant;IOMN2228895D;Décret du 24 novembre 2022 rapportant un décret de naturalisation (Accès protégé);JORFTEXT000046618328
2022-11-19;0268;rapportant;IOMN2225939D;Décret du 18 novembre 2022 rapportant un décret de naturalisation (Accès protégé);JORFTEXT000046577302
2022-11-17;0266;portant_naturalisation;IOMN2230344D;"Décret du 15 novembre 2022 portant naturalisation, réintégration, mention d'enfants mineurs bénéficiant de l'effet collectif attaché à l'acquisition de la nationalité française par leurs parents, francisation de noms et de prénoms et libération de l'allégeance française (Accès protégé)";JORFTEXT000046566594
2022-11-17;0266;portant_naturalisation;IOMN2230961D;"Décret du 15 novembre 2022 portant naturalisation, réintégration, mention d'enfants mineurs bénéficiant de l'effet collectif attaché à l'acquisition de la nationalité française par leurs parents et francisation de noms et de prénoms (Accès protégé)";JORFTEXT000046566597
2022-11-06;0258;modificatif;IOMN2230691D;"Décret modificatif du 4 novembre 2022 de décrets portant naturalisation, réintégration, mention d'enfants mineurs bénéficiant de l'effet collectif attaché à l'acquisition de la nationalité française par leurs parents et francisation de noms et prénoms (Accès protégé)";JORFTEXT000046528324
2022-11-06;0258;rapportant;IOMN2226122D;Décret du 4 novembre 2022 rapportant un décret de naturalisation (Accès protégé);JORFTEXT000046528327
2022-11-05;0257;rapportant;IOMN2227019D;Décret du 3 novembre 2022 rapportant un décret de naturalisation (Accès protégé);JORFTEXT000046527727
2022-10-29;0252;portant_naturalisation;IOMN2229700D;"Décret du 28 octobre 2022 portant naturalisation, réintégration, mention d'enfants mineurs bénéficiant de l'effet collectif attaché à l'acquisition de la nationalité française par leurs parents, francisation de noms et de prénoms et libération de l'allégeance française (Accès protégé)";JORFTEXT000046502506
2022-10-23;0247;rapportant;IOMN2225206D;Décret du 21 octobre 2022 rapportant un décret de naturalisation (Accès protégé);JORFTEXT000046474217
2022-10-22;0246;rapportant;IOMN2224852D;Décret du 21 octobre 2022 rapportant un décret de naturalisation (Accès protégé);JORFTEXT000046473614
2022-10-22;0246;rectificatif;IOMN2228780D;"Décret du 21 octobre 2022 portant rectification de décrets de naturalisation, réintégration, libération des liens d'allégeance à l'égard de la France et francisation de noms et prénoms (Accès protégé)";JORFTEXT000046473611
2022-10-22;0246;rapportant;IOMN2225754D;Décret du 21 octobre 2022 rapportant un décret de naturalisation (Accès protégé);JORFTEXT000046473617
2022-10-22;0246;portant_naturalisation;IOMN2228677D;"Décret du 21 octobre 2022 portant naturalisation, réintégration, mention d'enfants mineurs bénéficiant de l'effet collectif attaché à l'acquisition de la nationalité française par leurs parents, francisation de noms et de prénoms et libération de l'allégeance française (Accès protégé)";JORFTEXT000046473608
2022-10-20;0244;rapportant;IOMN2223704D;Décret du 18 octobre 2022 rapportant un décret de naturalisation (Accès protégé);JORFTEXT000046447722
2022-10-19;0243;portant_naturalisation;IOMN2227258D;"Décret du 18 octobre 2022 portant naturalisation, réintégration, mention d'enfants mineurs bénéficiant de l'effet collectif attaché à l'acquisition de la nationalité française par leurs parents, francisation de noms et de prénoms et libération de l'allégeance française (Accès protégé)";JORFTEXT000046442739
2022-10-19;0243;portant_naturalisation;IOMN2228101D;"Décret du 18 octobre 2022 portant naturalisation, réintégration, mention d'enfants mineurs bénéficiant de l'effet collectif attaché à l'acquisition de la nationalité française par leurs parents et francisation de noms et de prénoms (Accès protégé)";JORFTEXT000046442742
2022-10-14;0239;rapportant;IOMN2223883D;Décret du 12 octobre 2022 rapportant un décret de naturalisation (Accès protégé);JORFTEXT000046422489
2022-10-13;0238;rectificatif;IOMN2227637D;"Décret du 12 octobre 2022 portant rectification de décrets de naturalisation, réintégration, libération des liens d'allégeance à l'égard de la France et francisation de noms et prénoms (Accès protégé)";JORFTEXT000046414067
2022-10-12;0237;rapportant;IOMN2222854D;Décret du 10 octobre 2022 rapportant un décret de naturalisation (Accès protégé);JORFTEXT000046404979
2022-10-12;0237;rapportant;IOMN2221900D;Décret du 10 octobre 2022 rapportant un décret de naturalisation (Accès protégé);JORFTEXT000046404976
2022-10-12;0237;rapportant;IOMN2223875D;Décret du 10 octobre 2022 rapportant un décret de naturalisation (Accès protégé);JORFTEXT000046404982
2022-10-06;0232;portant_naturalisation;ARMH2228241D;Décret du 5 octobre 2022 portant naturalisation (Accès protégé);JORFTEXT000046369000
2022-09-29;0226;rapportant;IOMN2221513D;Décret du 27 septembre 2022 rapportant un décret de naturalisation (Accès protégé);JORFTEXT000046338514
2022-09-29;0226;rapportant;IOMN2221210D;Décret du 27 septembre 2022 rapportant un décret de naturalisation (Accès protégé);JORFTEXT000046338511
2022-09-29;0226;rapportant;IOMN2221869D;Décret du 27 septembre 2022 rapportant un décret de naturalisation (Accès protégé);JORFTEXT000046338517
2022-09-28;0225;modificatif;IOMN2226062D;"Décret du 27 septembre 2022 modificatif de décrets portant naturalisation, réintégration, mention d'enfants mineurs bénéficiant de l'effet collectif attaché à l'acquisition de la nationalité française par leurs parents et francisation de noms et prénoms (Accès protégé)";JORFTEXT000046335311
2022-09-24;0222;portant_naturalisation;IOMN2226504D;"Décret du 23 septembre 2022 portant naturalisation, réintégration, mention d'enfants mineurs bénéficiant de l'effet collectif attaché à l'acquisition de la nationalité française par leurs parents et francisation de noms et de prénoms (Accès protégé)";JORFTEXT000046326065
2022-09-22;0220;portant_naturalisation;IOMN2225888D;"Décret du 20 septembre 2022 portant naturalisation, réintégration, mention d'enfants mineurs bénéficiant de l'effet collectif attaché à l'acquisition de la nationalité française par leurs parents et francisation de noms et de prénoms (Accès protégé)";JORFTEXT000046317297
2022-09-21;0219;portant_naturalisation;IOMN2225288D;"Décret du 20 septembre 2022 portant naturalisation, réintégration, mention d'enfants mineurs bénéficiant de l'effet collectif attaché à l'acquisition de la nationalité française par leurs parents, francisation de noms et de prénoms et libération de l'allégeance française (Accès protégé)";JORFTEXT000046308309
2022-09-20;0218;rapportant;IOMN2221327D;Décret du 16 septembre 2022 rapportant un décret de naturalisation (Accès protégé);JORFTEXT000046304817
2022-09-09;0209;portant_naturalisation;ARMH2225621D;Décret du 7 septembre 2022 portant naturalisation (Accès protégé);JORFTEXT000046270319
2022-09-07;0207;portant_naturalisation;IOMN2224000D;"Décret du 6 septembre 2022 portant naturalisation, réintégration, mention d'enfants mineurs bénéficiant de l'effet collectif attaché à l'acquisition de la nationalité française par leurs parents, francisation de noms et de prénoms et libération de l'allégeance française (Accès protégé)";JORFTEXT000046264255
2022-09-07;0207;portant_naturalisation;IOMN2221774D;"Décret du 6 septembre 2022 portant naturalisation, réintégration, mention d'enfants mineurs bénéficiant de l'effet collectif attaché à l'acquisition de la nationalité française par leurs parents, francisation de noms et de prénoms et libération de l'allégeance française (Accès protégé)";JORFTEXT000046264249
2022-09-02;0203;portant_naturalisation;IOMN2223892D;"Décret du 31 août 2022 portant naturalisation, réintégration, mention d'enfants mineurs bénéficiant de l'effet collectif attaché à l'acquisition de la nationalité française par leurs parents et francisation de noms et de prénoms (Accès protégé)";JORFTEXT000046249427
2022-09-02;0203;portant_naturalisation;IOMN2224667D;"Décret du 31 août 2022 portant naturalisation, réintégration, mention d'enfants mineurs bénéficiant de l'effet collectif attaché à l'acquisition de la nationalité française par leurs parents, francisation de noms et de prénoms et libération de l'allégeance française (Accès protégé)";JORFTEXT000046249430
2022-09-01;0202;rapportant;IOMN2217485D;Décret du 29 août 2022 rapportant un décret de naturalisation (Accès protégé);JORFTEXT000046243249
2022-08-31;0201;modificatif;IOMN2223912D;"Décret modificatif du 29 août 2022 de décrets portant naturalisation, réintégration, mention d'enfants mineurs bénéficiant de l'effet collectif attaché à l'acquisition de la nationalité française par leurs parents et francisation de noms et prénoms (Accès protégé)";JORFTEXT000046229945
2022-08-28;0199;rapportant;IOMN2216825D;Décret du 26 août 2022 rapportant un décret de naturalisation (Accès protégé);JORFTEXT000046222104
2022-08-27;0198;rectificatif;IOMN2223599D;"Décret du 25 août 2022 portant rectification de décrets de naturalisation, réintégration, libération des liens d'allégeance à l'égard de la France et francisation de noms et prénoms (Accès protégé)";JORFTEXT000046221326
2022-08-27;0198;rapportant;IOMN2217467D;Décret du 25 août 2022 rapportant un décret de naturalisation (Accès protégé);JORFTEXT000046221329
2022-08-26;0197;portant_naturalisation;IOMN2222470D;"Décret du 24 août 2022 portant naturalisation, réintégration, mention d'enfants mineurs bénéficiant de l'effet collectif attaché à l'acquisition de la nationalité française par leurs parents, francisation de noms et de prénoms et libération de l'allégeance française (Accès protégé)";JORFTEXT000046217164
2022-08-19;0191;portant_naturalisation;IOMN2223354D;"Décret du 18 août 2022 portant naturalisation, réintégration, mention d'enfants mineurs bénéficiant de l'effet collectif attaché à l'acquisition de la nationalité française par leurs parents et francisation de noms et de prénoms (Accès protégé)";JORFTEXT000046201705
2022-08-06;0181;portant_naturalisation;IOMN2220886D;"Décret du 4 août 2022 portant naturalisation, réintégration, mention d'enfants mineurs bénéficiant de l'effet collectif attaché à l'acquisition de la nationalité française par leurs parents, francisation de noms et de prénoms et libération de l'allégeance française (Accès protégé)";JORFTEXT000046151251
2022-08-06;0181;rapportant;IOMN2215885D;Décret du 4 août 2022 rapportant un décret de naturalisation (Accès protégé);JORFTEXT000046151254
2022-08-06;0181;rapportant;IOMN2216912D;Décret du 4 août 2022 rapportant un décret de naturalisation (Accès protégé);JORFTEXT000046151257
2022-07-29;0174;rapportant;IOMN2216495D;Décret du 27 juillet 2022 rapportant un décret de naturalisation (Accès protégé);JORFTEXT000046108158
2022-07-29;0174;rapportant;IOMN2215600D;Décret du 28 juillet 2022 rapportant un décret de naturalisation (Accès protégé);JORFTEXT000046108161
2022-07-24;0170;rapportant;IOMN2215587D;Décret du 22 juillet 2022 rapportant un décret de naturalisation (Accès protégé);JORFTEXT000046083654
2022-07-24;0170;portant_naturalisation;IOMN2220108D;"Décret du 22 juillet 2022 portant naturalisation, réintégration, mention d'enfants mineurs bénéficiant de l'effet collectif attaché à l'acquisition de la nationalité française par leurs parents, francisation de noms et de prénoms et libération de l'allégeance française (Accès protégé)";JORFTEXT000046083651
2022-07-24;0170;modificatif;IOMN2218652D;"Décret modificatif du 22 juillet 2022 de décrets portant naturalisation, réintégration, mention d'enfants mineurs bénéficiant de l'effet collectif attaché à l'acquisition de la nationalité française par leurs parents et francisation de noms et prénoms (Accès protégé)";JORFTEXT000046083645
2022-07-22;0168;rapportant;IOMN2213591D;Décret du 20 juillet 2022 rapportant un décret de naturalisation (Accès protégé);JORFTEXT000046077805
2022-07-22;0168;rapportant;IOMN2215091D;Décret du 20 juillet 2022 rapportant un décret de naturalisation (Accès protégé);JORFTEXT000046077808
2022-07-22;0168;portant_naturalisation;IOMN2218581D;"Décret du 20 juillet 2022 portant naturalisation, réintégration, mention d'enfants mineurs bénéficiant de l'effet collectif attaché à l'acquisition de la nationalité française par leurs parents, francisation de noms et de prénoms et libération de l'allégeance française (Accès protégé)";JORFTEXT000046077799
2022-07-22;0168;portant_naturalisation;IOMN2219293D;"Décret du 20 juillet 2022 portant naturalisation, réintégration, mention d'enfants mineurs bénéficiant de l'effet collectif attaché à l'acquisition de la nationalité française par leurs parents, francisation de noms et de prénoms et libération de l'allégeance française (Accès protégé)";JORFTEXT000046077802
2022-07-19;0165;rapportant;IOMN2215063D;Décret du 15 juillet 2022 rapportant un décret de naturalisation (Accès protégé);JORFTEXT000046057092
2022-07-19;0165;rapportant;IOMN2213536D;Décret du 15 juillet 2022 rapportant un décret de naturalisation (Accès protégé);JORFTEXT000046057089
2022-07-17;0164;rectificatif;IOMN2218647D;"Décret du 15 juillet 2022 portant rectification de décrets de naturalisation, réintégration, libération des liens d'allégeance à l'égard de la France et francisation de noms et prénoms (Accès protégé)";JORFTEXT000046050072
2022-07-14;0162;rapportant;IOMN2214833D;Décret du 13 juillet 2022 rapportant un décret de naturalisation (Accès protégé);JORFTEXT000046045647
2022-07-14;0162;rapportant;IOMN2214508D;Décret du 13 juillet 2022 rapportant un décret de naturalisation (Accès protégé);JORFTEXT000046045644
2022-07-05;0154;portant_naturalisation;INTN2216478D;"Décret du 4 juillet 2022 portant naturalisation, réintégration, mention d'enfants mineurs bénéficiant de l'effet collectif attaché à l'acquisition de la nationalité française par leurs parents, francisation de noms et de prénoms et libération de l'allégeance française (Accès protégé)";JORFTEXT000046014868
2022-07-05;0154;portant_naturalisation;INTN2217794D;"Décret du 4 juillet 2022 portant naturalisation, réintégration, mention d'enfants mineurs bénéficiant de l'effet collectif attaché à l'acquisition de la nationalité française par leurs parents, francisation de noms et de prénoms et libération de l'allégeance française (Accès protégé)";JORFTEXT000046014871
2022-07-02;0152;rapportant;INTN2213555D;Décret du 1er juillet 2022 rapportant un décret de naturalisation (Accès protégé);JORFTEXT000046004494
2022-07-02;0152;rapportant;INTN2212643D;Décret du 1er juillet 2022 rapportant un décret de naturalisation (Accès protégé);JORFTEXT000046004491
2022-06-29;0149;portant_naturalisation;INTN2216946D;"Décret du 27 juin 2022 portant naturalisation, réintégration, mention d'enfants mineurs bénéficiant de l'effet collectif attaché à l'acquisition de la nationalité française par leurs parents, francisation de noms et de prénoms et libération de l'allégeance française (Accès protégé)";JORFTEXT000045973962
2022-06-29;0149;portant_naturalisation;INTN2216489D;"Décret du 27 juin 2022 portant naturalisation, réintégration, mention d'enfants mineurs bénéficiant de l'effet collectif attaché à l'acquisition de la nationalité française par leurs parents, francisation de noms et de prénoms et libération de l'allégeance française (Accès protégé)";JORFTEXT000045973959
2022-06-26;0147;modificatif;INTN2216575D;"Décret modificatif du 24 juin 2022 de décrets portant naturalisation, réintégration, mention d'enfants mineurs bénéficiant de l'effet collectif attaché à l'acquisition de la nationalité française par leurs parents et francisation de noms et prénoms (Accès protégé)";JORFTEXT000045964497
2022-06-24;0145;portant_naturalisation;INTN2216255D;"Décret du 23 juin 2022 portant naturalisation, réintégration, mention d'enfants mineurs bénéficiant de l'effet collectif attaché à l'acquisition de la nationalité française par leurs parents, francisation de noms et de prénoms et libération de l'allégeance française (Accès protégé)";JORFTEXT000045960401
2022-06-24;0145;rectificatif;INTN2216582D;"Décret du 23 juin 2022 portant rectification de décrets de naturalisation, réintégration, libération des liens d'allégeance à l'égard de la France et francisation de noms et prénoms (Accès protégé)";JORFTEXT000045960404
2022-06-24;0145;rapportant;INTN2211274D;Décret du 22 juin 2022 rapportant un décret de naturalisation (Accès protégé);JORFTEXT000045960395
2022-06-24;0145;rapportant;INTN2211820D;Décret du 23 juin 2022 rapportant un décret de naturalisation (Accès protégé);JORFTEXT000045960407
2022-06-19;0141;portant_naturalisation;INTN2216061D;"Décret du 17 juin 2022 portant naturalisation, réintégration, mention d'enfants mineurs bénéficiant de l'effet collectif attaché à l'acquisition de la nationalité française par leurs parents, francisation de noms et de prénoms et libération de l'allégeance française (Accès protégé)";JORFTEXT000045932387
2022-06-11;0134;rapportant;INTN2209850D;Décret du 8 juin 2022 rapportant un décret de naturalisation (Accès protégé);JORFTEXT000045896532
2022-06-11;0134;rapportant;INTN2208952D;Décret du 8 juin 2022 rapportant un décret de naturalisation (Accès protégé);JORFTEXT000045896529
2022-06-10;0133;rapportant;INTN2209862D;Décret du 9 juin 2022 rapportant un décret de naturalisation (Accès protégé);JORFTEXT000045892643
2022-06-10;0133;rapportant;INTN2209841D;Décret du 9 juin 2022 rapportant un décret de naturalisation (Accès protégé);JORFTEXT000045892640
2022-05-15;0113;rapportant;INTN2208619D;Décret du 13 mai 2022 rapportant un décret de naturalisation (Accès protégé);JORFTEXT000045797899
2022-05-15;0113;portant_naturalisation;INTN2212792D;"Décret du 13 mai 2022 portant naturalisation, réintégration, mention d'enfants mineurs bénéficiant de l'effet collectif attaché à l'acquisition de la nationalité française par leurs parents, francisation de noms et de prénoms et libération de l'allégeance française (Accès protégé)";JORFTEXT000045797896
2022-05-14;0112;portant_naturalisation;INTN2212293D;"Décret du 11 mai 2022 portant naturalisation, réintégration, mention d'enfants mineurs bénéficiant de l'effet collectif attaché à l'acquisition de la nationalité française par leurs parents, francisation de noms et de prénoms et libération de l'allégeance française (Accès protégé)";JORFTEXT000045797075
2022-05-12;0110;rapportant;INTN2209181D;Décret du 11 mai 2022 rapportant un décret de naturalisation (Accès protégé);JORFTEXT000045785496
2022-05-06;0105;portant_naturalisation;INTN2211071D;"Décret du 4 mai 2022 portant naturalisation, réintégration, mention d'enfants mineurs bénéficiant de l'effet collectif attaché à l'acquisition de la nationalité française par leurs parents et francisation de noms et de prénoms (Accès protégé)";JORFTEXT000045757981
2022-05-06;0105;portant_naturalisation;INTN2211109D;"Décret du 4 mai 2022 portant naturalisation, réintégration, mention d'enfants mineurs bénéficiant de l'effet collectif attaché à l'acquisition de la nationalité française par leurs parents et francisation de noms et de prénoms (Accès protégé)";JORFTEXT000045757984
2022-05-06;0105;rectificatif;INTN2211392D;"Décret du 4 mai 2022 portant rectification de décrets de naturalisation, réintégration, libération des liens d'allégeance à l'égard de la France et francisation de noms et prénoms (Accès protégé)";JORFTEXT000045757990
2022-05-06;0105;portant_naturalisation;INTN2211772D;"Décret du 4 mai 2022 portant naturalisation, réintégration, mention d'enfants mineurs bénéficiant de l'effet collectif attaché à l'acquisition de la nationalité française par leurs parents, francisation de noms et de prénoms et libération de l'allégeance française (Accès protégé)";JORFTEXT000045757993
2022-05-06;0105;modificatif;INTN2211356D;"Décret du 4 mai 2022 modifiant des décrets portant naturalisation, réintégration, mention d'enfants mineurs bénéficiant de l'effet collectif attaché à l'acquisition de la nationalité française par leurs parents et francisation de noms et prénoms (Accès protégé)";JORFTEXT000045757987
2022-04-30;0101;rapportant;INTN2207561D;Décret du 27 avril 2022 rapportant un décret de naturalisation (Accès protégé);JORFTEXT000045727307
2022-04-24;0096;rectificatif;INTN2209871D;"Décret du 22 avril 2022 portant rectification de décrets de naturalisation, réintégration, libération des liens d'allégeance à l'égard de la France et francisation de noms et prénoms (Accès protégé)";JORFTEXT000045641935
2022-04-24;0096;portant_naturalisation;INTN2210371D;"Décret du 22 avril 2022 portant naturalisation, réintégration, mention d'enfants mineurs bénéficiant de l'effet collectif attaché à l'acquisition de la nationalité française par leurs parents, francisation de noms et de prénoms et libération de l'allégeance française (Accès protégé)";JORFTEXT000045641938
2022-04-21;0093;rapportant;INTN2207431D;Décret du 20 avril 2022 rapportant un décret de naturalisation (Accès protégé);JORFTEXT000045615227
2022-04-17;0091;portant_naturalisation;INTN2209026D;"Décret du 14 avril 2022 portant naturalisation, réintégration, mention d'enfants mineurs bénéficiant de l'effet collectif attaché à l'acquisition de la nationalité française par leurs parents et francisation de noms et de prénoms (Accès protégé)";JORFTEXT000045593878
2022-04-09;0084;portant_naturalisation;INTN2206501D;"Décret du 7 avril 2022 portant naturalisation, réintégration, mention d'enfants mineurs bénéficiant de l'effet collectif attaché à l'acquisition de la nationalité française par leurs parents, francisation de noms et de prénoms et libération de l'allégeance française (Accès protégé)";JORFTEXT000045537069
2022-04-09;0084;portant_naturalisation;INTN2207429D;"Décret du 7 avril 2022 portant naturalisation, réintégration, mention d'enfants mineurs bénéficiant de l'effet collectif attaché à l'acquisition de la nationalité française par leurs parents et francisation de noms et de prénoms (Accès protégé)";JORFTEXT000045537072
2022-04-09;0084;portant_naturalisation;INTN2208165D;"Décret du 7 avril 2022 portant naturalisation, réintégration, mention d'enfants mineurs bénéficiant de l'effet collectif attaché à l'acquisition de la nationalité française par leurs parents, francisation de noms et de prénoms et libération de l'allégeance française (Accès protégé)";JORFTEXT000045537075
2022-04-08;0083;portant_naturalisation;ARMH2210161D;Décret du 6 avril 2022 portant naturalisation (Accès protégé);JORFTEXT000045531878
2022-04-03;0079;portant_naturalisation;INTN2209625D;"Décret du 1er avril 2022 portant naturalisation, réintégration, mention d'enfants mineurs bénéficiant de l'effet collectif attaché à l'acquisition de la nationalité française par leurs parents, francisation de noms et de prénoms et libération de l'allégeance française (Accès protégé)";JORFTEXT000045464636
2022-04-02;0078;modificatif;INTN2206270D;"Décret du 31 mars 2022 modifiant des décrets portant naturalisation, réintégration, mention d'enfants mineurs bénéficiant de l'effet collectif attaché à l'acquisition de la nationalité française par leurs parents et francisation de noms et prénoms (Accès protégé)";JORFTEXT000045463079
2022-04-02;0078;portant_naturalisation;INTN2205658D;"Décret du 31 mars 2022 portant naturalisation, réintégration, mention d'enfants mineurs bénéficiant de l'effet collectif attaché à l'acquisition de la nationalité française par leurs parents, francisation de noms et de prénoms et libération de l'allégeance française (Accès protégé)";JORFTEXT000045463076
2022-03-26;0072;rapportant;INTN2203408D;Décret du 24 mars 2022 rapportant un décret de naturalisation (Accès protégé);JORFTEXT000045411012
2022-03-09;0057;rapportant;INTN2202964D;Décret du 8 mars 2022 rapportant un décret de naturalisation (Accès protégé);JORFTEXT000045317577
2022-03-09;0057;rapportant;INTN2201850D;Décret du 8 mars 2022 rapportant un décret de naturalisation (Accès protégé);JORFTEXT000045317571
2022-03-09;0057;portant_naturalisation;INTN2203789D;"Décret du 7 mars 2022 portant naturalisation, réintégration, mention d'enfants mineurs bénéficiant de l'effet collectif attaché à l'acquisition de la nationalité française par leurs parents, francisation de noms et de prénoms et libération de l'allégeance française (Accès protégé)";JORFTEXT000045317568
2022-03-09;0057;rapportant;INTN2202939D;Décret du 8 mars 2022 rapportant un décret de naturalisation (Accès protégé);JORFTEXT000045317574
2022-03-06;0055;portant_naturalisation;INTN2202267D;"Décret du 3 mars 2022 portant naturalisation, réintégration, mention d'enfants mineurs bénéficiant de l'effet collectif attaché à l'acquisition de la nationalité française par leurs parents, francisation de noms et de prénoms et libération de l'allégeance française (Accès protégé)";JORFTEXT000045300482
2022-03-06;0055;portant_naturalisation;INTN2202267D;"Décret du 3 mars 2022 portant naturalisation, réintégration, mention d'enfants mineurs bénéficiant de l'effet collectif attaché à l'acquisition de la nationalité française par leurs parents, francisation de noms et de prénoms et libération de l'allégeance française (Accès protégé)";JORFTEXT000045300482
2022-03-06;0055;portant_naturalisation;INTN2202984D;"Décret du 3 mars 2022 portant naturalisation, réintégration, mention d'enfants mineurs bénéficiant de l'effet collectif attaché à l'acquisition de la nationalité française par leurs parents, francisation de noms et de prénoms et libération de l'allégeance française (Accès protégé)";JORFTEXT000045300485
2022-03-04;0053;rapportant;INTN2201588D;Décret du 3 mars 2022 rapportant un décret de naturalisation (Accès protégé);JORFTEXT000045294909
2022-03-02;0051;rectificatif;INTN2204062D;"Décret du 28 février 2022 portant rectification de décrets de naturalisation, réintégration, libération des liens d'allégeance à l'égard de la France et francisation de noms et prénoms (Accès protégé)";JORFTEXT000045279958
2022-03-02;0051;modificatif;INTN2202373D;"Décret modificatif du 28 février 2022 de décrets portant naturalisation, réintégration, mention d'enfants mineurs bénéficiant de l'effet collectif attaché à l'acquisition de la nationalité française par leurs parents et francisation de noms et prénoms (Accès protégé)";JORFTEXT000045279955
2022-03-01;0050;rapportant;INTN2200730D;Décret du 28 février 2022 rapportant un décret de naturalisation (Accès protégé);JORFTEXT000045269784
2022-02-13;0037;portant_naturalisation;INTN2201513D;"Décret du 11 février 2022 portant naturalisation, réintégration, mention d'enfants mineurs bénéficiant de l'effet collectif attaché à l'acquisition de la nationalité française par leurs parents, francisation de noms et prénoms et libération de l'allégeance française (Accès protégé)";JORFTEXT000045161271
2022-02-11;0035;rectificatif;INTN2201867D;"Décret du 9 février 2022 portant rectification de décrets de naturalisation, réintégration, libération des liens d'allégeance à l'égard de la France et francisation de noms et prénoms (Accès protégé)";JORFTEXT000045156044
2022-02-09;0033;rapportant;INTN2138751D;Décret du 8 février 2022 rapportant un décret de naturalisation (Accès protégé);JORFTEXT000045142020
2022-02-09;0033;rapportant;INTN2200294D;Décret du 8 février 2022 rapportant un décret de naturalisation (Accès protégé);JORFTEXT000045142023
2022-02-09;0033;rapportant;INTN2138336D;Décret du 8 février 2022 rapportant un décret de naturalisation (Accès protégé);JORFTEXT000045142011
2022-02-09;0033;rapportant;INTN2138512D;Décret du 8 février 2022 rapportant un décret de naturalisation (Accès protégé);JORFTEXT000045142014
2022-02-09;0033;rapportant;INTN2138535D;Décret du 8 février 2022 rapportant un décret de naturalisation (Accès protégé);JORFTEXT000045142017
2022-01-29;0024;portant_naturalisation;INTN2200123D;"Décret du 27 janvier 2022 portant naturalisation, réintégration, mention d'enfants mineurs bénéficiant de l'effet collectif attaché à l'acquisition de la nationalité française par leurs parents et francisation de noms et de prénoms (Accès protégé)";JORFTEXT000045083590
2022-01-29;0024;portant_naturalisation;INTN2200543D;"Décret du 27 janvier 2022 portant naturalisation, réintégration, mention d'enfants mineurs bénéficiant de l'effet collectif attaché à l'acquisition de la nationalité française par leurs parents et francisation de noms et de prénoms (Accès protégé)";JORFTEXT000045083593
2022-01-29;0024;portant_naturalisation;INTN2136433D;"Décret du 27 janvier 2022 portant naturalisation, réintégration, mention d'enfants mineurs bénéficiant de l'effet collectif attaché à l'acquisition de la nationalité française par leurs parents, francisation de noms et de prénoms et libération de l'allégeance française (Accès protégé)";JORFTEXT000045083587
2022-01-26;0021;rapportant;INTN2136100D;Décret du 24 janvier 2022 rapportant un décret de naturalisation (Accès protégé);JORFTEXT000045073205
2022-01-25;0020;rapportant;INTN2135966D;Décret du 21 janvier 2022 rapportant un décret de naturalisation (Accès protégé);JORFTEXT000045068579
2022-01-22;0018;rapportant;INTN2135062D;Décret du 21 janvier 2022 rapportant un décret de naturalisation (Accès protégé);JORFTEXT000045062418
2022-01-15;0012;rectificatif;INTN2136801D;"Décret du 13 janvier 2022 portant rectification de décrets de naturalisation, réintégration, libération des liens d'allégeance à l'égard de la France et francisation de noms et prénoms (Accès protégé)";JORFTEXT000044993249
2022-01-07;0005;portant_naturalisation;INTN2135213D;"Décret du 6 janvier 2022 portant naturalisation, réintégration, mention d'enfants mineurs bénéficiant de l'effet collectif attaché à l'acquisition de la nationalité française par leurs parents et francisation de noms et de prénoms (Accès protégé)";JORFTEXT000044872058
2022-01-05;0003;rapportant;INTN2133434D;Décret du 3 janvier 2022 rapportant un décret de naturalisation (Accès protégé);JORFTEXT000044833940
2022-01-05;0003;rapportant;INTN2134014D;Décret du 3 janvier 2022 rapportant un décret de naturalisation (Accès protégé);JORFTEXT000044833943
2022-01-05;0003;rapportant;INTN2133307D;Décret du 3 janvier 2022 rapportant un décret de naturalisation (Accès protégé);JORFTEXT000044833937
2022-01-05;0003;modificatif;INTN2137359D;"Décret du 3 janvier 2022 modificatif de décrets portant naturalisation, réintégration, mention d'enfants mineurs bénéficiant de l'effet collectif attaché à l'acquisition de la nationalité française par leurs parents et francisation de noms et prénoms (Accès protégé)";JORFTEXT000044833931
2022-01-05;0003;rapportant;INTN2132085D;Décret du 3 janvier 2022 rapportant un décret de naturalisation (Accès protégé);JORFTEXT000044833934
2022-01-04;0002;portant_naturalisation;INTN2137729D;"Décret du 31 décembre 2021 portant naturalisation, réintégration, mention d'enfants mineurs bénéficiant de l'effet collectif attaché à l'acquisition de la nationalité française par leurs parents et francisation de noms et de prénoms (Accès protégé)";JORFTEXT000044814276
2021-12-29;0302;rapportant;INTN2132538D;Décret du 27 décembre 2021 rapportant un décret de naturalisation (Accès protégé);JORFTEXT000044594424
2021-12-29;0302;rapportant;INTN2132570D;Décret du 27 décembre 2021 rapportant un décret de naturalisation (Accès protégé);JORFTEXT000044594430
2021-12-29;0302;rapportant;INTN2132568D;Décret du 27 décembre 2021 rapportant un décret de naturalisation (Accès protégé);JORFTEXT000044594427
2021-12-28;0301;rapportant;INTN2133315D;Décret du 24 décembre 2021 rapportant un décret de naturalisation (Accès protégé);JORFTEXT000044573986
2021-12-26;0300;rapportant;INTN2132319D;Décret du 22 décembre 2021 rapportant un décret de naturalisation (Accès protégé);JORFTEXT000044561699
2021-12-19;0295;rapportant;INTN2132053D;Décret du 17 décembre 2021 rapportant un décret de naturalisation (Accès protégé);JORFTEXT000044518860
2021-12-19;0295;rapportant;INTN2131384D;Décret du 17 décembre 2021 rapportant un décret de naturalisation (Accès protégé);JORFTEXT000044518854
2021-12-19;0295;rectificatif;INTN2134810D;"Décret du 17 décembre 2021 portant rectification de décrets de naturalisation, réintégration, libération des liens d'allégeance à l'égard de la France et francisation de noms et prénoms (Accès protégé)";JORFTEXT000044518851
2021-12-19;0295;rapportant;INTN2131789D;Décret du 17 décembre 2021 rapportant un décret de naturalisation (Accès protégé);JORFTEXT000044518857
2021-12-10;0287;portant_naturalisation;INTN2134203D;"Décret du 8 décembre 2021 portant naturalisation, réintégration, mention d'enfants mineurs bénéficiant de l'effet collectif attaché à l'acquisition de la nationalité française par leurs parents, francisation de noms et de prénoms et libération de l'allégeance française (Accès protégé)";JORFTEXT000044465530
2021-12-10;0287;modificatif;INTN2134355D;"Décret du 8 décembre 2021 modifiant des décrets portant naturalisation, réintégration, mention d'enfants mineurs bénéficiant de l'effet collectif attaché à l'acquisition de la nationalité française par leurs parents et francisation de noms et prénoms (Accès protégé)";JORFTEXT000044465533
2021-12-07;0284;rapportant;INTN2129303D;Décret du 3 décembre 2021 rapportant un décret de naturalisation (Accès protégé);JORFTEXT000044442060
2021-12-05;0283;portant_naturalisation;INTN2132779D;"Décret du 3 décembre 2021 portant naturalisation, réintégration, mention d'enfants mineurs bénéficiant de l'effet collectif attaché à l'acquisition de la nationalité française par leurs parents, francisation de noms et de prénoms et libération de l'allégeance française (Accès protégé)";JORFTEXT000044413607
2021-12-05;0283;portant_naturalisation;INTN2133531D;"Décret du 3 décembre 2021 portant naturalisation, réintégration, mention d'enfants mineurs bénéficiant de l'effet collectif attaché à l'acquisition de la nationalité française par leurs parents, francisation de noms et de prénoms et libération de l'allégeance française (Accès protégé)";JORFTEXT000044413613
2021-12-05;0283;portant_naturalisation;INTN2133247D;"Décret du 3 décembre 2021 portant naturalisation, réintégration, mention d'enfants mineurs bénéficiant de l'effet collectif attaché à l'acquisition de la nationalité française par leurs parents, francisation de noms et de prénoms et libération de l'allégeance française (Accès protégé)";JORFTEXT000044413610
2021-11-21;0271;rectificatif;INTN2130413D;"Décret du 19 novembre 2021 portant rectification de décrets de naturalisation, réintégration, libération des liens d'allégeance à l'égard de la France et francisation de noms et prénoms (Accès protégé)";JORFTEXT000044346965
2021-11-21;0271;portant_naturalisation;INTN2131962D;"Décret du 19 novembre 2021 portant naturalisation, réintégration, mention d'enfants mineurs bénéficiant de l'effet collectif attaché à l'acquisition de la nationalité française par leurs parents et francisation de noms et de prénoms (Accès protégé)";JORFTEXT000044346971
2021-11-06;0259;portant_naturalisation;INTN2130306D;"Décret du 4 novembre 2021 portant naturalisation, réintégration, mention d'enfants mineurs bénéficiant de l'effet collectif attaché à l'acquisition de la nationalité française par leurs parents, francisation de noms et de prénoms et libération de l'allégeance française (Accès protégé)";JORFTEXT000044293593
2021-11-06;0259;portant_naturalisation;INTN2129355D;"Décret du 4 novembre 2021 portant naturalisation, réintégration, mention d'enfants mineurs bénéficiant de l'effet collectif attaché à l'acquisition de la nationalité française par leurs parents et francisation de noms et de prénoms (Accès protégé)";JORFTEXT000044293590
2021-10-31;0255;rapportant;INTN2128374D;Décret du 30 octobre 2021 rapportant un décret de naturalisation (Accès protégé);JORFTEXT000044273637
2021-10-31;0255;portant_naturalisation;INTN2128876D;"Décret du 29 octobre 2021 portant naturalisation, réintégration, mention d'enfants mineurs bénéficiant de l'effet collectif attaché à l'acquisition de la nationalité française par leurs parents, francisation de noms et de prénoms et libération de l'allégeance française (Accès protégé)";JORFTEXT000044273634
2021-10-21;0246;modificatif;INTN2128640D;"Décret modificatif du 19 octobre 2021 de décrets portant naturalisation, réintégration, mention d'enfants mineurs bénéficiant de l'effet collectif attaché à l'acquisition de la nationalité française par leurs parents et francisation de noms et prénoms (Accès protégé)";JORFTEXT000044229756
2021-10-15;0241;rapportant;INTN2125637D;Décret du 13 octobre 2021 rapportant un décret de naturalisation (Accès protégé);JORFTEXT000044207349
2021-10-15;0241;rectificatif;INTN2127240D;"Décret du 13 octobre 2021 portant rectification de décrets de naturalisation, réintégration, libération des liens d'allégeance à l'égard de la France et francisation de noms et prénoms (Accès protégé)";JORFTEXT000044207343
2021-10-12;0238;rapportant;INTN2124180D;Décret du 11 octobre 2021 rapportant un décret de naturalisation (Accès protégé);JORFTEXT000044184581
2021-10-10;0237;rapportant;INTN2125042D;Décret du 8 octobre 2021 rapportant un décret de naturalisation (Accès protégé);JORFTEXT000044179336
2021-10-09;0236;portant_naturalisation;INTN2128206D;"Décret du 7 octobre 2021 portant naturalisation, réintégration, mention d'enfants mineurs bénéficiant de l'effet collectif attaché à l'acquisition de la nationalité française par leurs parents, francisation de noms et de prénoms et libération de l'allégeance française (Accès protégé)";JORFTEXT000044178026
2021-10-09;0236;rapportant;INTN2125029D;Décret du 7 octobre 2021 rapportant un décret de naturalisation (Accès protégé);JORFTEXT000044178029
2021-10-09;0236;portant_naturalisation;INTN2127543D;"Décret du 7 octobre 2021 portant naturalisation, réintégration, mention d'enfants mineurs bénéficiant de l'effet collectif attaché à l'acquisition de la nationalité française par leurs parents, francisation de noms et de prénoms et libération de l'allégeance française (Accès protégé)";JORFTEXT000044178023
2021-09-30;0228;portant_naturalisation;INTN2125574D;"Décret du 28 septembre 2021 portant naturalisation, réintégration, mention d'enfants mineurs bénéficiant de l'effet collectif attaché à l'acquisition de la nationalité française par leurs parents, francisation de noms et de prénoms et libération de l'allégeance française (Accès protégé)";JORFTEXT000044127672
2021-09-29;0227;portant_naturalisation;INTN2126597D;"Décret du 28 septembre 2021 portant naturalisation, réintégration, mention d'enfants mineurs bénéficiant de l'effet collectif attaché à l'acquisition de la nationalité française par leurs parents, francisation de noms et de prénoms et libération de l'allégeance française (Accès protégé)";JORFTEXT000044112468
2021-09-22;0221;rapportant;INTN2123652D;Décret du 21 septembre 2021 rapportant un décret de naturalisation (Accès protégé);JORFTEXT000044083101
2021-09-14;0214;rapportant;INTN2123611D;Décret du 13 septembre 2021 rapportant un décret de naturalisation (Accès protégé);JORFTEXT000044039640
2021-09-02;0204;modificatif;INTN2122935D;"Décret modificatif du 31 août 2021 de décrets portant naturalisation, réintégration, mention d'enfants mineurs bénéficiant de l'effet collectif attaché à l'acquisition de la nationalité française par leurs parents et francisation de noms et prénoms (Accès protégé)";JORFTEXT000044011703
2021-09-02;0204;portant_naturalisation;INTN2124812D;"Décret du 31 août 2021 portant naturalisation, réintégration, mention d'enfants mineurs bénéficiant de l'effet collectif attaché à l'acquisition de la nationalité française par leurs parents et francisation de noms et de prénoms (Accès protégé)";JORFTEXT000044011706
2021-09-01;0203;rapportant;INTN2118235D;Décret du 31 août 2021 rapportant un décret de naturalisation (Accès protégé);JORFTEXT000044000787
2021-09-01;0203;rapportant;INTN2118515D;Décret du 31 août 2021 rapportant un décret de naturalisation (Accès protégé);JORFTEXT000044000790
2021-09-01;0203;portant_naturalisation;INTN2125248D;"Décret du 31 août 2021 portant naturalisation, réintégration, mention d'enfants mineurs bénéficiant de l'effet collectif attaché à l'acquisition de la nationalité française par leurs parents, francisation de noms et de prénoms et libération de l'allégeance française (Accès protégé)";JORFTEXT000044000784
2021-09-01;0203;rectificatif;INTN2124880D;"Décret du 30 août 2021 portant rectification de décrets de naturalisation, réintégration, libération des liens d'allégeance à l'égard de la France et francisation de noms et prénoms (Accès protégé)";JORFTEXT000044000781
2021-08-25;0197;portant_naturalisation;INTN2123722D;"Décret du 23 août 2021 portant naturalisation, réintégration, mention d'enfants mineurs bénéficiant de l'effet collectif attaché à l'acquisition de la nationalité française par leurs parents, francisation de noms et de prénoms et libération de l'allégeance française (Accès protégé)";JORFTEXT000043965774
2021-08-25;0197;portant_naturalisation;INTN2124298D;"Décret du 23 août 2021 portant naturalisation, réintégration, mention d'enfants mineurs bénéficiant de l'effet collectif attaché à l'acquisition de la nationalité française par leurs parents, francisation de noms et de prénoms et libération de l'allégeance française (Accès protégé)";JORFTEXT000043965777
2021-08-21;0194;rapportant;INTN2119263D;Décret du 20 août 2021 rapportant un décret de naturalisation (Accès protégé);JORFTEXT000043950652
2021-08-14;0188;portant_naturalisation;INTN2121908D;"Décret du 12 août 2021 portant naturalisation, réintégration, mention d'enfants mineurs bénéficiant de l'effet collectif attaché à l'acquisition de la nationalité française par leurs parents et francisation de noms et de prénoms (Accès protégé)";JORFTEXT000043935759
2021-08-11;0185;rapportant;INTN2118416D;Décret du 9 août 2021 rapportant un décret de naturalisation (Accès protégé);JORFTEXT000043927567
2021-08-08;0183;portant_naturalisation;INTN2122829D;"Décret du 6 août 2021 portant naturalisation, réintégration, mention d'enfants mineurs bénéficiant de l'effet collectif attaché à l'acquisition de la nationalité française par leurs parents, francisation de noms et de prénoms et libération de l'allégeance française (Accès protégé)";JORFTEXT000043915915
2021-08-07;0182;rapportant;INTN2117984D;Décret du 5 août 2021 rapportant un décret de naturalisation (Accès protégé);JORFTEXT000043914745
2021-08-07;0182;rapportant;INTN2117995D;Décret du 5 août 2021 rapportant un décret de naturalisation (Accès protégé);JORFTEXT000043914748
2021-08-07;0182;rapportant;INTN2117968D;Décret du 5 août 2021 rapportant un décret de naturalisation (Accès protégé);JORFTEXT000043914742
2021-08-05;0180;portant_naturalisation;INTN2121074D;"Décret du 3 août 2021 portant naturalisation, réintégration, mention d'enfants mineurs bénéficiant de l'effet collectif attaché à l'acquisition de la nationalité française par leurs parents et francisation de noms et de prénoms (Accès protégé)";JORFTEXT000043899459
2021-08-03;0178;rapportant;INTN2117700D;Décret du 30 juillet 2021 rapportant un décret de naturalisation (Accès protégé);JORFTEXT000043885944
2021-08-01;0177;portant_naturalisation;INTN2119618D;"Décret du 30 juillet 2021 portant naturalisation, réintégration, mention d'enfants mineurs bénéficiant de l'effet collectif attaché à l'acquisition de la nationalité française par leurs parents, francisation de noms et de prénoms et libération de l'allégeance française (Accès protégé)";JORFTEXT000043879856
2021-07-31;0176;rapportant;INTN2116908D;Décret du 29 juillet 2021 rapportant un décret de naturalisation (Accès protégé);JORFTEXT000043878001
2021-07-29;0174;portant_naturalisation;INTN2117999D;"Décret du 27 juillet 2021 portant naturalisation, réintégration, mention d'enfants mineurs bénéficiant de l'effet collectif attaché à l'acquisition de la nationalité française par leurs parents, francisation de noms et de prénoms et libération de l'allégeance française (Accès protégé)";JORFTEXT000043869016
2021-07-22;0168;rapportant;INTN2115018D;Décret du 17 juillet 2021 rapportant un décret de naturalisation (Accès protégé);JORFTEXT000043836514
2021-07-21;0167;portant_naturalisation;INTN2118857D;"Décret du 19 juillet 2021 portant naturalisation, réintégration, mention d'enfants mineurs bénéficiant de l'effet collectif attaché à l'acquisition de la nationalité française par leurs parents, francisation de noms et de prénoms et libération de l'allégeance française (Accès protégé)";JORFTEXT000043814847
2021-07-17;0164;rapportant;INTN2114880Z;Décret du 7 juillet 2021 rapportant un décret de naturalisation (rectificatif);JORFTEXT000043798990
2021-07-10;0159;rectificatif;INTN2118993D;"Décret du 8 juillet 2021 portant rectification de décrets de naturalisation, réintégration, libération des liens d'allégeance à l'égard de la France et francisation de noms et prénoms (Accès protégé)";JORFTEXT000043776282
2021-07-10;0159;modificatif;INTN2118990D;"Décret modificatif du 8 juillet 2021 de décrets portant naturalisation, réintégration, mention d'enfants mineurs bénéficiant de l'effet collectif attaché à l'acquisition de la nationalité française par leurs parents et francisation de noms et prénoms (Accès protégé)";JORFTEXT000043776276
2021-07-10;0159;rectificatif;INTN2116767D;"Décret du 8 juillet 2021 portant rectification de décrets de naturalisation, réintégration, libération des liens d'allégeance à l'égard de la France et francisation de noms et prénoms (Accès protégé)";JORFTEXT000043776279
2021-07-10;0159;portant_naturalisation;INTN2117154D;"Décret du 8 juillet 2021 portant naturalisation, réintégration, mention d'enfants mineurs bénéficiant de l'effet collectif attaché à l'acquisition de la nationalité française par leurs parents, francisation de noms et de prénoms et libération de l'allégeance française (Accès protégé)";JORFTEXT000043776270
2021-07-09;0158;rapportant;INTN2114880D;Décret du 10 juillet 2021 rapportant un décret de naturalisation (Accès protégé);JORFTEXT000043772121
2021-07-07;0156;portant_naturalisation;INTN2120530D;"Décret du 6 juillet 2021 portant naturalisation, réintégration, mention d'enfants mineurs bénéficiant de l'effet collectif attaché à l'acquisition de la nationalité française par leurs parents et francisation de noms et de prénoms (Accès protégé)";JORFTEXT000043764336
2021-06-29;0149;rapportant;INTN2113946D;Décret du 25 juin 2021 rapportant un décret de naturalisation (Accès protégé);JORFTEXT000043712412
2021-06-29;0149;rapportant;INTN2113484D;Décret du 25 juin 2021 rapportant un décret de naturalisation (Accès protégé);JORFTEXT000043712409
2021-06-27;0148;portant_naturalisation;INTN2116408D;"Décret du 25 juin 2021 portant naturalisation, réintégration, mention d'enfants mineurs bénéficiant de l'effet collectif attaché à l'acquisition de la nationalité française par leurs parents et francisation de noms et de prénoms (Accès protégé)";JORFTEXT000043704981
2021-06-27;0148;modificatif;INTN2117065D;"Décret modificatif du 25 juin 2021 de décrets portant naturalisation, réintégration, mention d'enfants mineurs bénéficiant de l'effet collectif attaché à l'acquisition de la nationalité française par leurs parents et francisation de noms et prénoms (Accès protégé)";JORFTEXT000043704984
2021-06-24;0145;portant_naturalisation;ARMH2119097D;Décret du 23 juin 2021 portant naturalisation (Accès protégé);JORFTEXT000043695082
2021-06-23;0144;portant_naturalisation;INTN2115813D;"Décret du 21 juin 2021 portant naturalisation, réintégration, mention d'enfants mineurs bénéficiant de l'effet collectif attaché à l'acquisition de la nationalité française par leurs parents et francisation de noms et de prénoms (Accès protégé)";JORFTEXT000043689227
2021-06-23;0144;portant_naturalisation;ARMH2119095D;Décret du 22 juin 2021 portant naturalisation (Accès protégé);JORFTEXT000043689230
2021-06-09;0132;portant_naturalisation;INTN2114898D;"Décret du 4 juin 2021 portant naturalisation, réintégration, mention d'enfants mineurs bénéficiant de l'effet collectif attaché à l'acquisition de la nationalité française par leurs parents, francisation de noms et de prénoms et libération de l'allégeance française (Accès protégé)";JORFTEXT000043624481
2021-06-09;0132;portant_naturalisation;INTN2114396D;"Décret du 4 juin 2021 portant naturalisation, réintégration, mention d'enfants mineurs bénéficiant de l'effet collectif attaché à l'acquisition de la nationalité française par leurs parents, francisation de noms et de prénoms et libération de l'allégeance française (Accès protégé)";JORFTEXT000043624478
2021-06-08;0131;rapportant;INTN2112096D;Décret du 4 juin 2021 rapportant un décret de naturalisation (Accès protégé);JORFTEXT000043618792
2021-05-28;0122;portant_naturalisation;INTN2112819D;"Décret du 26 mai 2021 portant naturalisation, réintégration, mention d'enfants mineurs bénéficiant de l'effet collectif attaché à l'acquisition de la nationalité française par leurs parents, francisation de noms et prénoms et libération de l'allégeance française (Accès protégé)";JORFTEXT000043542161
2021-05-28;0122;portant_naturalisation;INTN2113588D;"Décret du 26 mai 2021 portant naturalisation, réintégration, mention d'enfants mineurs bénéficiant de l'effet collectif attaché à l'acquisition de la nationalité française par leurs parents, francisation de noms et prénoms et libération de l'allégeance française (Accès protégé)";JORFTEXT000043542164
2021-05-28;0122;rapportant;INTN2110503D;Décret du 26 mai 2021 rapportant un décret de naturalisation (Accès protégé);JORFTEXT000043542167
2021-05-27;0121;rapportant;INTN2110278D;Décret du 23 mai 2021 rapportant un décret de naturalisation (Accès protégé);JORFTEXT000043536409
2021-05-16;0113;modificatif;INTN2112396D;"Décret modificatif du 14 mai 2021 de décrets portant naturalisation, réintégration, mention d'enfants mineurs bénéficiant de l'effet collectif attaché à l'acquisition de la nationalité française par leurs parents et francisation de noms et prénoms (Accès protégé)";JORFTEXT000043503500
2021-05-16;0113;portant_naturalisation;INTN2111256D;"Décret du 14 mai 2021 portant naturalisation, réintégration, mention d'enfants mineurs bénéficiant de l'effet collectif attaché à l'acquisition de la nationalité française par leurs parents, francisation de noms et de prénoms et libération de l'allégeance française (Accès protégé)";JORFTEXT000043503497
2021-05-15;0112;rectificatif;INTN2112098D;"Décret du 12 mai 2021 portant rectification de décrets de naturalisation, réintégration, libération des liens d'allégeance à l'égard de la France et francisation de noms et prénoms (Accès protégé)";JORFTEXT000043501987
2021-05-13;0111;portant_naturalisation;INTN2112188D;"Décret du 11 mai 2021 portant naturalisation, réintégration, mention d'enfants mineurs bénéficiant de l'effet collectif attaché à l'acquisition de la nationalité française par leurs parents, francisation de noms et de prénoms et libération de l'allégeance française (Accès protégé)";JORFTEXT000043496910
2021-05-12;0110;rapportant;INTN2107895D;Décret du 7 mai 2021 rapportant un décret de naturalisation (Accès protégé);JORFTEXT000043492996
2021-05-08;0108;portant_naturalisation;INTN2110840D;"Décret du 6 mai 2021 portant naturalisation, réintégration, mention d'enfants mineurs bénéficiant de l'effet collectif attaché à l'acquisition de la nationalité française par leurs parents et francisation de noms et de prénoms (Accès protégé)";JORFTEXT000043487102
2021-05-08;0108;rapportant;INTN2105001D;Décret du 6 mai 2021 rapportant un décret de naturalisation (Accès protégé);JORFTEXT000043487105
2021-05-08;0108;rectificatif;INTN2109043D;"Décret du 6 mai 2021 portant rectification de décrets de naturalisation, réintégration, libération des liens d'allégeance à l'égard de la France et francisation de noms et prénoms (Accès protégé)";JORFTEXT000043487096
2021-05-02;0103;portant_naturalisation;INTN2108210D;"Décret du 30 avril 2021 portant naturalisation, réintégration, mention d'enfants mineurs bénéficiant de l'effet collectif attaché à l'acquisition de la nationalité française par leurs parents, francisation de noms et de prénoms et libération de l'allégeance française (Accès protégé)";JORFTEXT000043468415
2021-05-02;0103;rapportant;INTN2104987D;Décret du 30 avril 2021 rapportant un décret de naturalisation (Accès protégé);JORFTEXT000043468424
2021-05-02;0103;modificatif;INTN2109448D;"Décret modificatif du 30 avril 2021 de décrets portant naturalisation, réintégration, mention d'enfants mineurs bénéficiant de l'effet collectif attaché à l'acquisition de la nationalité française par leurs parents et francisation de noms et prénoms (Accès protégé)";JORFTEXT000043468421
2021-05-02;0103;portant_naturalisation;INTN2107175D;"Décret du 30 avril 2021 portant naturalisation, réintégration, mention d'enfants mineurs bénéficiant de l'effet collectif attaché à l'acquisition de la nationalité française par leurs parents et francisation de noms et de prénoms (Accès protégé)";JORFTEXT000043468412
2021-05-02;0103;portant_naturalisation;INTN2106457D;"Décret du 30 avril 2021 portant naturalisation, réintégration, mention d'enfants mineurs bénéficiant de l'effet collectif attaché à l'acquisition de la nationalité française par leurs parents, francisation de noms et de prénoms et libération de l'allégeance française (Accès protégé)";JORFTEXT000043468409
2021-05-02;0103;portant_naturalisation;INTN2108949D;"Décret du 30 avril 2021 portant naturalisation, réintégration, mention d'enfants mineurs bénéficiant de l'effet collectif attaché à l'acquisition de la nationalité française par leurs parents, francisation de noms et de prénoms et libération de l'allégeance française (Accès protégé)";JORFTEXT000043468418
2021-05-02;0103;rapportant;INTN2106940D;Décret du 30 avril 2021 rapportant un décret de naturalisation (Accès protégé);JORFTEXT000043468430
2021-04-20;0093;rapportant;INTN2105704D;Décret du 19 avril 2021 rapportant un décret de naturalisation (Accès protégé);JORFTEXT000043391856
2021-04-11;0086;rapportant;INTN2105279D;Décret du 9 avril 2021 rapportant un décret de naturalisation (Accès protégé);JORFTEXT000043345599
2021-03-23;0070;rapportant;INTN2102011D;Décret du 19 mars 2021 rapportant un décret de naturalisation (Accès protégé);JORFTEXT000043274957
2021-03-23;0070;rapportant;INTN2103091D;Décret du 19 mars 2021 rapportant un décret de naturalisation (Accès protégé);JORFTEXT000043274960
2021-03-21;0069;portant_naturalisation;INTN2105702D;"Décret du 19 mars 2021 portant naturalisation, réintégration, mention d'enfants mineurs bénéficiant de l'effet collectif attaché à l'acquisition de la nationalité française par leurs parents, francisation de noms et de prénoms et libération de l'allégeance française (Accès protégé)";JORFTEXT000043270355
2021-03-21;0069;portant_naturalisation;INTN2104968D;"Décret du 19 mars 2021 portant naturalisation, réintégration, mention d'enfants mineurs bénéficiant de l'effet collectif attaché à l'acquisition de la nationalité française par leurs parents et francisation de noms et de prénoms (Accès protégé)";JORFTEXT000043270352
2021-03-21;0069;modificatif;INTN2106071D;"Décret modificatif du 19 mars 2021 de décrets portant naturalisation, réintégration, mention d'enfants mineurs bénéficiant de l'effet collectif attaché à l'acquisition de la nationalité française par leurs parents et francisation de noms et prénoms (Accès protégé)";JORFTEXT000043270361
2021-03-17;0065;rapportant;INTN2102034D;Décret du 15 mars 2021 rapportant un décret de naturalisation (Accès protégé);JORFTEXT000043259088
2021-03-14;0063;rapportant;INTN2101802D;Décret du 13 mars 2021 rapportant un décret de naturalisation (Accès protégé);JORFTEXT000043247300
2021-03-07;0057;modificatif;INTN2103578D;"Décret modificatif du 5 mars 2021 de décrets portant naturalisation, réintégration, mention d'enfants mineurs bénéficiant de l'effet collectif attaché à l'acquisition de la nationalité française par leurs parents et francisation de noms et prénoms (Accès protégé)";JORFTEXT000043221617
2021-03-07;0057;rectificatif;INTN2104676D;"Décret du 5 mars 2021 portant rectification de décrets de naturalisation, réintégration, libération des liens d'allégeance à l'égard de la France et francisation de noms et prénoms (Accès protégé)";JORFTEXT000043221620
2021-03-07;0057;portant_naturalisation;INTN2103233D;"Décret du 5 mars 2021 portant naturalisation, réintégration, mention d'enfants mineurs bénéficiant de l'effet collectif attaché à l'acquisition de la nationalité française par leurs parents et francisation de noms et de prénoms (Accès protégé)";JORFTEXT000043221614
2021-02-27;0050;rapportant;INTN2100355D;Décret du 26 février 2021 rapportant un décret de naturalisation (Accès protégé);JORFTEXT000043190269
2021-02-27;0050;rapportant;INTN2100386D;Décret du 26 février 2021 rapportant un décret de naturalisation (Accès protégé);JORFTEXT000043190272
2021-02-27;0050;portant_naturalisation;INTN2102599D;"Décret du 25 février 2021 portant naturalisation, réintégration, mention d'enfants mineurs bénéficiant de l'effet collectif attaché à l'acquisition de la nationalité française par leurs parents et francisation de noms et de prénoms (Accès protégé)";JORFTEXT000043190266
2021-02-26;0049;rapportant;INTN2036738D;Décret du 24 février 2021 rapportant un décret de naturalisation (Accès protégé);JORFTEXT000043185406
2021-02-25;0048;rapportant;INTN2036588D;Décret du 24 février 2021 rapportant un décret de naturalisation (Accès protégé);JORFTEXT000043179491
2021-02-25;0048;rapportant;INTN2036720D;Décret du 23 février 2021 rapportant un décret de naturalisation (Accès protégé);JORFTEXT000043179488
2021-02-24;0047;portant_naturalisation;INTN2104336D;"Décret du 23 février 2021 portant naturalisation, réintégration, mention d'enfants mineurs bénéficiant de l'effet collectif attaché à l'acquisition de la nationalité française par leurs parents, francisation de noms et de prénoms et libération de l'allégeance française (Accès protégé)";JORFTEXT000043174236
2021-02-19;0043;portant_naturalisation;ARMH2105403D;Décret du 17 février 2021 portant naturalisation (Accès protégé);JORFTEXT000043156661
2021-02-18;0042;portant_naturalisation;ARMH2105037D;Décret du 16 février 2021 portant naturalisation (Accès protégé);JORFTEXT000043149497
2021-02-17;0041;rectificatif;INTN2102038D;"Décret du 15 février 2021 portant rectification de décrets de naturalisation, réintégration, libération des liens d'allégeance à l'égard de la France et francisation de noms et prénoms (Accès protégé)";JORFTEXT000043142774
2021-02-17;0041;portant_naturalisation;INTN2101552D;"Décret du 15 février 2021 portant naturalisation, réintégration, mention d'enfants mineurs bénéficiant de l'effet collectif attaché à l'acquisition de la nationalité française par leurs parents, francisation de noms et de prénoms et libération de l'allégeance française (Accès protégé)";JORFTEXT000043142768
2021-02-07;0033;portant_naturalisation;INTN2100536D;"Décret du 5 février 2021 portant naturalisation, réintégration, mention d'enfants mineurs bénéficiant de l'effet collectif attaché à l'acquisition de la nationalité française par leurs parents et francisation de noms et de prénoms (Accès protégé)";JORFTEXT000043101420
2021-01-27;0023;rapportant;INTN2034526D;Décret du 25 janvier 2021 rapportant un décret de naturalisation (Accès protégé);JORFTEXT000043054137
2021-01-27;0023;rapportant;INTN2032805D;Décret du 25 janvier 2021 rapportant un décret de naturalisation (Accès protégé);JORFTEXT000043054134
2021-01-21;0018;portant_naturalisation;INTN2036549D;"Décret du 19 janvier 2021 portant naturalisation, réintégration, mention d'enfants mineurs bénéficiant de l'effet collectif attaché à l'acquisition de la nationalité française par leurs parents et francisation de noms et de prénoms (Accès protégé)";JORFTEXT000043023922
2021-01-21;0018;rapportant;INTN2033408D;Décret du 19 janvier 2021 rapportant un décret de naturalisation (Accès protégé);JORFTEXT000043023925
2021-01-21;0018;portant_naturalisation;INTN2034843D;"Décret du 19 janvier 2021 portant naturalisation, réintégration, mention d'enfants mineurs bénéficiant de l'effet collectif attaché à l'acquisition de la nationalité française par leurs parents, francisation de noms et de prénoms et libération de l'allégeance française (Accès protégé)";JORFTEXT000043023916
2021-01-21;0018;portant_naturalisation;INTN2035858D;"Décret du 19 janvier 2021 portant naturalisation, réintégration, mention d'enfants mineurs bénéficiant de l'effet collectif attaché à l'acquisition de la nationalité française par leurs parents, francisation de noms et de prénoms et libération de l'allégeance française (Accès protégé)";JORFTEXT000043023919
2021-01-14;0012;modificatif;INTN2034649D;"Décret modificatif du 12 janvier 2021 de décrets portant naturalisation, réintégration, mention d'enfants mineurs bénéficiant de l'effet collectif attaché à l'acquisition de la nationalité française par leurs parents et francisation de noms et prénoms (Accès protégé)";JORFTEXT000042963631
2021-01-14;0012;rectificatif;INTN2035400D;"Décret du 12 janvier 2021 portant rectification de décrets de naturalisation, réintégration, libération des liens d'allégeance à l'égard de la France et francisation de noms et prénoms (Accès protégé)";JORFTEXT000042963634
2020-12-27;0313;rapportant;INTN2029109D;Décret du 24 décembre 2020 rapportant un décret de naturalisation (Accès protégé);JORFTEXT000042743547
2020-12-27;0313;portant_naturalisation;INTN2034093D;"Décret du 24 décembre 2020 portant naturalisation, réintégration, mention d'enfants mineurs bénéficiant de l'effet collectif attaché à l'acquisition de la nationalité française par leurs parents, francisation de noms et de prénoms et libération de l'allégeance française (Accès protégé)";JORFTEXT000042743544
2020-12-27;0313;portant_naturalisation;INTN2033006D;"Décret du 24 décembre 2020 portant naturalisation, réintégration, mention d'enfants mineurs bénéficiant de l'effet collectif attaché à l'acquisition de la nationalité française par leurs parents, francisation de noms et de prénoms et libération de l'allégeance française (Accès protégé)";JORFTEXT000042743541
2020-12-24;0311;rapportant;INTN2028732D;Décret du 23 décembre 2020 rapportant un décret de naturalisation (Accès protégé);JORFTEXT000042733570
2020-12-23;0310;portant_naturalisation;INTN2030217D;"Décret du 21 décembre 2020 portant naturalisation, réintégration, mention d'enfants mineurs bénéficiant de l'effet collectif attaché à l'acquisition de la nationalité française par leurs parents, francisation de noms et de prénoms et libération de l'allégeance française (Accès protégé)";JORFTEXT000042723443
2020-12-23;0310;portant_naturalisation;INTN2031815D;"Décret du 21 décembre 2020 portant naturalisation, réintégration, mention d'enfants mineurs bénéficiant de l'effet collectif attaché à l'acquisition de la nationalité française par leurs parents, francisation de noms et de prénoms et libération de l'allégeance française (Accès protégé)";JORFTEXT000042723446
2020-12-10;0298;rectificatif;INTN2030772D;"Décret du 8 décembre 2020 portant rectification de décrets de naturalisation, réintégration, libération des liens d'allégeance à l'égard de la France et francisation de noms et prénoms (Accès protégé)";JORFTEXT000042637686
2020-12-09;0297;portant_naturalisation;INTN2029476D;"Décret du 7 décembre 2020 portant naturalisation, réintégration, mention d'enfants mineurs bénéficiant de l'effet collectif attaché à l'acquisition de la nationalité française par leurs parents et francisation de noms et de prénoms (Accès protégé)";JORFTEXT000042626133
2020-12-09;0297;modificatif;INTN2028975D;"Décret modificatif du 7 décembre 2020 de décrets portant naturalisation, réintégration, mention d'enfants mineurs bénéficiant de l'effet collectif attaché à l'acquisition de la nationalité française par leurs parents et francisation de noms et prénoms (Accès protégé)";JORFTEXT000042626130
2020-12-06;0295;portant_naturalisation;INTN2028596D;"Décret du 4 décembre 2020 portant naturalisation, réintégration, mention d'enfants mineurs bénéficiant de l'effet collectif attaché à l'acquisition de la nationalité française par leurs parents, francisation de noms et de prénoms et libération de l'allégeance française (Accès protégé)";JORFTEXT000042614732
2020-11-29;0289;portant_naturalisation;INTN2030989D;"Décret du 27 novembre 2020 portant naturalisation, réintégration, mention d'enfants mineurs bénéficiant de l'effet collectif attaché à l'acquisition de la nationalité française par leurs parents, francisation de noms et de prénoms et libération de l'allégeance française (Accès protégé)";JORFTEXT000042577792
2020-11-27;0287;rapportant;INTN2026429D;Décret du 26 novembre 2020 rapportant un décret de naturalisation (Accès protégé);JORFTEXT000042570708
2020-11-15;0277;portant_naturalisation;INTN2025456D;"Décret du 13 novembre 2020 portant naturalisation, réintégration, mention d'enfants mineurs bénéficiant de l'effet collectif attaché à l'acquisition de la nationalité française par leurs parents et francisation de noms et prénoms (Accès protégé)";JORFTEXT000042521622
2020-11-15;0277;portant_naturalisation;INTN2027013D;"Décret du 13 novembre 2020 portant naturalisation, réintégration, mention d'enfants mineurs bénéficiant de l'effet collectif attaché à l'acquisition de la nationalité française par leurs parents, francisation de noms et prénoms et libération de l'allégeance française (Accès protégé)";JORFTEXT000042521628
2020-11-15;0277;portant_naturalisation;INTN2026236D;"Décret du 13 novembre 2020 portant naturalisation, réintégration, mention d'enfants mineurs bénéficiant de l'effet collectif attaché à l'acquisition de la nationalité française par leurs parents, francisation de noms et prénoms et libération de l'allégeance française (Accès protégé)";JORFTEXT000042521625
2020-11-13;0275;portant_naturalisation;INTN2027784D;"Décret du 10 novembre 2020 portant naturalisation, réintégration, mention d'enfants mineurs bénéficiant de l'effet collectif attaché à l'acquisition de la nationalité française par leurs parents, francisation de noms et de prénoms et libération de l'allégeance française (Accès protégé)";JORFTEXT000042516119
2020-11-04;0268;rapportant;INTN2023234D;Décret du 31 octobre 2020 rapportant un décret de naturalisation (Accès protégé);JORFTEXT000042491538
2020-10-31;0265;rapportant;INTN2024049D;Décret du 29 octobre 2020 rapportant un décret de naturalisation (Accès protégé);JORFTEXT000042482810
2020-10-21;0256;rapportant;INTN2022919D;Décret du 19 octobre 2020 rapportant un décret de naturalisation (Accès protégé);JORFTEXT000042446128
2020-10-18;0254;portant_naturalisation;INTN2024713D;"Décret du 15 octobre 2020 portant naturalisation, réintégration, mention d'enfants mineurs bénéficiant de l'effet collectif attaché à l'acquisition de la nationalité française par leurs parents et francisation de noms et de prénoms (Accès protégé)";JORFTEXT000042434769
2020-10-18;0254;portant_naturalisation;INTN2023260D;"Décret du 15 octobre 2020 portant naturalisation, réintégration, mention d'enfants mineurs bénéficiant de l'effet collectif attaché à l'acquisition de la nationalité française par leurs parents et francisation de noms et de prénoms (Accès protégé)";JORFTEXT000042434763
2020-10-18;0254;portant_naturalisation;INTN2024001D;"Décret du 15 octobre 2020 portant naturalisation, réintégration, mention d'enfants mineurs bénéficiant de l'effet collectif attaché à l'acquisition de la nationalité française par leurs parents, francisation de noms et de prénoms et libération de l'allégeance française (Accès protégé)";JORFTEXT000042434766
2020-10-18;0254;modificatif;INTN2024876D;"Décret du 14 octobre 2020 modificatif de décrets portant naturalisation, réintégration, mention d'enfants mineurs bénéficiant de l'effet collectif attaché à l'acquisition de la nationalité française par leurs parents et francisation de noms et prénoms (Accès protégé)";JORFTEXT000042434760
2020-10-18;0254;rapportant;INTN2022049D;Décret du 16 octobre 2020 rapportant un décret de naturalisation (Accès protégé);JORFTEXT000042434772
2020-10-01;0239;modificatif;INTN2022880D;"Décret modificatif du 29 septembre 2020 de décrets portant naturalisation, réintégration, mention d'enfants mineurs bénéficiant de l'effet collectif attaché à l'acquisition de la nationalité française par leurs parents et francisation de noms et prénoms (Accès protégé)";JORFTEXT000042383714
2020-09-24;0233;portant_naturalisation;INTN2022386D;"Décret du 22 septembre 2020 portant naturalisation, réintégration, mention d'enfants mineurs bénéficiant de l'effet collectif attaché à l'acquisition de la nationalité française par leurs parents, francisation de noms et de prénoms et libération de l'allégeance française (Accès protégé)";JORFTEXT000042358072
2020-09-24;0233;portant_naturalisation;INTN2022764D;"Décret du 22 septembre 2020 portant naturalisation, réintégration, mention d'enfants mineurs bénéficiant de l'effet collectif attaché à l'acquisition de la nationalité française par leurs parents, francisation de noms et de prénoms et libération de l'allégeance française (Accès protégé)";JORFTEXT000042358075
2020-09-22;0231;rapportant;INTN2018854D;Décret du 21 septembre 2020 rapportant un décret de naturalisation (Accès protégé);JORFTEXT000042349622
2020-09-16;0226;rapportant;INTN2018700D;Décret du 14 septembre 2020 rapportant un décret de naturalisation (Accès protégé);JORFTEXT000042331586
2020-09-13;0224;rectificatif;INTN2022452D;"Décret du 11 septembre 2020 portant rectification de décrets de naturalisation, réintégration, libération des liens d'allégeance à l'égard de la France et francisation de noms et prénoms (Accès protégé)";JORFTEXT000042326393
2020-09-05;0217;rapportant;INTN2014893D;Décret du 3 septembre 2020 rapportant un décret de naturalisation (Accès protégé);JORFTEXT000042310815
2020-08-29;0211;rapportant;INTN2015800D;Décret du 27 août 2020 rapportant un décret de naturalisation (Accès protégé);JORFTEXT000042284382
2020-08-26;0208;rapportant;INTN2013870D;Décret du 20 août 2020 rapportant un décret de naturalisation (Accès protégé);JORFTEXT000042263546
2020-08-25;0207;portant_naturalisation;INTN2021837D;"Décret du 24 août 2020 portant naturalisation, réintégration, mention d'enfants mineurs bénéficiant de l'effet collectif attaché à l'acquisition de la nationalité française par leurs parents, francisation de noms et prénoms et libération de l'allégeance française (Accès protégé)";JORFTEXT000042259773
2020-08-23;0206;rapportant;INTN2015272D;Décret du 21 août 2020 rapportant un décret de naturalisation (Accès protégé);JORFTEXT000042255992
2020-08-23;0206;rapportant;INTN2016354D;Décret du 21 août 2020 rapportant un décret de naturalisation (Accès protégé);JORFTEXT000042255995
2020-08-23;0206;rapportant;INTN2014222D;Décret du 21 août 2020 rapportant un décret de naturalisation (Accès protégé);JORFTEXT000042255989
2020-08-19;0202;portant_naturalisation;INTN2021245D;"Décret du 17 août 2020 portant naturalisation, réintégration, mention d'enfants mineurs bénéficiant de l'effet collectif attaché à l'acquisition de la nationalité française par leurs parents, francisation de noms et de prénoms et libération de l'allégeance française (Accès protégé)";JORFTEXT000042243927
2020-08-18;0201;rapportant;INTN2012911D;Décret du 16 août 2020 rapportant un décret de naturalisation (Accès protégé);JORFTEXT000042241655
2020-08-18;0201;rapportant;INTN2014096D;Décret du 16 août 2020 rapportant un décret de naturalisation (Accès protégé);JORFTEXT000042241658
2020-08-14;0199;portant_naturalisation;INTN2019234D;"Décret du 12 août 2020 portant naturalisation, réintégration, mention d'enfants mineurs bénéficiant de l'effet collectif attaché à l'acquisition de la nationalité française par leurs parents, francisation de noms et de prénoms et libération de l'allégeance française (Accès protégé)";JORFTEXT000042234589
2020-08-14;0199;portant_naturalisation;INTN2018479D;"Décret du 12 août 2020 portant naturalisation, réintégration, mention d'enfants mineurs bénéficiant de l'effet collectif attaché à l'acquisition de la nationalité française par leurs parents, francisation de noms et de prénoms et libération de l'allégeance française (Accès protégé)";JORFTEXT000042234586
2020-08-14;0199;rapportant;INTN2012677D;Décret du 6 août 2020 rapportant un décret de naturalisation (Accès protégé);JORFTEXT000042234583
2020-08-14;0199;portant_naturalisation;INTN2020403D;"Décret du 12 août 2020 portant naturalisation, réintégration, mention d'enfants mineurs bénéficiant de l'effet collectif attaché à l'acquisition de la nationalité française par leurs parents, francisation de noms et de prénoms et libération de l'allégeance française (Accès protégé)";JORFTEXT000042234592
2020-08-12;0197;rapportant;INTN2014258D;Décret du 11 août 2020 rapportant un décret de naturalisation (Accès protégé);JORFTEXT000042229388
2020-08-12;0197;portant_naturalisation;INTN2017790D;"Décret du 10 août 2020 portant naturalisation, réintégration, mention d'enfants mineurs bénéficiant de l'effet collectif attaché à l'acquisition de la nationalité française par leurs parents et francisation de noms et de prénoms (Accès protégé)";JORFTEXT000042229385
2020-08-09;0195;rapportant;INTN2012648D;Décret du 6 août 2020 rapportant un décret de naturalisation (Accès protégé);JORFTEXT000042221492
2020-08-01;0188;portant_naturalisation;INTN2016226D;"Décret du 29 juillet 2020 portant naturalisation, réintégration, mention d'enfants mineurs bénéficiant de l'effet collectif attaché à l'acquisition de la nationalité française par leurs parents et francisation de noms et de prénoms (Accès protégé)";JORFTEXT000042184313
2020-07-26;0182;rapportant;INTN2012461D;Décret du 23 juillet 2020 rapportant un décret de naturalisation (Accès protégé);JORFTEXT000042153385
2020-07-16;0173;rectificatif;INTN2017247D;"Décret du 15 juillet 2020 portant rectification de décrets de naturalisation, réintégration, libération des liens d'allégeance à l'égard de la France et francisation de noms et prénoms (Accès protégé)";JORFTEXT000042118471
2020-07-14;0172;portant_naturalisation;INTN2017066D;"Décret du 13 juillet 2020 portant naturalisation, réintégration, mention d'enfants mineurs bénéficiant de l'effet collectif attaché à l'acquisition de la nationalité française par leurs parents et francisation de noms et de prénoms (Accès protégé)";JORFTEXT000042113715
2020-07-04;0164;modificatif;INTN2016448D;"Décret modificatif du 3 juillet 2020 de décrets portant naturalisation, réintégration, mention d'enfants mineurs bénéficiant de l'effet collectif attaché à l'acquisition de la nationalité française par leurs parents et francisation de noms et prénoms (Accès protégé)";JORFTEXT000042080426
2020-07-03;0163;rectificatif;INTN2015773D;"Décret du 26 juin 2020 portant rectification de décrets de naturalisation, réintégration, libération des liens d'allégeance à l'égard de la France et francisation de noms et prénoms (Accès protégé)";JORFTEXT000042075942
2020-07-02;0162;rapportant;INTN2011958D;Décret du 30 juin 2020 rapportant un décret de naturalisation (Accès protégé);JORFTEXT000042071755
2020-07-01;0161;portant_naturalisation;INTN2015365D;"Décret du 30 juin 2020 portant naturalisation, réintégration, mention d'enfants mineurs bénéficiant de l'effet collectif attaché à l'acquisition de la nationalité française par leurs parents, francisation de noms et de prénoms et libération de l'allégeance française (Accès protégé)";JORFTEXT000042067163
2020-06-24;0155;rapportant;INTN2011368D;Décret du 22 juin 2020 rapportant un décret de naturalisation (Accès protégé);JORFTEXT000042029007
2020-06-24;0155;rapportant;INTN2012504D;Décret du 22 juin 2020 rapportant un décret de naturalisation (Accès protégé);JORFTEXT000042029010
2020-06-21;0152;portant_naturalisation;INTN2014624D;"Décret du 17 juin 2020 portant naturalisation, réintégration, mention d'enfants mineurs bénéficiant de l'effet collectif attaché à l'acquisition de la nationalité française par leurs parents et francisation de noms et de prénoms (Accès protégé)";JORFTEXT000042020750
2020-06-21;0152;rapportant;INTN2011044D;Décret du 19 juin 2020 rapportant un décret de naturalisation (Accès protégé);JORFTEXT000042020753
2020-06-12;0143;portant_naturalisation;ARMH2014077D;Décret du 10 juin 2020 portant naturalisation (Accès protégé);JORFTEXT000041987523
2020-06-12;0143;rapportant;INTN2010650D;Décret du 10 juin 2020 rapportant un décret de naturalisation (Accès protégé);JORFTEXT000041987520
2020-06-12;0143;rapportant;INTN2009490D;Décret du 10 juin 2020 rapportant un décret de naturalisation (Accès protégé);JORFTEXT000041987517
2020-06-10;0141;rapportant;INTN2010003D;Décret du 8 juin 2020 rapportant un décret de naturalisation (Accès protégé);JORFTEXT000041980409
2020-06-10;0141;rapportant;INTN2009501D;Décret du 8 juin 2020 rapportant un décret de naturalisation (Accès protégé);JORFTEXT000041980406
2020-06-10;0141;portant_naturalisation;INTN2013865D;"Décret du 8 juin 2020 portant naturalisation, réintégration, mention d'enfants mineurs bénéficiant de l'effet collectif attaché à l'acquisition de la nationalité française par leurs parents, francisation de noms et de prénoms et libération de l'allégeance française (Accès protégé)";JORFTEXT000041980403
2020-06-09;0140;portant_naturalisation;INTN2013180D;"Décret du 8 juin 2020 portant naturalisation, réintégration, mention d'enfants mineurs bénéficiant de l'effet collectif attaché à l'acquisition de la nationalité française par leurs parents, francisation de noms et de prénoms et libération de l'allégeance française (Accès protégé)";JORFTEXT000041976313
2020-06-07;0139;rapportant;INTN2009280D;Décret du 5 juin 2020 rapportant un décret de naturalisation (Accès protégé);JORFTEXT000041965299
2020-06-04;0136;modificatif;INTN2013293D;"Décret modificatif du 2 juin 2020 de décrets portant naturalisation, réintégration, mention d'enfants mineurs bénéficiant de l'effet collectif attaché à l'acquisition de la nationalité française par leurs parents et francisation de noms et prénoms (Accès protégé)";JORFTEXT000041950810
2020-05-31;0132;rectificatif;INTN2012800D;"Décret du 28 mai 2020 portant rectification de décrets de naturalisation, réintégration, libération des liens d'allégeance à l'égard de la France et francisation de noms et prénoms (Accès protégé)";JORFTEXT000041939735
2020-05-29;0130;portant_naturalisation;INTN2012654D;"Décret du 26 mai 2020 portant naturalisation, réintégration, mention d'enfants mineurs bénéficiant de l'effet collectif attaché à l'acquisition de la nationalité française par leurs parents, francisation de noms et de prénoms et libération de l'allégeance française (Accès protégé)";JORFTEXT000041931328
2020-05-29;0130;rapportant;INTN2008992D;Décret du 27 mai 2020 rapportant un décret de naturalisation (Accès protégé);JORFTEXT000041931331
2020-05-20;0123;rapportant;INTN2008368D;Décret du 15 mai 2020 rapportant un décret de naturalisation (Accès protégé);JORFTEXT000041894593
2020-05-17;0121;rapportant;INTN2008551D;Décret du 15 mai 2020 rapportant un décret de naturalisation (Accès protégé);JORFTEXT000041885768
2020-05-16;0120;rapportant;INTN2008557D;Décret du 14 mai 2020 rapportant un décret de naturalisation (Accès protégé);JORFTEXT000041885227
2020-05-16;0120;rapportant;INTN2008386D;Décret du 13 mai 2020 rapportant un décret de naturalisation (Accès protégé);JORFTEXT000041885224
2020-05-10;0114;portant_naturalisation;ARMH2011139D;Décret du 7 mai 2020 portant naturalisation (Accès protégé);JORFTEXT000041858653
2020-05-02;0107;rapportant;INTN2007690D;Décret du 29 avril 2020 rapportant un décret de naturalisation (Accès protégé);JORFTEXT000041841778
2020-04-24;0100;rapportant;INTN2006774D;Décret du 22 avril 2020 rapportant un décret de naturalisation (Accès protégé);JORFTEXT000041817662
2020-04-23;0099;rapportant;INTN2006745D;Décret du 21 avril 2020 rapportant un décret de naturalisation (Accès protégé);JORFTEXT000041814964
2020-04-16;0093;rapportant;INTN2004484D;Décret du 14 avril 2020 rapportant un décret de naturalisation (Accès protégé);JORFTEXT000041801240
2020-04-01;0079;rapportant;INTN2003210D;Décret du 30 mars 2020 rapportant un décret de naturalisation (Accès protégé);JORFTEXT000041774420
2020-03-29;0077;rapportant;INTN2003414D;Décret du 27 mars 2020 rapportant un décret de naturalisation (Accès protégé);JORFTEXT000041763699
2020-03-29;0077;rapportant;INTN2003409D;Décret du 27 mars 2020 rapportant un décret de naturalisation (Accès protégé);JORFTEXT000041763696
2020-03-28;0076;portant_naturalisation;INTN2007948D;"Décret du 26 mars 2020 portant naturalisation, réintégration, mention d'enfants mineurs bénéficiant de l'effet collectif attaché à l'acquisition de la nationalité française par leurs parents, francisation de noms et de prénoms et libération de l'allégeance française (Accès protégé)";JORFTEXT000041762926
2020-03-27;0075;rapportant;INTN2002179D;Décret du 25 mars 2020 rapportant un décret de naturalisation (Accès protégé);JORFTEXT000041759876
2020-03-26;0074;rectificatif;INTN2007805D;"Décret du 23 mars 2020 portant rectification de décrets de naturalisation, réintégration, libération des liens d'allégeance à l'égard de la France et francisation de noms et prénoms (Accès protégé)";JORFTEXT000041756207
2020-03-24;0072;portant_naturalisation;INTN2007518D;"Décret du 21 mars 2020 portant naturalisation, réintégration, mention d'enfants mineurs bénéficiant de l'effet collectif attaché à l'acquisition de la nationalité française par leurs parents et francisation de noms et de prénoms (Accès protégé)";JORFTEXT000041746930
2020-03-17;0066;portant_naturalisation;INTN2006729D;"Décret du 13 mars 2020 portant naturalisation, réintégration, mention d'enfants mineurs bénéficiant de l'effet collectif attaché à l'acquisition de la nationalité française par leurs parents, francisation de noms et de prénoms et libération de l'allégeance française (Accès protégé)";JORFTEXT000041729066
2020-03-15;0064;portant_naturalisation;ARMH2007394D;Décret du 13 mars 2020 portant naturalisation (Accès protégé);JORFTEXT000041723266
2020-03-15;0064;rapportant;INTN2001920D;Décret du 13 mars 2020 rapportant un décret de naturalisation (Accès protégé);JORFTEXT000041723263
2020-03-15;0064;modificatif;INTN2006509D;"Décret modificatif du 10 mars 2020 de décrets portant naturalisation, réintégration, mention d'enfants mineurs bénéficiant de l'effet collectif attaché à l'acquisition de la nationalité française par leurs parents et francisation de noms et prénoms (Accès protégé)";JORFTEXT000041723257
2020-03-14;0063;rapportant;INTN2001465D;Décret du 12 mars 2020 rapportant un décret de naturalisation (Accès protégé);JORFTEXT000041722165
2020-03-12;0061;rapportant;INTN2001535D;Décret du 10 mars 2020 rapportant un décret de naturalisation (Accès protégé);JORFTEXT000041712752
2020-03-10;0059;portant_naturalisation;INTN2006070D;"Décret du 9 mars 2020 portant naturalisation, réintégration, mention d'enfants mineurs bénéficiant de l'effet collectif attaché à l'acquisition de la nationalité française par leurs parents et francisation de noms et prénoms (Accès protégé)";JORFTEXT000041704525
2020-03-06;0056;rapportant;INTN2000674D;Décret du 4 mars 2020 rapportant un décret de naturalisation (Accès protégé);JORFTEXT000041692029
2020-03-01;0052;portant_naturalisation;INTN2005387D;"Décret du 28 février 2020 portant naturalisation, réintégration, mention d'enfants mineurs bénéficiant de l'effet collectif attaché à l'acquisition de la nationalité française par leurs parents, francisation de noms et de prénoms et libération de l'allégeance française (Accès protégé)";JORFTEXT000041663954
2020-02-29;0051;portant_naturalisation;ARMH2005470D;Décret du 27 février 2020 portant naturalisation (Accès protégé);JORFTEXT000041662458
2020-02-22;0045;portant_naturalisation;INTN2004559D;"Décret du 20 février 2020 portant naturalisation, réintégration, mention d'enfants mineurs bénéficiant de l'effet collectif attaché à l'acquisition de la nationalité française par leurs parents et francisation de noms et prénoms (Accès protégé)";JORFTEXT000041616730
2020-02-22;0045;rectificatif;INTN2004677D;"Décret du 20 février 2020 portant rectification de décrets de naturalisation, réintégration, libération des liens d'allégeance à l'égard de la France et francisation de noms et prénoms (Accès protégé)";JORFTEXT000041616733
2020-02-16;0040;portant_naturalisation;INTN2003803D;"Décret du 14 février 2020 portant naturalisation, réintégration, mention d'enfants mineurs bénéficiant de l'effet collectif attaché à l'acquisition de la nationalité française par leurs parents, francisation de noms et prénoms et libération de l'allégeance française (Accès protégé)";JORFTEXT000041582399
2020-02-15;0039;rapportant;INTN1936559D;Décret du 13 février 2020 rapportant un décret de naturalisation (Accès protégé);JORFTEXT000041580845
2020-02-09;0034;rapportant;INTN1937818D;Décret du 7 février 2020 rapportant un décret de naturalisation (Accès protégé);JORFTEXT000041549418
2020-02-09;0034;portant_naturalisation;INTN2002996D;"Décret du 7 février 2020 portant naturalisation, réintégration, mention d'enfants mineurs bénéficiant de l'effet collectif attaché à l'acquisition de la nationalité française par leurs parents, francisation de noms et de prénoms et libération de l'allégeance française (Accès protégé)";JORFTEXT000041549412
2020-02-09;0034;rapportant;INTN1936233D;Décret du 7 février 2020 rapportant un décret de naturalisation (Accès protégé);JORFTEXT000041549415
2020-01-30;0025;portant_naturalisation;INTN2002157D;"Décret du 28 janvier 2020 portant naturalisation, réintégration, mention d'enfants mineurs bénéficiant de l'effet collectif attaché à l'acquisition de la nationalité française par leurs parents, francisation de noms et prénoms et libération de l'allégeance française (Accès protégé)";JORFTEXT000041497612
2020-01-30;0025;modificatif;INTN2001787D;"Décret modificatif du 28 janvier 2020 de décrets portant naturalisation, réintégration, mention d'enfants mineurs bénéficiant de l'effet collectif attaché à l'acquisition de la nationalité française par leurs parents et francisation de noms et prénoms (Accès protégé)";JORFTEXT000041497609
2020-01-28;0023;portant_naturalisation;INTN2001381D;"Décret du 24 janvier 2020 portant naturalisation, réintégration, mention d'enfants mineurs bénéficiant de l'effet collectif attaché à l'acquisition de la nationalité française par leurs parents, francisation de noms et de prénoms et libération de l'allégeance française (Accès protégé)";JORFTEXT000041484933
2020-01-25;0021;rectificatif;INTN2000951D;"Décret du 24 janvier 2020 portant rectification de décrets de naturalisation, réintégration, libération des liens d'allégeance à l'égard de la France et francisation de noms et prénoms (Accès protégé)";JORFTEXT000041478086
2020-01-24;0020;rapportant;INTN1935393D;Décret du 22 janvier 2020 rapportant un décret de naturalisation (Accès protégé);JORFTEXT000041460416
2020-01-24;0020;rapportant;INTN1935101D;Décret du 22 janvier 2020 rapportant un décret de naturalisation (Accès protégé);JORFTEXT000041460413
2020-01-23;0019;rapportant;INTN1935265D;Décret du 21 janvier 2020 rapportant un décret de naturalisation (Accès protégé);JORFTEXT000041451139
2020-01-22;0018;portant_naturalisation;INTN2000689D;"Décret du 20 janvier 2020 portant naturalisation, réintégration, mention d'enfants mineurs bénéficiant de l'effet collectif attaché à l'acquisition de la nationalité française par leurs parents, francisation de noms et prénoms et libération de l'allégeance française (Accès protégé)";JORFTEXT000041439504
2020-01-15;0012;portant_naturalisation;ARMH2000418D;Décret du 13 janvier 2020 portant naturalisation (Accès protégé);JORFTEXT000041400656
2020-01-15;0012;portant_naturalisation;ARMH2000430D;Décret du 13 janvier 2020 portant naturalisation (Accès protégé);JORFTEXT000041400659
2020-01-15;0012;portant_naturalisation;ARMH2000400D;Décret du 13 janvier 2020 portant naturalisation (Accès protégé);JORFTEXT000041400653
2019-12-31;0303;portant_naturalisation;INTN1937418D;"Décret du 30 décembre 2019 portant naturalisation, réintégration, mention d'enfants mineurs bénéficiant de l'effet collectif attaché à l'acquisition de la nationalité française par leurs parents, francisation de noms et de prénoms et libération de l'allégeance française (Accès protégé)";JORFTEXT000039702166
2019-12-28;0301;rapportant;INTN1931941D;Décret du 26 décembre 2019 rapportant un décret de naturalisation (Accès protégé);JORFTEXT000039683876
2019-12-28;0301;portant_naturalisation;INTN1936021D;"Décret du 26 décembre 2019 portant naturalisation, réintégration, mention d'enfants mineurs bénéficiant de l'effet collectif attaché à l'acquisition de la nationalité française par leurs parents, francisation de noms et prénoms et libération de l'allégeance française (Accès protégé)";JORFTEXT000039683873
2019-12-26;0299;modificatif;INTN1936348D;"Décret modificatif du 24 décembre 2019 de décrets portant naturalisation, réintégration, mention d'enfants mineurs bénéficiant de l'effet collectif attaché à l'acquisition de la nationalité française par leurs parents et francisation de noms et prénoms (Accès protégé)";JORFTEXT000039668477
2019-12-24;0298;portant_naturalisation;INTN1936835D;"Décret du 23 décembre 2019 portant naturalisation, réintégration, mention d'enfants mineurs bénéficiant de l'effet collectif attaché à l'acquisition de la nationalité française par leurs parents, francisation de noms et prénoms et libération de l'allégeance française (Accès protégé)";JORFTEXT000039663607
2019-12-19;0294;rectificatif;INTN1935322D;"Décret du 17 décembre 2019 portant rectification de décrets de naturalisation, réintégration, libération des liens d'allégeance à l'égard de la France et francisation de noms et prénoms (Accès protégé)";JORFTEXT000039638891
2019-12-19;0294;portant_naturalisation;INTN1935332D;"Décret du 17 décembre 2019 portant naturalisation, réintégration, mention d'enfants mineurs bénéficiant de l'effet collectif attaché à l'acquisition de la nationalité française par leurs parents, francisation de noms et prénoms et libération de l'allégeance française (Accès protégé)";JORFTEXT000039638894
2019-12-08;0285;portant_naturalisation;ARMH1935116D;Décret du 6 décembre 2019 portant naturalisation (Accès protégé);JORFTEXT000039457837
2019-12-08;0285;portant_naturalisation;ARMH1935131D;Décret du 6 décembre 2019 portant naturalisation (Accès protégé);JORFTEXT000039457840
2019-12-07;0284;portant_naturalisation;INTN1934356D;"Décret du 5 décembre 2019 portant naturalisation, réintégration, mention d'enfants mineurs bénéficiant de l'effet collectif attaché à l'acquisition de la nationalité française par leurs parents, francisation de noms et de prénoms et libération de l'allégeance française (Accès protégé)";JORFTEXT000039456342
2019-12-01;0279;rapportant;INTN1929111D;Décret du 29 novembre 2019 rapportant un décret de naturalisation (Accès protégé);JORFTEXT000039435050
2019-11-30;0278;portant_naturalisation;INTN1933541D;"Décret du 29 novembre 2019 portant naturalisation, réintégration, mention d'enfants mineurs bénéficiant de l'effet collectif attaché à l'acquisition de la nationalité française par leurs parents, francisation de noms et de prénoms et libération de l'allégeance française (Accès protégé)";JORFTEXT000039433858
2019-11-29;0277;modificatif;INTN1933663D;"Décret modificatif du 28 novembre 2019 de décrets portant naturalisation, réintégration, mention d'enfants mineurs bénéficiant de l'effet collectif attaché à l'acquisition de la nationalité française par leurs parents et francisation de noms et prénoms (Accès protégé)";JORFTEXT000039429704
2019-11-26;0274;portant_naturalisation;INTN1932711D;"Décret du 22 novembre 2019 portant naturalisation, réintégration, mention d'enfants mineurs bénéficiant de l'effet collectif attaché à l'acquisition de la nationalité française par leurs parents et francisation de noms et de prénoms (Accès protégé)";JORFTEXT000039419952
2019-11-21;0270;rapportant;INTN1927694D;Décret du 19 novembre 2019 rapportant un décret de naturalisation (Accès protégé);JORFTEXT000039403256
2019-11-21;0270;rapportant;INTN1926666D;Décret du 19 novembre 2019 rapportant un décret de naturalisation (Accès protégé);JORFTEXT000039403253
2019-11-21;0270;rectificatif;INTN1932290D;"Décret du 19 novembre 2019 portant rectification de décrets de naturalisation, réintégration, libération des liens d'allégeance à l'égard de la France et francisation de noms et prénoms (Accès protégé)";JORFTEXT000039403250
2019-11-17;0267;portant_naturalisation;INTN1932091D;"Décret du 15 novembre 2019 portant naturalisation, réintégration, mention d'enfants mineurs bénéficiant de l'effet collectif attaché à l'acquisition de la nationalité française par leurs parents et francisation de noms et de prénoms (Accès protégé)";JORFTEXT000039385573
2019-11-16;0266;portant_naturalisation;INTN1931548D;"Décret du 6 novembre 2019 portant naturalisation, réintégration, mention d'enfants mineurs bénéficiant de l'effet collectif attaché à l'acquisition de la nationalité française par leurs parents et francisation de noms et prénoms (Accès protégé)";JORFTEXT000039384891
2019-11-03;0256;portant_naturalisation;INTN1930942D;"Décret du 31 octobre 2019 portant naturalisation, réintégration, mention d'enfants mineurs bénéficiant de l'effet collectif attaché à l'acquisition de la nationalité française par leurs parents, francisation de noms et prénoms et libération de l'allégeance française (Accès protégé)";JORFTEXT000039306683
2019-10-31;0254;modificatif;INTN1930359D;"Décret modificatif du 28 octobre 2019 de décrets portant naturalisation, réintégration, mention d'enfants mineurs bénéficiant de l'effet collectif attaché à l'acquisition de la nationalité française par leurs parents et francisation de noms et prénoms (Accès protégé)";JORFTEXT000039297377
2019-10-30;0253;rapportant;INTN1925597D;Décret du 28 octobre 2019 rapportant un décret de naturalisation (Accès protégé);JORFTEXT000039292419
2019-10-27;0251;portant_naturalisation;INTN1929955D;"Décret du 25 octobre 2019 portant naturalisation, réintégration, mention d'enfants mineurs bénéficiant de l'effet collectif attaché à l'acquisition de la nationalité française par leurs parents, francisation de noms et de prénoms et libération de l'allégeance française (Accès protégé)";JORFTEXT000039282251
2019-10-20;0245;portant_naturalisation;INTN1929098D;"Décret du 18 octobre 2019 portant naturalisation, réintégration, mention d'enfants mineurs bénéficiant de l'effet collectif attaché à l'acquisition de la nationalité française par leurs parents, francisation de noms et de prénoms et libération de l'allégeance française (Accès protégé)";JORFTEXT000039242889
2019-10-19;0244;rectificatif;INTN1929206D;"Décret du 17 octobre 2019 portant rectification de décrets de naturalisation, réintégration, libération des liens d'allégeance à l'égard de la France et francisation de noms et prénoms (Accès protégé)";JORFTEXT000039242412
2019-10-18;0243;rapportant;INTN1924412D;Décret du 16 octobre 2019 rapportant un décret de naturalisation (Accès protégé);JORFTEXT000039234781
2019-10-18;0243;portant_naturalisation;INTN1928357D;"Décret du 16 octobre 2019 portant naturalisation, réintégration, mention d'enfants mineurs bénéficiant de l'effet collectif attaché à l'acquisition de la nationalité française par leurs parents, francisation de noms et de prénoms et libération de l'allégeance française (Accès protégé)";JORFTEXT000039234775
2019-10-18;0243;rapportant;INTN1924284D;Décret du 16 octobre 2019 rapportant un décret de naturalisation (Accès protégé);JORFTEXT000039234778
2019-10-05;0232;portant_naturalisation;INTN1927668D;"Décret du 3 octobre 2019 portant naturalisation, réintégration, mention d'enfants mineurs bénéficiant de l'effet collectif attaché à l'acquisition de la nationalité française par leurs parents, francisation de noms et de prénoms et libération de l'allégeance française (Accès protégé)";JORFTEXT000039183975
2019-09-29;0227;portant_naturalisation;INTN1926839D;"Décret du 27 septembre 2019 portant naturalisation, réintégration, mention d'enfants mineurs bénéficiant de l'effet collectif attaché à l'acquisition de la nationalité française par leurs parents, francisation de noms et prénoms et libération de l'allégeance française (Accès protégé)";JORFTEXT000039147421
2019-09-22;0221;rectificatif;INTN1925688D;"Décret du 20 septembre 2019 portant rectification de décrets de naturalisation, réintégration, libération des liens d'allégeance à l'égard de la France et francisation de noms et prénoms (Accès protégé)";JORFTEXT000039121517
2019-09-22;0221;portant_naturalisation;INTN1926191D;"Décret du 20 septembre 2019 portant naturalisation, réintégration, mention d'enfants mineurs bénéficiant de l'effet collectif attaché à l'acquisition de la nationalité française par leurs parents, francisation de noms et de prénoms et libération de l'allégeance française (Accès protégé)";JORFTEXT000039121523
2019-09-21;0220;rapportant;INTN1923700D;Décret du 19 septembre 2019 rapportant un décret de naturalisation (Accès protégé);JORFTEXT000039120717
2019-09-21;0220;rapportant;INTN1922699D;Décret du 19 septembre 2019 rapportant un décret de naturalisation (Accès protégé);JORFTEXT000039120714
2019-09-21;0220;rapportant;INTN1922512D;Décret du 19 septembre 2019 rapportant un décret de naturalisation (Accès protégé);JORFTEXT000039120711
2019-09-20;0219;portant_naturalisation;INTN1925578D;"Décret du 18 septembre 2019 portant naturalisation, réintégration, mention d'enfants mineurs bénéficiant de l'effet collectif attaché à l'acquisition de la nationalité française par leurs parents, francisation de noms et prénoms et libération de l'allégeance française (Accès protégé)";JORFTEXT000039117732
2019-09-20;0219;modificatif;INTN1926057D;"Décret modificatif du 18 septembre 2019 de décrets portant naturalisation, réintégration, mention d'enfants mineurs bénéficiant de l'effet collectif attaché à l'acquisition de la nationalité française par leurs parents et francisation de noms et prénoms (Accès protégé)";JORFTEXT000039117735
2019-09-15;0215;rapportant;INTN1920025D;Décret du 13 septembre 2019 rapportant un décret de naturalisation (Accès protégé);JORFTEXT000039096366
2019-09-15;0215;rapportant;INTN1921818D;Décret du 13 septembre 2019 rapportant un décret de naturalisation (Accès protégé);JORFTEXT000039096369
2019-09-14;0214;rapportant;INTN1921345D;Décret du 13 septembre 2019 rapportant un décret de naturalisation (Accès protégé);JORFTEXT000039095836
2019-09-08;0209;portant_naturalisation;INTN1924963D;"Décret du 6 septembre 2019 portant naturalisation, réintégration, mention d'enfants mineurs bénéficiant de l'effet collectif attaché à l'acquisition de la nationalité française par leurs parents et francisation de noms et de prénoms (Accès protégé)";JORFTEXT000039061381
2019-09-05;0206;modificatif;INTN1924857D;"Décret modificatif du 3 septembre 2019 de décrets portant naturalisation, réintégration, mention d'enfants mineurs bénéficiant de l'effet collectif attaché à l'acquisition de la nationalité française par leurs parents et francisation de noms et prénoms (Accès protégé)";JORFTEXT000039034765
2019-08-31;0202;portant_naturalisation;INTN1924100D;"Décret du 30 août 2019 portant naturalisation, réintégration, mention d'enfants mineurs bénéficiant de l'effet collectif attaché à l'acquisition de la nationalité française par leurs parents, francisation de noms et prénoms et libération de l'allégeance française (Accès protégé)";JORFTEXT000039002236
2019-08-22;0194;portant_naturalisation;INTN1923886D;"Décret du 20 août 2019 portant naturalisation, réintégration, mention d'enfants mineurs bénéficiant de l'effet collectif attaché à l'acquisition de la nationalité française par leurs parents, francisation de noms et de prénoms et libération de l'allégeance française (Accès protégé)";JORFTEXT000038940526
2019-08-20;0192;portant_naturalisation;INTN1922753D;"Décret du 19 août 2019 portant naturalisation, réintégration, mention d'enfants mineurs bénéficiant de l'effet collectif attaché à l'acquisition de la nationalité française par leurs parents et francisation de noms et prénoms (Accès protégé)";JORFTEXT000038935091
2019-08-20;0192;portant_naturalisation;INTN1923251D;"Décret du 19 août 2019 portant naturalisation, réintégration, mention d'enfants mineurs bénéficiant de l'effet collectif attaché à l'acquisition de la nationalité française par leurs parents, francisation de noms et de prénoms et libération de l'allégeance française (Accès protégé)";JORFTEXT000038935094
2019-08-04;0180;rapportant;INTN1919224D;Décret du 2 août 2019 rapportant un décret de naturalisation (Accès protégé);JORFTEXT000038874873
2019-08-04;0180;rapportant;INTN1917819D;Décret du 2 août 2019 rapportant un décret de naturalisation (Accès protégé);JORFTEXT000038874867
2019-08-04;0180;rapportant;INTN1918803D;Décret du 2 août 2019 rapportant un décret de naturalisation (Accès protégé);JORFTEXT000038874870
2019-08-03;0179;portant_naturalisation;INTN1922169D;"Décret du 1er août 2019 portant naturalisation, réintégration, mention d'enfants mineurs bénéficiant de l'effet collectif attaché à l'acquisition de la nationalité française par leurs parents, francisation de noms et de prénoms et libération de l'allégeance française (Accès protégé)";JORFTEXT000038873922
2019-07-27;0173;portant_naturalisation;INTN1921177D;"Décret du 25 juillet 2019 portant naturalisation, réintégration, mention d'enfants mineurs bénéficiant de l'effet collectif attaché à l'acquisition de la nationalité française par leurs parents, francisation de noms et de prénoms et libération de l'allégeance française (Accès protégé)";JORFTEXT000038828205
2019-07-26;0172;rapportant;INTN1918086D;Décret du 25 juillet 2019 rapportant un décret de naturalisation (Accès protégé);JORFTEXT000038822592
2019-07-25;0171;rapportant;INTN1918203D;Décret du 23 juillet 2019 rapportant un décret de naturalisation (Accès protégé);JORFTEXT000038813406
2019-07-25;0171;rapportant;INTN1917684D;Décret du 23 juillet 2019 rapportant un décret de naturalisation (Accès protégé);JORFTEXT000038813403
2019-07-21;0168;rapportant;INTN1917399D;Décret du 19 juillet 2019 rapportant un décret de naturalisation (Accès protégé);JORFTEXT000038793609
2019-07-20;0167;portant_naturalisation;INTN1920489D;"Décret du 18 juillet 2019 portant naturalisation, réintégration, mention d'enfants mineurs bénéficiant de l'effet collectif attaché à l'acquisition de la nationalité française par leurs parents, francisation de noms et de prénoms et libération de l'allégeance française (Accès protégé)";JORFTEXT000038792839
2019-07-19;0166;rapportant;INTN1917449D;Décret du 18 juillet 2019 rapportant un décret de naturalisation (Accès protégé);JORFTEXT000038783548
2019-07-16;0163;portant_naturalisation;INTN1919501D;"Décret du 15 juillet 2019 portant naturalisation, réintégration, mention d'enfants mineurs bénéficiant de l'effet collectif attaché à l'acquisition de la nationalité française par leurs parents, francisation de noms et de prénoms et libération de l'allégeance française (Accès protégé)";JORFTEXT000038767171
2019-07-16;0163;rectificatif;INTN1919437D;"Décret du 15 juillet 2019 portant rectification de décrets de naturalisation, réintégration, libération des liens d'allégeance à l'égard de la France et francisation de noms et prénoms (Accès protégé)";JORFTEXT000038767168
2019-07-05;0154;portant_naturalisation;INTN1918804D;"Décret du 3 juillet 2019 portant naturalisation, réintégration, mention d'enfants mineurs bénéficiant de l'effet collectif attaché à l'acquisition de la nationalité française par leurs parents, francisation de noms et de prénoms et libération de l'allégeance française (Accès protégé)";JORFTEXT000038726539
2019-07-05;0154;rapportant;INTN1916462D;Décret du 4 juillet 2019 rapportant un décret de naturalisation (Accès protégé);JORFTEXT000038726542
2019-06-30;0150;modificatif;INTN1918111D;"Décret modificatif du 28 juin 2019 de décrets portant naturalisation, réintégration, mention d'enfants mineurs bénéficiant de l'effet collectif attaché à l'acquisition de la nationalité française par leurs parents et francisation de noms et prénoms (Accès protégé)";JORFTEXT000038705662
2019-06-30;0150;portant_naturalisation;INTN1917845D;"Décret du 28 juin 2019 portant naturalisation, réintégration, mention d'enfants mineurs bénéficiant de l'effet collectif attaché à l'acquisition de la nationalité française par leurs parents, francisation de noms et de prénoms et libération de l'allégeance française (Accès protégé)";JORFTEXT000038705659
2019-06-26;0146;rectificatif;INTN1917319D;"Décret du 24 juin 2019 portant rectification de décrets de naturalisation, réintégration, libération des liens d'allégeance à l'égard de la France et francisation de noms et prénoms (Accès protégé)";JORFTEXT000038683538
2019-06-23;0144;portant_naturalisation;INTN1917237D;"Décret du 21 juin 2019 portant naturalisation, réintégration, mention d'enfants mineurs bénéficiant de l'effet collectif attaché à l'acquisition de la nationalité française par leurs parents, francisation de noms et de prénoms et libération de l'allégeance française (Accès protégé)";JORFTEXT000038671379
2019-06-22;0143;rapportant;INTN1914702D;Décret du 21 juin 2019 rapportant un décret de naturalisation (Accès protégé);JORFTEXT000038669921
2019-06-21;0142;rapportant;INTN1914705D;Décret du 19 juin 2019 rapportant un décret de naturalisation (Accès protégé);JORFTEXT000038661330
2019-06-14;0136;rapportant;INTN1913840D;Décret du 13 juin 2019 rapportant un décret de naturalisation (Accès protégé);JORFTEXT000038617553
2019-06-14;0136;portant_naturalisation;INTN1916613D;"Décret du 12 juin 2019 portant naturalisation, réintégration, mention d'enfants mineurs bénéficiant de l'effet collectif attaché à l'acquisition de la nationalité française par leurs parents, francisation de noms et de prénoms et libération de l'allégeance française (Accès protégé)";JORFTEXT000038617550
2019-06-14;0136;rapportant;INTN1913935D;Décret du 13 juin 2019 rapportant un décret de naturalisation (Accès protégé);JORFTEXT000038617556
2019-06-14;0136;rapportant;INTN1914442D;Décret du 13 juin 2019 rapportant un décret de naturalisation (Accès protégé);JORFTEXT000038617559
2019-06-13;0135;rapportant;INTN1914307D;Décret du 12 juin 2019 rapportant un décret de naturalisation (Accès protégé);JORFTEXT000038599821
2019-06-08;0132;rapportant;INTN1913268D;Décret du 7 juin 2019 rapportant un décret de naturalisation (Accès protégé);JORFTEXT000038565772
2019-06-08;0132;portant_naturalisation;INTN1915829D;"Décret du 6 juin 2019 portant naturalisation, réintégration, mention d'enfants mineurs bénéficiant de l'effet collectif attaché à l'acquisition de la nationalité française par leurs parents et francisation de noms et de prénoms (Accès protégé)";JORFTEXT000038565763
2019-06-08;0132;rapportant;INTN1913218D;Décret du 7 juin 2019 rapportant un décret de naturalisation (Accès protégé);JORFTEXT000038565769
2019-06-08;0132;rapportant;INTN1913197D;Décret du 7 juin 2019 rapportant un décret de naturalisation (Accès protégé);JORFTEXT000038565766
2019-06-02;0127;portant_naturalisation;INTN1914778D;"Décret du 29 mai 2019 portant naturalisation, réintégration, mention d'enfants mineurs bénéficiant de l'effet collectif attaché à l'acquisition de la nationalité française par leurs parents, francisation de noms et prénoms et libération de l'allégeance française (Accès protégé)";JORFTEXT000038535332
2019-05-30;0125;rapportant;INTN1912659D;Décret du 29 mai 2019 rapportant un décret de naturalisation (Accès protégé);JORFTEXT000038530118
2019-05-30;0125;modificatif;INTN1914910D;"Décret du 29 mai 2019 modificatif de décrets portant naturalisation, réintégration, mention d'enfants mineurs bénéficiant de l'effet collectif attaché à l'acquisition de la nationalité française par leurs parents et francisation de noms et prénoms (Accès protégé)";JORFTEXT000038530112
2019-05-30;0125;rapportant;INTN1912652D;Décret du 29 mai 2019 rapportant un décret de naturalisation (Accès protégé);JORFTEXT000038530115
2019-05-29;0124;rapportant;INTN1912206D;Décret du 27 mai 2019 rapportant un décret de naturalisation (Accès protégé);JORFTEXT000038523733
2019-05-26;0122;portant_naturalisation;INTN1914308D;"Décret du 24 mai 2019 portant naturalisation, réintégration, mention d'enfants mineurs bénéficiant de l'effet collectif attaché à l'acquisition de la nationalité française par leurs parents, francisation de noms et prénoms et libération de l'allégeance française (Accès protégé)";JORFTEXT000038506509
2019-05-23;0119;rapportant;INTN1911458D;Décret du 21 mai 2019 rapportant un décret de naturalisation (Accès protégé);JORFTEXT000038497260
2019-05-19;0116;portant_naturalisation;INTN1913642D;"Décret du 17 mai 2019 portant naturalisation, réintégration, mention d'enfants mineurs bénéficiant de l'effet collectif attaché à l'acquisition de la nationalité française par leurs parents, francisation de noms et prénoms et libération de l'allégeance française (Accès protégé)";JORFTEXT000038487509
2019-05-18;0115;rapportant;INTN1911431D;Décret du 16 mai 2019 rapportant un décret de naturalisation (Accès protégé);JORFTEXT000038486117
2019-05-17;0114;rapportant;INTN1910942D;Décret du 16 mai 2019 rapportant un décret de naturalisation (Accès protégé);JORFTEXT000038480762
2019-05-17;0114;rapportant;INTN1910981D;Décret du 16 mai 2019 rapportant un décret de naturalisation (Accès protégé);JORFTEXT000038480765
2019-05-17;0114;rapportant;INTN1910884D;Décret du 16 mai 2019 rapportant un décret de naturalisation (Accès protégé);JORFTEXT000038480759
2019-05-17;0114;rapportant;INTN1911000D;Décret du 16 mai 2019 rapportant un décret de naturalisation (Accès protégé);JORFTEXT000038480768
2019-05-15;0112;rectificatif;INTN1913222D;"Décret du 13 mai 2019 portant rectification de décrets de naturalisation, réintégration, libération des liens d'allégeance à l'égard de la France et francisation de noms et prénoms (Accès protégé)";JORFTEXT000038471629
2019-05-11;0109;portant_naturalisation;INTN1913000D;"Décret du 9 mai 2019 portant naturalisation, réintégration, mention d'enfants mineurs bénéficiant de l'effet collectif attaché à l'acquisition de la nationalité française par leurs parents et francisation de noms et de prénoms (Accès protégé)";JORFTEXT000038461561
2019-05-05;0105;portant_naturalisation;INTN1912222D;"Décret du 3 mai 2019 portant naturalisation, réintégration, mention d'enfants mineurs bénéficiant de l'effet collectif attaché à l'acquisition de la nationalité française par leurs parents et francisation de noms et de prénoms (Accès protégé)";JORFTEXT000038438923
2019-04-28;0100;portant_naturalisation;INTN1911826D;"Décret du 26 avril 2019 portant naturalisation, réintégration, mention d'enfants mineurs bénéficiant de l'effet collectif attaché à l'acquisition de la nationalité française par leurs parents, francisation de noms et de prénoms et libération de l'allégeance française (Accès protégé)";JORFTEXT000038425129
2019-04-24;0096;modificatif;INTN1910919D;"Décret modificatif du 19 avril 2019 de décrets portant naturalisation, réintégration, mention d'enfants mineurs bénéficiant de l'effet collectif attaché à l'acquisition de la nationalité française par leurs parents et francisation de noms et prénoms (Accès protégé)";JORFTEXT000038404549
2019-04-21;0095;portant_naturalisation;INTN1910882D;"Décret du 19 avril 2019 portant naturalisation, réintégration, mention d'enfants mineurs bénéficiant de l'effet collectif attaché à l'acquisition de la nationalité française par leurs parents, francisation de noms et prénoms et libération de l'allégeance française (Accès protégé)";JORFTEXT000038397138
2019-04-17;0091;rapportant;INTN1907581D;Décret du 16 avril 2019 rapportant un décret de naturalisation (Accès protégé);JORFTEXT000038383603
2019-04-17;0091;rapportant;INTN1907912D;Décret du 16 avril 2019 rapportant un décret de naturalisation (Accès protégé);JORFTEXT000038383606
2019-04-17;0091;rapportant;INTN1907927D;Décret du 16 avril 2019 rapportant un décret de naturalisation (Accès protégé);JORFTEXT000038383609
2019-04-13;0088;rectificatif;INTN1910181D;"Décret du 11 avril 2019 portant rectification de décrets de naturalisation, réintégration, libération des liens d'allégeance à l'égard de la France et francisation de noms et prénoms (Accès protégé)";JORFTEXT000038370074
2019-04-13;0088;rapportant;INTN1907678D;Décret du 12 avril 2019 rapportant un décret de naturalisation (Accès protégé);JORFTEXT000038370077
2019-04-11;0086;portant_naturalisation;INTN1910133D;"Décret du 9 avril 2019 portant naturalisation, réintégration, mention d'enfants mineurs bénéficiant de l'effet collectif attaché à l'acquisition de la nationalité française par leurs parents et francisation de noms et de prénoms (Accès protégé)";JORFTEXT000038359583
2019-04-07;0083;rapportant;INTN1907610D;Décret du 5 avril 2019 rapportant un décret de naturalisation (Accès protégé);JORFTEXT000038342915
2019-04-06;0082;portant_naturalisation;INTN1909105D;"Décret du 4 avril 2019 portant naturalisation, réintégration, mention d'enfants mineurs bénéficiant de l'effet collectif attaché à l'acquisition de la nationalité française par leurs parents, francisation de noms et prénoms et libération de l'allégeance française (Accès protégé)";JORFTEXT000038342375
2019-04-04;0080;rapportant;INTN1906664D;Décret du 3 avril 2019 rapportant un décret de naturalisation (Accès protégé);JORFTEXT000038334929
2019-03-31;0077;portant_naturalisation;INTN1908476D;"Décret du 29 mars 2019 portant naturalisation, réintégration, mention d'enfants mineurs bénéficiant de l'effet collectif attaché à l'acquisition de la nationalité française par leurs parents et francisation de noms et de prénoms (Accès protégé)";JORFTEXT000038319214
2019-03-30;0076;modificatif;INTN1908311D;"Décret modificatif du 27 mars 2019 de décrets portant naturalisation, réintégration, mention d'enfants mineurs bénéficiant de l'effet collectif attaché à l'acquisition de la nationalité française par leurs parents et francisation de noms et prénoms (Accès protégé)";JORFTEXT000038317237
2019-03-30;0076;rapportant;INTN1906537D;Décret du 27 mars 2019 rapportant un décret de naturalisation (Accès protégé);JORFTEXT000038317240
2019-03-27;0073;rapportant;INTN1905714D;Décret du 26 mars 2019 rapportant un décret de naturalisation (Accès protégé);JORFTEXT000038273286
2019-03-23;0070;rectificatif;INTN1907800D;"Décret du 21 mars 2019 portant rectification de décrets de naturalisation, réintégration, libération des liens d'allégeance à l'égard de la France et francisation de noms et prénoms (Accès protégé)";JORFTEXT000038261529
2019-03-23;0070;portant_naturalisation;INTN1907760D;"Décret du 21 mars 2019 portant naturalisation, réintégration, mention d'enfants mineurs bénéficiant de l'effet collectif attaché à l'acquisition de la nationalité française par leurs parents, francisation de noms et de prénoms et libération de l'allégeance française (Accès protégé)";JORFTEXT000038261526
2019-03-21;0068;rapportant;INTN1905253D;Décret du 20 mars 2019 rapportant un décret de naturalisation (Accès protégé);JORFTEXT000038252919
2019-03-14;0062;portant_naturalisation;INTN1907087D;"Décret du 12 mars 2019 portant naturalisation, réintégration, mention d'enfants mineurs bénéficiant de l'effet collectif attaché à l'acquisition de la nationalité française par leurs parents, francisation de noms et de prénoms et libération de l'allégeance française (Accès protégé)";JORFTEXT000038227119
2019-03-09;0058;portant_naturalisation;INTN1906304D;"Décret du 7 mars 2019 portant naturalisation, réintégration, mention d'enfants mineurs bénéficiant de l'effet collectif attaché à l'acquisition de la nationalité française par leurs parents, francisation de noms et de prénoms et libération de l'allégeance française (Accès protégé)";JORFTEXT000038215831
2019-03-09;0058;rapportant;INTN1903398D;Décret du 8 mars 2019 rapportant un décret de naturalisation (Accès protégé);JORFTEXT000038215834
2019-03-01;0051;portant_naturalisation;INTN1905651D;"Décret du 27 février 2019 portant naturalisation, réintégration, mention d'enfants mineurs bénéficiant de l'effet collectif attaché à l'acquisition de la nationalité française par leurs parents, francisation de noms et de prénoms et libération de l'allégeance française (Accès protégé)";JORFTEXT000038185483
2019-03-01;0051;modificatif;INTN1905589D;"Décret modificatif du 27 février 2019 de décrets portant naturalisation, réintégration, mention d'enfants mineurs bénéficiant de l'effet collectif attaché à l'acquisition de la nationalité française par leurs parents et francisation de noms et prénoms (Accès protégé)";JORFTEXT000038185480
2019-02-28;0050;rapportant;INTN1903351D;Décret du 27 février 2019 rapportant un décret de naturalisation (Accès protégé);JORFTEXT000038176261
2019-02-24;0047;portant_naturalisation;INTN1904698D;"Décret du 22 février 2019 portant naturalisation, réintégration, mention d'enfants mineurs bénéficiant de l'effet collectif attaché à l'acquisition de la nationalité française par leurs parents, francisation de noms et prénoms et libération de l'allégeance française (Accès protégé)";JORFTEXT000038159515
2019-02-23;0046;rapportant;INTN1902458D;Décret du 21 février 2019 rapportant un décret de naturalisation (Accès protégé);JORFTEXT000038158701
2019-02-22;0045;rapportant;INTN1901732D;Décret du 21 février 2019 rapportant un décret de naturalisation (Accès protégé);JORFTEXT000038155768
2019-02-22;0045;rectificatif;INTN1904459D;"Décret du 20 février 2019 portant rectification de décrets de naturalisation, réintégration, libération des liens d'allégeance à l'égard de la France et francisation de noms et prénoms (Accès protégé)";JORFTEXT000038155765
2019-02-16;0040;portant_naturalisation;INTN1903786D;"Décret du 14 février 2019 portant naturalisation, réintégration, mention d'enfants mineurs bénéficiant de l'effet collectif attaché à l'acquisition de la nationalité française par leurs parents et francisation de noms et prénoms (Accès protégé)";JORFTEXT000038134039
2019-02-15;0039;rapportant;INTN1901669D;Décret du 14 février 2019 rapportant un décret de naturalisation (Accès protégé);JORFTEXT000038130350
2019-02-13;0037;rapportant;INTN1836116D;Décret du 11 février 2019 rapportant un décret de naturalisation (Accès protégé);JORFTEXT000038121313
2019-02-09;0034;portant_naturalisation;INTN1903314D;"Décret du 7 février 2019 portant naturalisation, réintégration, mention d'enfants mineurs bénéficiant de l'effet collectif attaché à l'acquisition de la nationalité française par leurs parents, francisation de noms et de prénoms et libération de l'allégeance française (Accès protégé)";JORFTEXT000038109285
2019-02-08;0033;rapportant;INTN1900371D;Décret du 6 février 2019 rapportant un décret de naturalisation (Accès protégé);JORFTEXT000038104265
2019-02-08;0033;rapportant;INTN1836111D;Décret du 7 février 2019 rapportant un décret de naturalisation (Accès protégé);JORFTEXT000038104268
2019-02-01;0027;rapportant;INTN1835956D;Décret du 30 janvier 2019 rapportant un décret de naturalisation (Accès protégé);JORFTEXT000038082020
2019-02-01;0027;portant_naturalisation;INTN1902670D;"Décret du 30 janvier 2019 portant naturalisation, réintégration, mention d'enfants mineurs bénéficiant de l'effet collectif attaché à l'acquisition de la nationalité française par leurs parents, francisation de noms et prénoms et libération de l'allégeance française (Accès protégé)";JORFTEXT000038082017
2019-01-31;0026;rapportant;INTN1835613D;Décret du 29 janvier 2019 rapportant un décret de naturalisation (Accès protégé);JORFTEXT000038074780
2019-01-31;0026;rapportant;INTN1835717D;Décret du 30 janvier 2019 rapportant un décret de naturalisation (Accès protégé);JORFTEXT000038074786
2019-01-31;0026;rapportant;INTN1834832D;Décret du 30 janvier 2019 rapportant un décret de naturalisation (Accès protégé);JORFTEXT000038074783
2019-01-30;0025;modificatif;INTN1902020D;"Décret modificatif du 28 janvier 2019 de décrets portant naturalisation, réintégration, mention d'enfants mineurs bénéficiant de l'effet collectif attaché à l'acquisition de la nationalité française par leurs parents et francisation de noms et prénoms (Accès protégé)";JORFTEXT000038071161
2019-01-30;0025;portant_naturalisation;INTN1901390D;"Décret du 28 janvier 2019 portant naturalisation, réintégration, mention d'enfants mineurs bénéficiant de l'effet collectif attaché à l'acquisition de la nationalité française par leurs parents, francisation de noms et de prénoms et libération de l'allégeance française (Accès protégé)";JORFTEXT000038071158
2019-01-30;0025;rapportant;INTN1835601D;Décret du 28 janvier 2019 rapportant un décret de naturalisation (Accès protégé);JORFTEXT000038071164
2019-01-26;0022;rapportant;INTN1835319D;Décret du 25 janvier 2019 rapportant un décret de naturalisation (Accès protégé);JORFTEXT000038057778
2019-01-24;0020;rectificatif;INTN1901310D;"Décret du 22 janvier 2019 portant rectification de décrets de naturalisation, réintégration, libération des liens d'allégeance à l'égard de la France et francisation de noms et prénoms (Accès protégé)";JORFTEXT000038048278
2019-01-18;0015;rapportant;INTN1831778D;Décret du 17 janvier 2019 rapportant un décret de naturalisation (Accès protégé);JORFTEXT000038021507
2019-01-18;0015;rapportant;INTN1834804D;Décret du 17 janvier 2019 rapportant un décret de naturalisation (Accès protégé);JORFTEXT000038021510
2019-01-17;0014;rapportant;INTN1832546D;Décret du 16 janvier 2019 rapportant un décret de naturalisation (Accès protégé);JORFTEXT000038015891
2019-01-16;0013;portant_naturalisation;INTN1900217D;"Décret du 14 janvier 2019 portant naturalisation, réintégration, mention d'enfants mineurs bénéficiant de l'effet collectif attaché à l'acquisition de la nationalité française par leurs parents, francisation de noms et de prénoms et libération de l'allégeance française (Accès protégé)";JORFTEXT000038007223
2019-01-16;0013;rapportant;INTN1832465D;Décret du 15 janvier 2019 rapportant un décret de naturalisation (Accès protégé);JORFTEXT000038007226
2018-12-28;0300;rapportant;INTN1832561D;Décret du 26 décembre 2018 rapportant un décret de naturalisation (Accès protégé);JORFTEXT000037866930
2018-12-28;0300;portant_naturalisation;INTN1835133D;"Décret du 26 décembre 2018 portant naturalisation, réintégration, mention d'enfants mineurs bénéficiant de l'effet collectif attaché à l'acquisition de la nationalité française par leurs parents, francisation de noms et de prénoms et libération de l'allégeance française (Accès protégé)";JORFTEXT000037866924
2018-12-28;0300;portant_naturalisation;INTN1835307D;"Décret du 26 décembre 2018 portant naturalisation, réintégration, mention d'enfants mineurs bénéficiant de l'effet collectif attaché à l'acquisition de la nationalité française par leurs parents et francisation de noms et de prénoms (Accès protégé)";JORFTEXT000037866927
2018-12-23;0297;portant_naturalisation;INTN1834236D;"Décret du 21 décembre 2018 portant naturalisation, réintégration, mention d'enfants mineurs bénéficiant de l'effet collectif attaché à l'acquisition de la nationalité française par leurs parents, francisation de noms et de prénoms et libération de l'allégeance française (Accès protégé)";JORFTEXT000037849226
2018-12-22;0296;portant_naturalisation;INTN1833405D;"Décret du 20 décembre 2018 portant naturalisation, réintégration, mention d'enfants mineurs bénéficiant de l'effet collectif attaché à l'acquisition de la nationalité française par leurs parents, francisation de noms et de prénoms et libération de l'allégeance française (Accès protégé)";JORFTEXT000037846785
2018-12-21;0295;modificatif;INTN1833904D;"Décret modificatif du 19 décembre 2018 de décrets portant naturalisation, réintégration, mention d'enfants mineurs bénéficiant de l'effet collectif attaché à l'acquisition de la nationalité française par leurs parents et francisation de noms et prénoms (Accès protégé)";JORFTEXT000037840597
2018-12-16;0291;rectificatif;INTN1833455D;"Décret du 14 décembre 2018 portant rectification de décrets de naturalisation, réintégration, libération des liens d'allégeance à l'égard de la France et francisation de noms et prénoms (Accès protégé)";JORFTEXT000037816844
2018-12-16;0291;rapportant;INTN1829995D;Décret du 14 décembre 2018 rapportant un décret de naturalisation (Accès protégé);JORFTEXT000037816847
2018-12-14;0289;rapportant;INTN1829935D;Décret du 13 décembre 2018 rapportant un décret de naturalisation (Accès protégé);JORFTEXT000037809330
2018-12-08;0284;portant_naturalisation;INTN1832291D;"Décret du 6 décembre 2018 portant naturalisation, réintégration, mention d'enfants mineurs bénéficiant de l'effet collectif attaché à l'acquisition de la nationalité française par leurs parents, francisation de noms et de prénoms et libération de l'allégeance française (Accès protégé)";JORFTEXT000037782756
2018-12-07;0283;modificatif;INTN1832297D;"Décret modificatif du 5 décembre 2018 de décrets portant naturalisation, réintégration, mention d'enfants mineurs bénéficiant de l'effet collectif attaché à l'acquisition de la nationalité française par leurs parents et francisation de noms et prénoms (Accès protégé)";JORFTEXT000037769078
2018-12-05;0281;portant_naturalisation;INTN1831989D;"Décret du 3 décembre 2018 portant naturalisation, réintégration, mention d'enfants mineurs bénéficiant de l'effet collectif attaché à l'acquisition de la nationalité française par leurs parents, francisation de noms et de prénoms et libération de l'allégeance française (Accès protégé)";JORFTEXT000037699725
2018-12-02;0279;rapportant;INTN1828284D;Décret du 30 novembre 2018 rapportant un décret de naturalisation (Accès protégé);JORFTEXT000037675570
2018-12-01;0278;rapportant;INTN1828301D;Décret du 29 novembre 2018 rapportant un décret de naturalisation (Accès protégé);JORFTEXT000037674651
2018-11-29;0276;portant_naturalisation;INTN1830385D;"Décret du 27 novembre 2018 portant naturalisation, réintégration, mention d'enfants mineurs bénéficiant de l'effet collectif attaché à l'acquisition de la nationalité française par leurs parents et francisation de noms et de prénoms (Accès protégé)";JORFTEXT000037658533
2018-11-23;0271;rectificatif;INTN1830707D;"Décret du 21 novembre 2018 portant rectification de décrets de naturalisation, réintégration, libération des liens d'allégeance à l'égard de la France et francisation de noms et prénoms (Accès protégé)";JORFTEXT000037637387
2018-11-18;0267;portant_naturalisation;INTN1830383D;"Décret du 16 novembre 2018 portant naturalisation, réintégration, mention d'enfants mineurs bénéficiant de l'effet collectif attaché à l'acquisition de la nationalité française par leurs parents, francisation de noms et de prénoms et libération de l'allégeance française (Accès protégé)";JORFTEXT000037619901
2018-11-10;0260;portant_naturalisation;INTN1829788D;"Décret du 8 novembre 2018 portant naturalisation, réintégration, mention d'enfants mineurs bénéficiant de l'effet collectif attaché à l'acquisition de la nationalité française par leurs parents, francisation de noms et de prénoms et libération de l'allégeance française (Accès protégé)";JORFTEXT000037599097
2018-11-06;0256;portant_naturalisation;INTN1828957D;"Décret du 5 novembre 2018 portant naturalisation, réintégration, mention d'enfants mineurs bénéficiant de l'effet collectif attaché à l'acquisition de la nationalité française par leurs parents et francisation de noms et de prénoms (Accès protégé)";JORFTEXT000037559538
2018-11-03;0254;rapportant;INTN1825226D;Décret du 31 octobre 2018 rapportant un décret de naturalisation (Accès protégé);JORFTEXT000037553447
2018-11-01;0253;modificatif;INTN1828951D;"Décret modificatif du 30 octobre 2018 de décrets portant naturalisation, réintégration, mention d'enfants mineurs bénéficiant de l'effet collectif attaché à l'acquisition de la nationalité française par leurs parents et francisation de noms et prénoms (Accès protégé)";JORFTEXT000037548830
2018-10-28;0250;rapportant;INTN1824865D;Décret du 26 octobre 2018 rapportant un décret de naturalisation (Accès protégé);JORFTEXT000037534596
2018-10-28;0250;portant_naturalisation;INTN1828484D;"Décret du 26 octobre 2018 portant naturalisation, réintégration, mention d'enfants mineurs bénéficiant de l'effet collectif attaché à l'acquisition de la nationalité française par leurs parents et francisation de noms et prénoms (Accès protégé)";JORFTEXT000037534587
2018-10-28;0250;rapportant;INTN1823906D;Décret du 26 octobre 2018 rapportant un décret de naturalisation (Accès protégé);JORFTEXT000037534590
2018-10-28;0250;rapportant;INTN1824816D;Décret du 26 octobre 2018 rapportant un décret de naturalisation (Accès protégé);JORFTEXT000037534593
2018-10-24;0246;portant_naturalisation;INTN1827674D;"Décret du 22 octobre 2018 portant naturalisation, réintégration, mention d'enfants mineurs bénéficiant de l'effet collectif attaché à l'acquisition de la nationalité française par leurs parents, francisation de noms et de prénoms et libération de l'allégeance française (Accès protégé)";JORFTEXT000037520184
2018-10-24;0246;rectificatif;INTN1827765D;"Décret du 22 octobre 2018 portant rectification de décrets de naturalisation, réintégration, libération des liens d'allégeance à l'égard de la France et francisation de noms et prénoms (Accès protégé)";JORFTEXT000037520187
2018-10-14;0238;portant_naturalisation;INTN1827035D;"Décret du 12 octobre 2018 portant naturalisation, réintégration, mention d'enfants mineurs bénéficiant de l'effet collectif attaché à l'acquisition de la nationalité française par leurs parents, francisation de noms et de prénoms et libération de l'allégeance française (Accès protégé)";JORFTEXT000037493882
2018-10-09;0233;rapportant;INTN1823220D;Décret du 8 octobre 2018 rapportant un décret de naturalisation (Accès protégé);JORFTEXT000037477927
2018-10-06;0231;portant_naturalisation;INTN1826300D;"Décret du 5 octobre 2018 portant naturalisation, réintégration, mention d'enfants mineurs bénéficiant de l'effet collectif attaché à l'acquisition de la nationalité française par leurs parents, francisation de noms et de prénoms et libération de l'allégeance française (Accès protégé)";JORFTEXT000037469903
2018-09-30;0226;portant_naturalisation;INTN1825603D;"Décret du 28 septembre 2018 portant naturalisation, réintégration, mention d'enfants mineurs bénéficiant de l'effet collectif attaché à l'acquisition de la nationalité française par leurs parents, francisation de noms et de prénoms et libération de l'allégeance française (Accès protégé)";JORFTEXT000037446465
2018-09-28;0224;rectificatif;INTN1825035D;"Décret du 26 septembre 2018 portant rectification de décrets de naturalisation, réintégration, libération des liens d'allégeance à l'égard de la France et francisation de noms et prénoms (Accès protégé)";JORFTEXT000037439780
2018-09-27;0223;portant_naturalisation;INTN1824801D;"Décret du 25 septembre 2018 portant naturalisation, réintégration, mention d'enfants mineurs bénéficiant de l'effet collectif attaché à l'acquisition de la nationalité française par leurs parents, francisation de noms et de prénoms et libération de l'allégeance française (Accès protégé)";JORFTEXT000037437053
2018-09-23;0220;modificatif;INTN1824914D;"Décret modificatif du 21 septembre 2018 de décrets portant naturalisation, réintégration, mention d'enfants mineurs bénéficiant de l'effet collectif attaché à l'acquisition de la nationalité française par leurs parents et francisation de noms et prénoms (Accès protégé)";JORFTEXT000037422794
2018-09-20;0217;portant_naturalisation;INTN1824196D;"Décret du 18 septembre 2018 portant naturalisation, réintégration, mention d'enfants mineurs bénéficiant de l'effet collectif attaché à l'acquisition de la nationalité française par leurs parents, francisation de noms et de prénoms et libération de l'allégeance française (Accès protégé)";JORFTEXT000037414857
2018-09-12;0210;portant_naturalisation;INTN1823696D;"Décret du 10 septembre 2018 portant naturalisation, réintégration, mention d'enfants mineurs bénéficiant de l'effet collectif attaché à l'acquisition de la nationalité française par leurs parents, francisation de noms et de prénoms et libération de l'allégeance française (Accès protégé)";JORFTEXT000037392385
2018-09-12;0210;portant_naturalisation;INTN1822360D;Décret du 11 septembre 2018 portant naturalisation (Accès protégé);JORFTEXT000037392388
2018-09-09;0208;modificatif;INTN1823740D;"Décret modificatif du 7 septembre 2018 de décrets portant naturalisation, réintégration, mention d'enfants mineurs bénéficiant de l'effet collectif attaché à l'acquisition de la nationalité française par leurs parents et francisation de noms et prénoms (Accès protégé)";JORFTEXT000037376902
2018-09-01;0201;portant_naturalisation;INTN1823242D;"Décret du 30 août 2018 portant naturalisation, réintégration, mention d'enfants mineurs bénéficiant de l'effet collectif attaché à l'acquisition de la nationalité française par leurs parents et francisation de noms et de prénoms (Accès protégé)";JORFTEXT000037359826
2018-08-29;0198;portant_naturalisation;INTN1822829D;"Décret du 27 août 2018 portant naturalisation, réintégration, mention d'enfants mineurs bénéficiant de l'effet collectif attaché à l'acquisition de la nationalité française par leurs parents et francisation de noms et de prénoms (Accès protégé)";JORFTEXT000037345939
2018-08-25;0195;rectificatif;INTN1822361D;"Décret du 23 août 2018 portant rectification de décrets de naturalisation, réintégration, libération des liens d'allégeance à l'égard de la France et francisation de noms et prénoms (Accès protégé)";JORFTEXT000037336136
2018-08-25;0195;rapportant;INTN1817404D;Décret du 23 août 2018 rapportant un décret de naturalisation (Accès protégé);JORFTEXT000037336139
2018-08-24;0194;portant_naturalisation;INTN1822481D;"Décret du 23 août 2018 portant naturalisation, réintégration, mention d'enfants mineurs bénéficiant de l'effet collectif attaché à l'acquisition de la nationalité française par leurs parents, francisation de noms et de prénoms et libération de l'allégeance française (Accès protégé)";JORFTEXT000037331269
2018-08-24;0194;portant_naturalisation;INTN1821853D;"Décret du 23 août 2018 portant naturalisation, réintégration, mention d'enfants mineurs bénéficiant de l'effet collectif attaché à l'acquisition de la nationalité française par leurs parents, francisation de noms et de prénoms et libération de l'allégeance française (Accès protégé)";JORFTEXT000037331266
2018-08-03;0177;portant_naturalisation;INTN1821165D;"Décret du 1er août 2018 portant naturalisation, réintégration, mention d'enfants mineurs bénéficiant de l'effet collectif attaché à l'acquisition de la nationalité française par leurs parents, francisation de noms et de prénoms et libération de l'allégeance française (Accès protégé)";JORFTEXT000037278292
2018-08-03;0177;rapportant;INTN1816950D;Décret du 1er août 2018 rapportant un décret de naturalisation (Accès protégé);JORFTEXT000037278298
2018-08-03;0177;rapportant;INTN1815987D;Décret du 1er août 2018 rapportant un décret de naturalisation (Accès protégé);JORFTEXT000037278295
2018-08-01;0175;rapportant;INTN1816004D;Décret du 30 juillet 2018 rapportant un décret de naturalisation (Accès protégé);JORFTEXT000037270806
2018-08-01;0175;rapportant;INTN1816015D;Décret du 30 juillet 2018 rapportant un décret de naturalisation (Accès protégé);JORFTEXT000037270809
2018-08-01;0175;rapportant;INTN1816845D;Décret du 30 juillet 2018 rapportant un décret de naturalisation (Accès protégé);JORFTEXT000037270812
2018-07-28;0172;portant_naturalisation;INTN1820406D;"Décret du 26 juillet 2018 portant naturalisation, réintégration, mention d'enfants mineurs bénéficiant de l'effet collectif attaché à l'acquisition de la nationalité française par leurs parents, francisation de noms et de prénoms et libération de l'allégeance française (Accès protégé)";JORFTEXT000037257464
2018-07-26;0170;rapportant;INTN1817273D;Décret du 24 juillet 2018 rapportant un décret de naturalisation (Accès protégé);JORFTEXT000037248923
2018-07-26;0170;rapportant;INTN1815442D;Décret du 24 juillet 2018 rapportant un décret de naturalisation (Accès protégé);JORFTEXT000037248920
2018-07-22;0167;rapportant;INTN1815278D;Décret du 20 juillet 2018 rapportant un décret de naturalisation (Accès protégé);JORFTEXT000037236212
2018-07-22;0167;rapportant;INTN1815466D;Décret du 20 juillet 2018 rapportant un décret de naturalisation (Accès protégé);JORFTEXT000037236215
2018-07-22;0167;portant_naturalisation;ARMM1809198D;Décret du 20 juillet 2018 portant modification du décret du 29 juillet 2015 portant naturalisation (Accès protégé);JORFTEXT000037236209
2018-07-22;0167;rapportant;INTN1817287D;Décret du 20 juillet 2018 rapportant un décret de naturalisation (Accès protégé);JORFTEXT000037236218
2018-07-20;0165;rapportant;INTN1815836D;Décret du 18 juillet 2018 rapportant un décret de naturalisation (Accès protégé);JORFTEXT000037226841
2018-07-20;0165;portant_naturalisation;INTN1819651D;"Décret du 18 juillet 2018 portant naturalisation, réintégration, mention d'enfants mineurs bénéficiant de l'effet collectif attaché à l'acquisition de la nationalité française par leurs parents et francisation de noms et de prénoms (Accès protégé)";JORFTEXT000037226838
2018-07-20;0165;rapportant;INTN1815843D;Décret du 18 juillet 2018 rapportant un décret de naturalisation (Accès protégé);JORFTEXT000037226844
2018-07-19;0164;rapportant;INTN1814007D;Décret du 17 juillet 2018 rapportant un décret de naturalisation (Accès protégé);JORFTEXT000037218720
2018-07-14;0161;portant_naturalisation;INTN1818846D;"Décret du 12 juillet 2018 portant naturalisation, réintégration, mention d'enfants mineurs bénéficiant de l'effet collectif attaché à l'acquisition de la nationalité française par leurs parents, francisation de noms et de prénoms et libération de l'allégeance française (Accès protégé)";JORFTEXT000037193526
2018-07-13;0160;rapportant;INTN1813473D;Décret du 12 juillet 2018 rapportant un décret de naturalisation (Accès protégé);JORFTEXT000037187624
2018-07-12;0159;modificatif;INTN1818614D;"Décret modificatif du 10 juillet 2018 de décrets portant naturalisation, réintégration, mention d'enfants mineurs bénéficiant de l'effet collectif attaché à l'acquisition de la nationalité française par leurs parents et francisation de noms et prénoms (Accès protégé)";JORFTEXT000037182289
2018-07-08;0156;portant_naturalisation;INTN1817965D;"Décret du 6 juillet 2018 portant naturalisation, réintégration, mention d'enfants mineurs bénéficiant de l'effet collectif attaché à l'acquisition de la nationalité française par leurs parents, francisation de noms et de prénoms et libération de l'allégeance française (Accès protégé)";JORFTEXT000037162072
2018-07-07;0155;rapportant;INTN1813910D;Décret du 5 juillet 2018 rapportant un décret de naturalisation (Accès protégé);JORFTEXT000037161171
2018-07-05;0153;rapportant;INTN1813457D;Décret du 3 juillet 2018 rapportant un décret de naturalisation (Accès protégé);JORFTEXT000037153038
2018-06-30;0149;portant_naturalisation;INTN1817021D;"Décret du 27 juin 2018 portant naturalisation, réintégration, mention d'enfants mineurs bénéficiant de l'effet collectif attaché à l'acquisition de la nationalité française par leurs parents, francisation de noms et prénoms et libération de l'allégeance française (Accès protégé)";JORFTEXT000037132175
2018-06-29;0148;rapportant;INTN1813091D;Décret du 28 juin 2018 rapportant un décret de naturalisation (Accès protégé);JORFTEXT000037116965
2018-06-29;0148;rectificatif;INTN1816928D;"Décret du 27 juin 2018 portant rectification de décrets de naturalisation, réintégration, libération des liens d'allégeance à l'égard de la France et francisation de noms et prénoms (Accès protégé)";JORFTEXT000037116962
2018-06-28;0147;rapportant;INTN1813087D;Décret du 27 juin 2018 rapportant un décret de naturalisation (Accès protégé);JORFTEXT000037112441
2018-06-27;0146;portant_naturalisation;INTN1816521D;"Décret du 25 juin 2018 portant naturalisation, réintégration, mention d'enfants mineurs bénéficiant de l'effet collectif attaché à l'acquisition de la nationalité française par leurs parents, francisation de noms et de prénoms et libération de l'allégeance française (Accès protégé)";JORFTEXT000037107508
2018-06-15;0136;portant_naturalisation;INTN1815712D;"Décret du 13 juin 2018 portant naturalisation, réintégration, mention d'enfants mineurs bénéficiant de l'effet collectif attaché à l'acquisition de la nationalité française par leurs parents, francisation de noms et de prénoms et libération de l'allégeance française (Accès protégé)";JORFTEXT000037068623
2018-06-14;0135;rapportant;INTN1812108D;Décret du 13 juin 2018 rapportant un décret de naturalisation (Accès protégé);JORFTEXT000037058444
2018-06-14;0135;rapportant;INTN1810952D;Décret du 13 juin 2018 rapportant un décret de naturalisation (Accès protégé);JORFTEXT000037058441
2018-06-09;0131;portant_naturalisation;INTN1814996D;"Décret du 7 juin 2018 portant naturalisation, réintégration, mention d'enfants mineurs bénéficiant de l'effet collectif attaché à l'acquisition de la nationalité française par leurs parents et francisation de noms et de prénoms (Accès protégé)";JORFTEXT000037039155
2018-06-07;0129;rapportant;INTN1810631D;Décret du 6 juin 2018 rapportant un décret de naturalisation (Accès protégé);JORFTEXT000037019657
2018-06-06;0128;rectificatif;INTN1814337D;"Décret du 4 juin 2018 portant rectification de décrets de naturalisation, réintégration, libération des liens d'allégeance à l'égard de la France et francisation de noms et prénoms (Accès protégé)";JORFTEXT000037003375
2018-06-02;0125;modificatif;INTN1813915D;"Décret modificatif du 31 mai 2018 de décrets portant naturalisation, réintégration, mention d'enfants mineurs bénéficiant de l'effet collectif attaché à l'acquisition de la nationalité française par leurs parents et francisation de noms et prénoms (Accès protégé)";JORFTEXT000036975789
2018-06-02;0125;portant_naturalisation;INTN1813919D;"Décret du 31 mai 2018 portant naturalisation, réintégration, mention d'enfants mineurs bénéficiant de l'effet collectif attaché à l'acquisition de la nationalité française par leurs parents, francisation de noms et de prénoms et libération de l'allégeance française (Accès protégé)";JORFTEXT000036975783
2018-06-02;0125;rapportant;INTN1811197D;Décret du 31 mai 2018 rapportant un décret de naturalisation (Accès protégé);JORFTEXT000036975786
2018-05-24;0117;portant_naturalisation;INTN1813320D;"Décret du 22 mai 2018 portant naturalisation, réintégration, mention d'enfants mineurs bénéficiant de l'effet collectif attaché à l'acquisition de la nationalité française par leurs parents et francisation de noms et prénoms (Accès protégé)";JORFTEXT000036937436
2018-05-20;0115;portant_naturalisation;INTN1812545D;"Décret du 18 mai 2018 portant naturalisation, réintégration, mention d'enfants mineurs bénéficiant de l'effet collectif attaché à l'acquisition de la nationalité française par leurs parents et francisation de noms et prénoms (Accès protégé)";JORFTEXT000036927785
2018-05-16;0111;portant_naturalisation;INTN1812123D;"Décret du 14 mai 2018 portant naturalisation, réintégration, mention d'enfants mineurs bénéficiant de l'effet collectif attaché à l'acquisition de la nationalité française par leurs parents, francisation de noms et de prénoms et libération de l'allégeance française (Accès protégé)";JORFTEXT000036911520
2018-05-04;0103;portant_naturalisation;INTN1811871D;"Décret du 2 mai 2018 portant naturalisation, réintégration, mention d'enfants mineurs bénéficiant de l'effet collectif attaché à l'acquisition de la nationalité française par leurs parents, francisation de noms et de prénoms et libération de l'allégeance française (Accès protégé)";JORFTEXT000036869244
2018-04-27;0098;portant_naturalisation;INTN1811041D;"Décret du 25 avril 2018 portant naturalisation, réintégration, mention d'enfants mineurs bénéficiant de l'effet collectif attaché à l'acquisition de la nationalité française par leurs parents et francisation de noms et de prénoms (Accès protégé)";JORFTEXT000036844359
2018-04-26;0097;rapportant;INTN1807746D;Décret du 24 avril 2018 rapportant un décret de naturalisation (Accès protégé);JORFTEXT000036840752
2018-04-26;0097;rectificatif;INTN1810743D;"Décret du 24 avril 2018 portant rectification de décrets de naturalisation, réintégration, libération des liens d'allégeance à l'égard de la France et francisation de noms et prénoms (Accès protégé)";JORFTEXT000036840749
2018-04-22;0094;portant_naturalisation;INTN1810200D;"Décret du 20 avril 2018 portant naturalisation, réintégration, mention d'enfants mineurs bénéficiant de l'effet collectif attaché à l'acquisition de la nationalité française par leurs parents et francisation de noms et de prénoms (Accès protégé)";JORFTEXT000036827411
2018-04-22;0094;modificatif;INTN1810403D;"Décret modificatif du 20 avril 2018 de décrets portant naturalisation, réintégration, mention d'enfants mineurs bénéficiant de l'effet collectif attaché à l'acquisition de la nationalité française par leurs parents et francisation de noms et prénoms (Accès protégé)";JORFTEXT000036827414
2018-04-15;0088;rapportant;INTN1806829D;Décret du 13 avril 2018 rapportant un décret de naturalisation (Accès protégé);JORFTEXT000036800710
2018-04-14;0087;portant_naturalisation;INTN1809379D;"Décret du 12 avril 2018 portant naturalisation, réintégration, mention d'enfants mineurs bénéficiant de l'effet collectif attaché à l'acquisition de la nationalité française par leurs parents, francisation de noms et de prénoms et libération de l'allégeance française (Accès protégé)";JORFTEXT000036799800
2018-04-11;0084;rapportant;INTN1804865D;Décret du 10 avril 2018 rapportant un décret de naturalisation (Accès protégé);JORFTEXT000036787096
2018-04-08;0082;rapportant;INTN1806206D;Décret du 6 avril 2018 rapportant un décret de naturalisation (Accès protégé);JORFTEXT000036777735
2018-04-08;0082;rapportant;INTN1805706D;Décret du 6 avril 2018 rapportant un décret de naturalisation (Accès protégé);JORFTEXT000036777729
2018-04-08;0082;portant_naturalisation;INTN1808851D;"Décret du 6 avril 2018 portant naturalisation, réintégration, mention d'enfants mineurs bénéficiant de l'effet collectif attaché à l'acquisition de la nationalité française par leurs parents, francisation de noms et de prénoms et libération de l'allégeance française (Accès protégé)";JORFTEXT000036777726
2018-04-08;0082;rapportant;INTN1806133D;Décret du 6 avril 2018 rapportant un décret de naturalisation (Accès protégé);JORFTEXT000036777732
2018-03-30;0075;modificatif;INTN1807799D;"Décret modificatif du 28 mars 2018 de décrets portant naturalisation, réintégration, mention d'enfants mineurs bénéficiant de l'effet collectif attaché à l'acquisition de la nationalité française par leurs parents et francisation de noms et prénoms (Accès protégé)";JORFTEXT000036751443
2018-03-30;0075;rapportant;INTN1805151D;Décret du 28 mars 2018 rapportant un décret de naturalisation (Accès protégé);JORFTEXT000036751440
2018-03-30;0075;portant_naturalisation;INTN1807805D;"Décret du 28 mars 2018 portant naturalisation, réintégration, mention d'enfants mineurs bénéficiant de l'effet collectif attaché à l'acquisition de la nationalité française par leurs parents et francisation de noms et prénoms (Accès protégé)";JORFTEXT000036751437
2018-03-28;0073;portant_naturalisation;INTN1807074D;"Décret du 26 mars 2018 portant naturalisation, réintégration, mention d'enfants mineurs bénéficiant de l'effet collectif attaché à l'acquisition de la nationalité française par leurs parents et francisation de noms et de prénoms (Accès protégé)";JORFTEXT000036746291
2018-03-25;0071;rapportant;INTN1805147D;Décret du 23 mars 2018 rapportant un décret de naturalisation (Accès protégé);JORFTEXT000036740203
2018-03-25;0071;rapportant;INTN1803755D;Décret du 23 mars 2018 rapportant un décret de naturalisation (Accès protégé);JORFTEXT000036740200
2018-03-23;0069;rectificatif;INTN1807164D;"Décret du 21 mars 2018 portant rectification de décrets de naturalisation, réintégration, libération des liens d'allégeance à l'égard de la France et francisation de noms et prénoms (Accès protégé)";JORFTEXT000036736481
2018-03-21;0067;portant_naturalisation;ARMM1807307D;Décret du 19 mars 2018 portant naturalisation (Accès protégé);JORFTEXT000036729443
2018-03-21;0067;portant_naturalisation;ARMM1807305D;Décret du 19 mars 2018 portant naturalisation (Accès protégé);JORFTEXT000036729440
2018-03-21;0067;rapportant;INTN1803318D;Décret du 20 mars 2018 rapportant un décret de naturalisation (Accès protégé);JORFTEXT000036729446
2018-03-17;0064;rapportant;INTN1803226D;Décret du 15 mars 2018 rapportant un décret de naturalisation (Accès protégé);JORFTEXT000036714874
2018-03-16;0063;portant_naturalisation;INTN1806647D;"Décret du 14 mars 2018 portant naturalisation, réintégration, mention d'enfants mineurs bénéficiant de l'effet collectif attaché à l'acquisition de la nationalité française par leurs parents, francisation de noms et de prénoms et libération de l'allégeance française (Accès protégé)";JORFTEXT000036711746
2018-03-15;0062;rapportant;INTN1801986D;Décret du 13 mars 2018 rapportant un décret de naturalisation (Accès protégé);JORFTEXT000036709301
2018-03-09;0057;rapportant;INTN1802353D;Décret du 7 mars 2018 rapportant un décret de naturalisation (Accès protégé);JORFTEXT000036684820
2018-03-09;0057;portant_naturalisation;INTN1805960D;"Décret du 7 mars 2018 portant naturalisation, réintégration, mention d'enfants mineurs bénéficiant de l'effet collectif attaché à l'acquisition de la nationalité française par leurs parents, francisation de noms et prénoms et libération de l'allégeance française (Accès protégé)";JORFTEXT000036684817
2018-03-04;0053;portant_naturalisation;INTN1804974D;"Décret du 2 mars 2018 portant naturalisation, réintégration, mention d'enfants mineurs bénéficiant de l'effet collectif attaché à l'acquisition de la nationalité française par leurs parents, francisation de noms et de prénoms et libération de l'allégeance française (Accès protégé)";JORFTEXT000036668475
2018-02-25;0047;portant_naturalisation;INTN1804491D;"Décret du 23 février 2018 portant naturalisation, réintégration, mention d'enfants mineurs bénéficiant de l'effet collectif attaché à l'acquisition de la nationalité française par leurs parents et francisation de noms et de prénoms (Accès protégé)";JORFTEXT000036640957
2018-02-25;0047;modificatif;INTN1804844D;"Décret modificatif du 23 février 2018 de décrets portant naturalisation, réintégration, mention d'enfants mineurs bénéficiant de l'effet collectif attaché à l'acquisition de la nationalité française par leurs parents et francisation de noms et prénoms (Accès protégé)";JORFTEXT000036640960
2018-02-21;0043;rapportant;INTN1736696D;Décret du 19 février 2018 rapportant un décret de naturalisation (Accès protégé);JORFTEXT000036625754
2018-02-21;0043;rapportant;INTN1800802D;Décret du 19 février 2018 rapportant un décret de naturalisation (Accès protégé);JORFTEXT000036625757
2018-02-18;0041;rectificatif;INTN1804019D;"Décret du 16 février 2018 portant rectification de décrets de naturalisation, réintégration, libération des liens d'allégeance à l'égard de la France et francisation de noms et prénoms (Accès protégé)";JORFTEXT000036610924
2018-02-16;0039;portant_naturalisation;INTN1803885D;"Décret du 14 février 2018 portant naturalisation, réintégration, mention d'enfants mineurs bénéficiant de l'effet collectif attaché à l'acquisition de la nationalité française par leurs parents, francisation de noms et de prénoms et libération de l'allégeance française (Accès protégé)";JORFTEXT000036606398
2018-02-14;0037;rapportant;INTN1800256D;Décret du 12 février 2018 rapportant un décret de naturalisation (Accès protégé);JORFTEXT000036596842
2018-02-14;0037;portant_naturalisation;ARMM1803717D;Décret du 12 février 2018 portant naturalisation (Accès protégé);JORFTEXT000036596845
2018-02-14;0037;rapportant;INTN1800016D;Décret du 12 février 2018 rapportant un décret de naturalisation (Accès protégé);JORFTEXT000036596839
2018-02-09;0033;portant_naturalisation;INTN1803109D;"Décret du 7 février 2018 portant naturalisation, réintégration, mention d'enfants mineurs bénéficiant de l'effet collectif attaché à l'acquisition de la nationalité française par leurs parents, francisation de noms et de prénoms et libération de l'allégeance française (Accès protégé)";JORFTEXT000036585637
2018-02-02;0027;portant_naturalisation;INTN1802313D;"Décret du 1er février 2018 portant naturalisation, réintégration, mention d'enfants mineurs bénéficiant de l'effet collectif attaché à l'acquisition de la nationalité française par leurs parents, francisation de noms et de prénoms et libération de l'allégeance française (Accès protégé)";JORFTEXT000036565088
2018-01-28;0023;modificatif;INTN1801935D;"Décret modificatif du 26 janvier 2018 de décrets portant naturalisation, réintégration, mention d'enfants mineurs bénéficiant de l'effet collectif attaché à l'acquisition de la nationalité française par leurs parents et francisation de noms et prénoms (Accès protégé)";JORFTEXT000036550494
2018-01-26;0021;portant_naturalisation;INTN1801464D;"Décret du 24 janvier 2018 portant naturalisation, réintégration, mention d'enfants mineurs bénéficiant de l'effet collectif attaché à l'acquisition de la nationalité française par leurs parents, francisation de noms et de prénoms et libération de l'allégeance française (Accès protégé)";JORFTEXT000036544284
2018-01-25;0020;rapportant;INTN1735387D;Décret du 23 janvier 2018 rapportant un décret de naturalisation (Accès protégé);JORFTEXT000036538640
2018-01-25;0020;rapportant;INTN1735429D;Décret du 23 janvier 2018 rapportant un décret de naturalisation (Accès protégé);JORFTEXT000036538643
2018-01-25;0020;rapportant;INTN1734801D;Décret du 23 janvier 2018 rapportant un décret de naturalisation (Accès protégé);JORFTEXT000036538637
2018-01-25;0020;rapportant;INTN1734772D;Décret du 23 janvier 2018 rapportant un décret de naturalisation (Accès protégé);JORFTEXT000036538634
2018-01-19;0015;rapportant;INTN1733556D;Décret du 18 janvier 2018 rapportant un décret de naturalisation (Accès protégé);JORFTEXT000036512880
2018-01-18;0014;portant_naturalisation;INTN1800657D;"Décret du 16 janvier 2018 portant naturalisation, réintégration, mention d'enfants mineurs bénéficiant de l'effet collectif attaché à l'acquisition de la nationalité française par leurs parents et francisation de noms et prénoms (Accès protégé)";JORFTEXT000036505350
2018-01-18;0014;rectificatif;INTN1801068D;"Décret du 16 janvier 2018 portant rectification de décrets de naturalisation, réintégration, libération des liens d'allégeance à l'égard de la France et francisation de noms et prénoms (Accès protégé)";JORFTEXT000036505353
2018-01-12;0009;portant_naturalisation;INTN1800157D;"Décret du 11 janvier 2018 portant naturalisation, réintégration, mention d'enfants mineurs bénéficiant de l'effet collectif attaché à l'acquisition de la nationalité française par leurs parents et francisation de noms et de prénoms (Accès protégé)";JORFTEXT000036469295
2018-01-05;0003;rapportant;INTN1733275D;Décret du 4 janvier 2018 rapportant un décret de naturalisation (Accès protégé);JORFTEXT000036386366
2017-12-30;0304;rapportant;INTN1733069D;Décret du 28 décembre 2017 rapportant un décret de naturalisation (Accès protégé);JORFTEXT000036338595
2017-12-30;0304;rapportant;INTN1733224D;Décret du 28 décembre 2017 rapportant un décret de naturalisation (Accès protégé);JORFTEXT000036338598
2017-12-30;0304;portant_naturalisation;INTN1736140D;"Décret du 28 décembre 2017 portant naturalisation, réintégration, mention d'enfants mineurs bénéficiant de l'effet collectif attaché à l'acquisition de la nationalité française par leurs parents et francisation de noms et de prénoms (Accès protégé)";JORFTEXT000036338589
2017-12-30;0304;rapportant;INTN1732608D;Décret du 28 décembre 2017 rapportant un décret de naturalisation (Accès protégé);JORFTEXT000036338592
2017-12-28;0302;portant_naturalisation;INTN1736139D;"Décret du 26 décembre 2017 portant naturalisation, réintégration, mention d'enfants mineurs bénéficiant de l'effet collectif attaché à l'acquisition de la nationalité française par leurs parents et francisation de noms et de prénoms (Accès protégé)";JORFTEXT000036278236
2017-12-24;0300;rapportant;INTN1732724D;Décret du 22 décembre 2017 rapportant un décret de naturalisation (Accès protégé);JORFTEXT000036252557
2017-12-21;0297;portant_naturalisation;INTN1735327D;"Décret du 19 décembre 2017 portant naturalisation, réintégration, mention d'enfants mineurs bénéficiant de l'effet collectif attaché à l'acquisition de la nationalité française par leurs parents, francisation de noms et de prénoms et libération de l'allégeance française (Accès protégé)";JORFTEXT000036241291
2017-12-17;0294;portant_naturalisation;INTN1734233D;"Décret du 15 décembre 2017 portant naturalisation, réintégration, mention d'enfants mineurs bénéficiant de l'effet collectif attaché à l'acquisition de la nationalité française par leurs parents et francisation de noms et de prénoms (Accès protégé)";JORFTEXT000036211791
2017-12-16;0293;rapportant;INTN1730179D;Décret du 14 décembre 2017 rapportant un décret de naturalisation (Accès protégé);JORFTEXT000036210553
2017-12-16;0293;modificatif;INTN1734672D;"Décret modificatif du 14 décembre 2017 de décrets portant naturalisation, réintégration, mention d'enfants mineurs bénéficiant de l'effet collectif attaché à l'acquisition de la nationalité française par leurs parents et francisation de noms et prénoms (Accès protégé)";JORFTEXT000036210550
2017-12-15;0292;rapportant;INTN1730131D;Décret du 14 décembre 2017 rapportant un décret de naturalisation (Accès protégé);JORFTEXT000036204313
2017-12-14;0291;rapportant;INTN1730110D;Décret du 13 décembre 2017 rapportant un décret de naturalisation (Accès protégé);JORFTEXT000036196764
2017-12-14;0291;rectificatif;INTN1734211D;"Décret du 12 décembre 2017 portant rectification de décrets de naturalisation, réintégration, libération des liens d'allégeance à l'égard de la France et francisation de noms et prénoms (Accès protégé)";JORFTEXT000036196761
2017-12-13;0290;portant_naturalisation;INTN1733677D;"Décret du 11 décembre 2017 portant naturalisation, réintégration, mention d'enfants mineurs bénéficiant de l'effet collectif attaché à l'acquisition de la nationalité française par leurs parents, francisation de noms et de prénoms et libération de l'allégeance française (Accès protégé)";JORFTEXT000036192434
2017-12-03;0282;portant_naturalisation;INTN1732815D;"Décret du 30 novembre 2017 portant naturalisation, réintégration, mention d'enfants mineurs bénéficiant de l'effet collectif attaché à l'acquisition de la nationalité française par leurs parents, francisation de noms et prénoms et libération de l'allégeance française (Accès protégé)";JORFTEXT000036129031
2017-11-25;0275;portant_naturalisation;INTN1732019D;"Décret du 23 novembre 2017 portant naturalisation, réintégration, mention d'enfants mineurs bénéficiant de l'effet collectif attaché à l'acquisition de la nationalité française par leurs parents, francisation de noms et prénoms et libération de l'allégeance française (Accès protégé)";JORFTEXT000036085985
2017-11-23;0273;rectificatif;INTN1731813D;"Décret du 21 novembre 2017 portant rectification de décrets de naturalisation, réintégration, libération des liens d'allégeance à l'égard de la France et francisation de noms et prénoms (Accès protégé)";JORFTEXT000036075045
2017-11-22;0272;rapportant;INTN1728532D;Décret du 21 novembre 2017 rapportant un décret de naturalisation (Accès protégé);JORFTEXT000036069595
2017-11-22;0272;rapportant;INTN1727938D;Décret du 21 novembre 2017 rapportant un décret de naturalisation (Accès protégé);JORFTEXT000036069592
2017-11-18;0269;rapportant;INTN1728301D;Décret du 17 novembre 2017 rapportant un décret de naturalisation (Accès protégé);JORFTEXT000036039346
2017-11-16;0267;rapportant;INTN1727353D;Décret du 15 novembre 2017 rapportant un décret de naturalisation (Accès protégé);JORFTEXT000036027363
2017-11-16;0267;portant_naturalisation;INTN1731240D;"Décret du 14 novembre 2017 portant naturalisation, réintégration, mention d'enfants mineurs bénéficiant de l'effet collectif attaché à l'acquisition de la nationalité française par leurs parents et francisation de noms et prénoms (Accès protégé)";JORFTEXT000036027360
2017-11-15;0266;rapportant;INTN1727393D;Décret du 13 novembre 2017 rapportant un décret de naturalisation (Accès protégé);JORFTEXT000036021342
2017-11-11;0264;portant_naturalisation;INTN1730819D;"Décret du 8 novembre 2017 portant naturalisation, réintégration, mention d'enfants mineurs bénéficiant de l'effet collectif attaché à l'acquisition de la nationalité française par leurs parents et francisation de noms et prénoms (Accès protégé)";JORFTEXT000035999234
2017-11-04;0258;portant_naturalisation;INTN1730290D;"Décret du 2 novembre 2017 portant naturalisation, réintégration, mention d'enfants mineurs bénéficiant de l'effet collectif attaché à l'acquisition de la nationalité française par leurs parents, francisation de noms et de prénoms et libération de l'allégeance française (Accès protégé)";JORFTEXT000035967681
2017-11-03;0257;rapportant;INTN1727349D;Décret du 2 novembre 2017 rapportant un décret de naturalisation (Accès protégé);JORFTEXT000035944787
2017-11-01;0256;rectificatif;INTN1729947D;"Décret du 30 octobre 2017 portant rectification de décrets de naturalisation, réintégration, libération des liens d'allégeance à l'égard de la France et francisation de noms et prénoms (Accès protégé)";JORFTEXT000035939450
2017-11-01;0256;modificatif;INTN1729956D;"Décret du 30 octobre 2017 modificatif de décrets portant naturalisation, réintégration, mention d'enfants mineurs bénéficiant de l'effet collectif attaché à l'acquisition de la nationalité française par leurs parents et francisation de noms et prénoms (Accès protégé)";JORFTEXT000035939453
2017-10-28;0253;portant_naturalisation;INTN1729487D;"Décret du 26 octobre 2017 portant naturalisation, réintégration, mention d'enfants mineurs bénéficiant de l'effet collectif attaché à l'acquisition de la nationalité française par leurs parents, francisation de noms et de prénoms et libération de l'allégeance française (Accès protégé)";JORFTEXT000035920849
2017-10-22;0248;portant_naturalisation;INTN1728694D;"Décret du 20 octobre 2017 portant naturalisation, réintégration, mention d'enfants mineurs bénéficiant de l'effet collectif attaché à l'acquisition de la nationalité française par leurs parents, francisation de noms et prénoms et libération de l'allégeance française (Accès protégé)";JORFTEXT000035842134
2017-10-20;0246;modificatif;INTN1728592D;"Décret modificatif du 18 octobre 2017 de décrets portant naturalisation, réintégration, mention d'enfants mineurs bénéficiant de l'effet collectif attaché à l'acquisition de la nationalité française par leurs parents et francisation de noms et prénoms (Accès protégé)";JORFTEXT000035836841
2017-10-19;0245;rapportant;INTN1725224D;Décret du 18 octobre 2017 rapportant un décret de naturalisation (Accès protégé);JORFTEXT000035830038
2017-10-18;0244;portant_naturalisation;INTN1727960D;"Décret du 16 octobre 2017 portant naturalisation, réintégration, mention d'enfants mineurs bénéficiant de l'effet collectif attaché à l'acquisition de la nationalité française par leurs parents, francisation de noms et de prénoms et libération de l'allégeance française (Accès protégé)";JORFTEXT000035823422
2017-10-11;0238;portant_naturalisation;INTN1727329D;"Décret du 9 octobre 2017 portant naturalisation, réintégration, mention d'enfants mineurs bénéficiant de l'effet collectif attaché à l'acquisition de la nationalité française par leurs parents, francisation de noms et prénoms et libération de l'allégeance française (Accès protégé)";JORFTEXT000035765098
2017-10-11;0238;rapportant;INTN1724799D;Décret du 9 octobre 2017 rapportant un décret de naturalisation (Accès protégé);JORFTEXT000035765101
2017-10-04;0232;rectificatif;INTN1726758D;"Décret du 2 octobre 2017 portant rectification de décrets de naturalisation, réintégration, libération des liens d'allégeance à l'égard de la France et francisation de noms et prénoms (Accès protégé)";JORFTEXT000035708735
2017-10-01;0230;portant_naturalisation;INTN1726579D;"Décret du 29 septembre 2017 portant naturalisation, réintégration, mention d'enfants mineurs bénéficiant de l'effet collectif attaché à l'acquisition de la nationalité française par leurs parents, francisation de noms et de prénoms et libération de l'allégeance française (Accès protégé)";JORFTEXT000035677549
2017-09-29;0228;modificatif;INTN1725854D;"Décret modificatif du 27 septembre 2017 de décrets portant naturalisation, réintégration, mention d'enfants mineurs bénéficiant de l'effet collectif attaché à l'acquisition de la nationalité française par leurs parents et francisation de noms et prénoms (Accès protégé)";JORFTEXT000035666575
2017-09-27;0226;rapportant;INTN1723171D;Décret du 25 septembre 2017 rapportant un décret de naturalisation (Accès protégé);JORFTEXT000035646145
2017-09-27;0226;rapportant;INTN1722518D;Décret du 25 septembre 2017 rapportant un décret de naturalisation (Accès protégé);JORFTEXT000035646142
2017-09-24;0224;portant_naturalisation;INTN1725966D;"Décret du 22 septembre 2017 portant naturalisation, réintégration, mention d'enfants mineurs bénéficiant de l'effet collectif attaché à l'acquisition de la nationalité française par leurs parents, francisation de noms et prénoms et libération de l'allégeance française (Accès protégé)";JORFTEXT000035608757
2017-09-22;0222;rapportant;INTN1723327D;Décret du 21 septembre 2017 rapportant un décret de naturalisation (Accès protégé);JORFTEXT000035601106
2017-09-20;0220;rapportant;INTN1720584D;Décret du 18 septembre 2017 rapportant un décret de naturalisation (Accès protégé);JORFTEXT000035590138
2017-09-20;0220;rapportant;INTN1720801D;Décret du 18 septembre 2017 rapportant un décret de naturalisation (Accès protégé);JORFTEXT000035590141
2017-09-20;0220;rapportant;INTN1719871D;Décret du 18 septembre 2017 rapportant un décret de naturalisation (Accès protégé);JORFTEXT000035590135
2017-09-16;0217;rapportant;INTN1720513D;Décret du 15 septembre 2017 rapportant un décret de naturalisation (Accès protégé);JORFTEXT000035568681
2017-09-16;0217;rapportant;INTN1718896D;Décret du 15 septembre 2017 rapportant un décret de naturalisation (Accès protégé);JORFTEXT000035568678
2017-09-16;0217;portant_naturalisation;INTN1725275D;"Décret du 14 septembre 2017 portant naturalisation, réintégration, mention d'enfants mineurs bénéficiant de l'effet collectif attaché à l'acquisition de la nationalité française par leurs parents, francisation de noms et de prénoms et libération de l'allégeance française (Accès protégé)";JORFTEXT000035568675
2017-09-10;0212;portant_naturalisation;INTN1724807D;"Décret du 8 septembre 2017 portant naturalisation, réintégration, mention d'enfants mineurs bénéficiant de l'effet collectif attaché à l'acquisition de la nationalité française par leurs parents, francisation de noms et de prénoms et libération de l'allégeance française (Accès protégé)";JORFTEXT000035532315
2017-09-06;0208;portant_naturalisation;INTN1724371D;"Décret du 4 septembre 2017 portant naturalisation, réintégration, mention d'enfants mineurs bénéficiant de l'effet collectif attaché à l'acquisition de la nationalité française par leurs parents, francisation de noms et de prénoms et libération de l'allégeance française (Accès protégé)";JORFTEXT000035512278
2017-08-26;0199;portant_naturalisation;INTN1723874D;"Décret du 24 août 2017 portant naturalisation, réintégration, mention d'enfants mineurs bénéficiant de l'effet collectif attaché à l'acquisition de la nationalité française par leurs parents, francisation de noms et de prénoms et libération de l'allégeance française (Accès protégé)";JORFTEXT000035456600
2017-08-24;0197;portant_naturalisation;INTN1723548D;"Décret du 22 août 2017 portant naturalisation, réintégration, mention d'enfants mineurs bénéficiant de l'effet collectif attaché à l'acquisition de la nationalité française par leurs parents et francisation de noms et de prénoms (Accès protégé)";JORFTEXT000035450903
2017-08-13;0189;rectificatif;INTN1723118D;"Décret du 9 août 2017 portant rectification de décrets de naturalisation, réintégration, libération des liens d'allégeance à l'égard de la France et francisation de noms et prénoms (Accès protégé)";JORFTEXT000035409905
2017-08-12;0188;portant_naturalisation;INTN1722777D;"Décret du 9 août 2017 portant naturalisation, réintégration, mention d'enfants mineurs bénéficiant de l'effet collectif attaché à l'acquisition de la nationalité française par leurs parents et francisation de noms et prénoms (Accès protégé)";JORFTEXT000035409369
2017-08-12;0188;rapportant;INTN1718707D;Décret du 9 août 2017 rapportant un décret de naturalisation (Accès protégé);JORFTEXT000035409372
2017-08-10;0186;rapportant;INTN1718397D;Décret du 8 août 2017 rapportant un décret de naturalisation (Accès protégé);JORFTEXT000035395917
2017-08-10;0186;portant_naturalisation;ARMM1722643D;Décret du 8 août 2017 portant naturalisation (Accès protégé);JORFTEXT000035395923
2017-08-10;0186;rapportant;INTN1718289D;Décret du 8 août 2017 rapportant un décret de naturalisation (Accès protégé);JORFTEXT000035395914
2017-08-10;0186;rapportant;INTN1718726D;Décret du 8 août 2017 rapportant un décret de naturalisation (Accès protégé);JORFTEXT000035395920
2017-08-05;0182;rapportant;INTN1717706D;Décret du 3 août 2017 rapportant un décret de naturalisation (Accès protégé);JORFTEXT000035374614
2017-08-05;0182;portant_naturalisation;INTN1722164D;"Décret du 3 août 2017 portant naturalisation, réintégration, mention d'enfants mineurs bénéficiant de l'effet collectif attaché à l'acquisition de la nationalité française par leurs parents et francisation de noms et de prénoms (Accès protégé)";JORFTEXT000035374611
2017-08-04;0181;rapportant;INTN1715450D;Décret du 2 août 2017 rapportant un décret de naturalisation (Accès protégé);JORFTEXT000035367536
2017-08-03;0180;rapportant;INTN1715248D;Décret du 1er août 2017 rapportant un décret de naturalisation (Accès protégé);JORFTEXT000035356949
2017-07-29;0176;portant_naturalisation;INTN1721246D;"Décret du 27 juillet 2017 portant naturalisation, réintégration, mention d'enfants mineurs bénéficiant de l'effet collectif attaché à l'acquisition de la nationalité française par leurs parents et francisation de noms et de prénoms (Accès protégé)";JORFTEXT000035316258
2017-07-28;0175;rapportant;INTN1715246D;Décret du 26 juillet 2017 rapportant un décret de naturalisation (Accès protégé);JORFTEXT000035298441
2017-07-28;0175;rapportant;INTN1716788D;Décret du 26 juillet 2017 rapportant un décret de naturalisation (Accès protégé);JORFTEXT000035298447
2017-07-28;0175;rapportant;INTN1715606D;Décret du 26 juillet 2017 rapportant un décret de naturalisation (Accès protégé);JORFTEXT000035298444
2017-07-26;0173;portant_naturalisation;INTN1720732D;"Décret du 24 juillet 2017 portant naturalisation, réintégration, mention d'enfants mineurs bénéficiant de l'effet collectif attaché à l'acquisition de la nationalité française par leurs parents, francisation de noms et de prénoms et libération de l'allégeance française (Accès protégé)";JORFTEXT000035275205
2017-07-22;0170;rapportant;INTN1714632D;Décret du 20 juillet 2017 rapportant un décret de naturalisation (Accès protégé);JORFTEXT000035259725
2017-07-16;0165;portant_naturalisation;INTN1719702D;"Décret du 13 juillet 2017 portant naturalisation, réintégration, mention d'enfants mineurs bénéficiant de l'effet collectif attaché à l'acquisition de la nationalité française par leurs parents et francisation de noms et prénoms (Accès protégé)";JORFTEXT000035187946
2017-07-12;0162;portant_naturalisation;INTN1718947D;"Décret du 10 juillet 2017 portant naturalisation, réintégration, mention d'enfants mineurs bénéficiant de l'effet collectif attaché à l'acquisition de la nationalité française par leurs parents, francisation de noms et prénoms et libération de l'allégeance française (Accès protégé)";JORFTEXT000035169198
2017-07-12;0162;modificatif;INTN1719337D;"Décret modificatif du 10 juillet 2017 de décrets portant naturalisation, réintégration, mention d'enfants mineurs bénéficiant de l'effet collectif attaché à l'acquisition de la nationalité française par leurs parents et francisation de noms et prénoms (Accès protégé)";JORFTEXT000035169201
2017-07-11;0161;rapportant;INTN1715873D;Décret du 10 juillet 2017 rapportant un décret de naturalisation (Accès protégé);JORFTEXT000035161743
2017-07-01;0153;portant_naturalisation;INTN1718362D;"Décret du 29 juin 2017 portant naturalisation, réintégration, mention d'enfants mineurs bénéficiant de l'effet collectif attaché à l'acquisition de la nationalité française par leurs parents, francisation de noms et de prénoms et libération de l'allégeance française (Accès protégé)";JORFTEXT000035071136
2017-06-30;0152;rapportant;INTN1714555D;Décret du 28 juin 2017 rapportant un décret de naturalisation (Accès protégé);JORFTEXT000035059354
2017-06-30;0152;rapportant;INTN1713714D;Décret du 28 juin 2017 rapportant un décret de naturalisation (Accès protégé);JORFTEXT000035059351
2017-06-30;0152;rapportant;INTN1713595D;Décret du 28 juin 2017 rapportant un décret de naturalisation (Accès protégé);JORFTEXT000035059348
2017-06-28;0150;portant_naturalisation;INTN1717598D;"Décret du 26 juin 2017 portant naturalisation, réintégration, mention d'enfants mineurs bénéficiant de l'effet collectif attaché à l'acquisition de la nationalité française par leurs parents, francisation de noms et prénoms et libération de l'allégeance française (Accès protégé)";JORFTEXT000035022733
2017-06-25;0148;rectificatif;INTN1717442D;"Décret du 23 juin 2017 portant rectification de décrets de naturalisation, réintégration, libération des liens d'allégeance à l'égard de la France et francisation de noms et prénoms (Accès protégé)";JORFTEXT000035000714
2017-06-18;0142;portant_naturalisation;INTN1716797D;"Décret du 16 juin 2017 portant naturalisation, réintégration, mention d'enfants mineurs bénéficiant de l'effet collectif attaché à l'acquisition de la nationalité française par leurs parents, francisation de noms et prénoms et libération de l'allégeance française (Accès protégé)";JORFTEXT000034952390
2017-06-18;0142;modificatif;INTN1716972D;"Décret modificatif du 16 juin 2017 de décrets portant naturalisation, réintégration, mention d'enfants mineurs bénéficiant de l'effet collectif attaché à l'acquisition de la nationalité française par leurs parents et francisation de noms et prénoms (Accès protégé)";JORFTEXT000034952393
2017-06-18;0142;rapportant;INTN1714390D;Décret du 16 juin 2017 rapportant un décret de naturalisation (Accès protégé);JORFTEXT000034952399
2017-06-11;0136;rapportant;INTN1712244D;Décret du 9 juin 2017 rapportant un décret de naturalisation (Accès protégé);JORFTEXT000034898038
2017-06-10;0135;rapportant;INTN1712162D;Décret du 8 juin 2017 rapportant un décret de naturalisation (Accès protégé);JORFTEXT000034897788
2017-06-10;0135;rapportant;INTN1710898D;Décret du 8 juin 2017 rapportant un décret de naturalisation (Accès protégé);JORFTEXT000034897785
2017-06-10;0135;portant_naturalisation;INTN1716074D;"Décret du 8 juin 2017 portant naturalisation, réintégration, mention d'enfants mineurs bénéficiant de l'effet collectif attaché à l'acquisition de la nationalité française par leurs parents, francisation de noms et de prénoms et libération de l'allégeance française (Accès protégé)";JORFTEXT000034897782
2017-06-09;0134;modificatif;INTN1715745D;"Décret modificatif du 7 juin 2017 de décrets portant naturalisation, réintégration, mention d'enfants mineurs bénéficiant de l'effet collectif attaché à l'acquisition de la nationalité française par leurs parents et francisation de noms et prénoms (Accès protégé)";JORFTEXT000034891378
2017-06-09;0134;rectificatif;INTN1715739D;"Décret du 7 juin 2017 portant rectification de décrets de naturalisation, réintégration, libération des liens d'allégeance à l'égard de la France et francisation de noms et prénoms (Accès protégé)";JORFTEXT000034891375
2017-06-01;0128;portant_naturalisation;INTN1715173D;"Décret du 30 mai 2017 portant naturalisation, réintégration, mention d'enfants mineurs bénéficiant de l'effet collectif attaché à l'acquisition de la nationalité française par leurs parents, francisation de noms et de prénoms et libération de l'allégeance française (Accès protégé)";JORFTEXT000034832636
2017-05-30;0126;portant_naturalisation;INTN1715014D;"Décret du 28 mai 2017 portant naturalisation, réintégration, mention d'enfants mineurs bénéficiant de l'effet collectif attaché à l'acquisition de la nationalité française par leurs parents, francisation de noms et prénoms et libération de l'allégeance française (Accès protégé)";JORFTEXT000034822172
2017-05-27;0124;rapportant;INTN1711068D;Décret du 26 mai 2017 rapportant un décret de naturalisation (Accès protégé);JORFTEXT000034811429
2017-05-11;0110;portant_naturalisation;INTN1713514D;"Décret du 9 mai 2017 portant naturalisation, réintégration, mention d'enfants mineurs bénéficiant de l'effet collectif attaché à l'acquisition de la nationalité française par leurs parents et francisation de noms et de prénoms (Accès protégé)";JORFTEXT000034680908
2017-05-10;0109;rapportant;INTN1707824D;Décret du 9 mai 2017 rapportant un décret de naturalisation (Accès protégé);JORFTEXT000034641445
2017-05-10;0109;rapportant;INTN1708502D;Décret du 9 mai 2017 rapportant un décret de naturalisation (Accès protégé);JORFTEXT000034641448
2017-05-10;0109;rapportant;INTN1707433D;Décret du 9 mai 2017 rapportant un décret de naturalisation (Accès protégé);JORFTEXT000034641451
2017-05-10;0109;rapportant;INTN1708634D;Décret du 9 mai 2017 rapportant un décret de naturalisation (Accès protégé);JORFTEXT000034641454
2017-05-06;0107;portant_naturalisation;INTN1712387D;"Décret du 4 mai 2017 portant naturalisation, réintégration, mention d'enfants mineurs bénéficiant de l'effet collectif attaché à l'acquisition de la nationalité française par leurs parents, francisation de noms et de prénoms et libération de l'allégeance française (Accès protégé)";JORFTEXT000034599838
2017-05-06;0107;portant_naturalisation;DEFM1704277D;Décret du 4 mai 2017 portant naturalisation (Accès protégé);JORFTEXT000034599841
2017-04-29;0101;portant_naturalisation;INTN1710841D;"Décret du 25 avril 2017 portant naturalisation, réintégration, mention d'enfants mineurs bénéficiant de l'effet collectif attaché à l'acquisition de la nationalité française par leurs parents, francisation de noms et prénoms et libération de l'allégeance française (Accès protégé)";JORFTEXT000034513506
2017-04-28;0100;portant_naturalisation;INTN1712014D;"Décret du 26 avril 2017 portant naturalisation, réintégration, mention d'enfants mineurs bénéficiant de l'effet collectif attaché à l'acquisition de la nationalité française par leurs parents, francisation de noms et prénoms et libération de l'allégeance française (Accès protégé)";JORFTEXT000034503861
2017-04-26;0098;portant_naturalisation;INTN1711553D;"Décret du 24 avril 2017 portant naturalisation, réintégration, mention d'enfants mineurs bénéficiant de l'effet collectif attaché à l'acquisition de la nationalité française par leurs parents, francisation de noms et de prénoms et libération de l'allégeance française (Accès protégé)";JORFTEXT000034485630
2017-04-22;0095;rectificatif;INTN1711051D;"Décret du 20 avril 2017 portant rectification de décrets de naturalisation, réintégration, libération des liens d'allégeance à l'égard de la France et francisation de noms et prénoms (Accès protégé)";JORFTEXT000034454527
2017-04-14;0089;rapportant;INTN1706632D;Décret du 12 avril 2017 rapportant un décret de naturalisation (Accès protégé);JORFTEXT000034421669
2017-04-09;0085;rapportant;INTN1706244D;Décret du 7 avril 2017 rapportant un décret de naturalisation (Accès protégé);JORFTEXT000034392571
2017-04-09;0085;rapportant;INTN1706669D;Décret du 7 avril 2017 rapportant un décret de naturalisation (Accès protégé);JORFTEXT000034392574
2017-04-09;0085;rapportant;INTN1705140D;Décret du 7 avril 2017 rapportant un décret de naturalisation (Accès protégé);JORFTEXT000034392568
2017-04-09;0085;portant_naturalisation;INTN1709984D;"Décret du 7 avril 2017 portant naturalisation, réintégration, mention d'enfants mineurs bénéficiant de l'effet collectif attaché à l'acquisition de la nationalité française par leurs parents et francisation de noms et de prénoms (Accès protégé)";JORFTEXT000034392559
2017-04-09;0085;rapportant;INTN1702963D;Décret du 7 avril 2017 rapportant un décret de naturalisation (Accès protégé);JORFTEXT000034392565
2017-04-09;0085;rapportant;INTN1702621D;Décret du 7 avril 2017 rapportant un décret de naturalisation (Accès protégé);JORFTEXT000034392562
2017-04-08;0084;modificatif;INTN1709977D;"Décret modificatif du 6 avril 2017 de décrets portant naturalisation, réintégration, mention d'enfants mineurs bénéficiant de l'effet collectif attaché à l'acquisition de la nationalité française par leurs parents et francisation de noms et prénoms (Accès protégé)";JORFTEXT000034391184
2017-04-05;0081;portant_naturalisation;INTN1710182D;"Décret du 3 avril 2017 portant naturalisation, réintégration, mention d'enfants mineurs bénéficiant de l'effet collectif attaché à l'acquisition de la nationalité française par leurs parents et francisation de noms et prénoms (Accès protégé)";JORFTEXT000034366006
2017-04-05;0081;rapportant;INTN1703112D;Décret du 3 avril 2017 rapportant un décret de naturalisation (Accès protégé);JORFTEXT000034366003
2017-04-05;0081;rapportant;INTN1702614D;Décret du 3 avril 2017 rapportant un décret de naturalisation (Accès protégé);JORFTEXT000034366000
2017-04-01;0078;portant_naturalisation;INTN1708987D;"Décret du 30 mars 2017 portant naturalisation, réintégration, mention d'enfants mineurs bénéficiant de l'effet collectif attaché à l'acquisition de la nationalité française par leurs parents et francisation de noms et prénoms (Accès protégé)";JORFTEXT000034329560
2017-03-30;0076;portant_naturalisation;INTN1708582D;"Décret du 28 mars 2017 portant naturalisation, réintégration, mention d'enfants mineurs bénéficiant de l'effet collectif attaché à l'acquisition de la nationalité française par leurs parents, francisation de noms et de prénoms et libération de l'allégeance française (Accès protégé)";JORFTEXT000034308294
2017-03-22;0069;portant_naturalisation;INTN1707551D;"Décret du 21 mars 2017 portant naturalisation, réintégration, mention d'enfants mineurs bénéficiant de l'effet collectif attaché à l'acquisition de la nationalité française par leurs parents, francisation de noms et de prénoms et libération de l'allégeance française (Accès protégé)";JORFTEXT000034252337
2017-03-22;0069;rapportant;INTN1701172D;Décret du 21 mars 2017 rapportant un décret de naturalisation (Accès protégé);JORFTEXT000034252340
2017-03-22;0069;rectificatif;INTN1708190D;"Décret du 20 mars 2017 portant rectification de décrets de naturalisation, réintégration, libération des liens d'allégeance à l'égard de la France et francisation de noms et prénoms (Accès protégé)";JORFTEXT000034252334
2017-03-12;0061;portant_naturalisation;INTN1706287D;"Décret du 10 mars 2017 portant naturalisation, réintégration, mention d'enfants mineurs bénéficiant de l'effet collectif attaché à l'acquisition de la nationalité française par leurs parents et francisation de noms et prénoms (Accès protégé)";JORFTEXT000034167267
2017-03-12;0061;rapportant;INTN1702892D;Décret du 10 mars 2017 rapportant un décret de naturalisation (Accès protégé);JORFTEXT000034167270
2017-03-08;0057;portant_naturalisation;INTN1705619D;"Décret du 4 mars 2017 portant naturalisation, réintégration, mention d'enfants mineurs bénéficiant de l'effet collectif attaché à l'acquisition de la nationalité française par leurs parents, francisation de noms et de prénoms et libération de l'allégeance française (Accès protégé)";JORFTEXT000034155095
2017-03-08;0057;rapportant;INTN1638579D;Décret du 6 mars 2017 rapportant un décret de naturalisation (Accès protégé);JORFTEXT000034155101
2017-03-08;0057;rapportant;INTN1637829D;Décret du 6 mars 2017 rapportant un décret de naturalisation (Accès protégé);JORFTEXT000034155098
2017-02-26;0049;modificatif;INTN1704950D;"Décret modificatif du 24 février 2017 de décrets portant naturalisation, réintégration, mention d'enfants mineurs bénéficiant de l'effet collectif attaché à l'acquisition de la nationalité française par leurs parents et francisation de noms et prénoms (Accès protégé)";JORFTEXT000034082376
2017-02-26;0049;portant_naturalisation;INTN1705069D;"Décret du 24 février 2017 portant naturalisation, réintégration, mention d'enfants mineurs bénéficiant de l'effet collectif attaché à l'acquisition de la nationalité française par leurs parents, francisation de noms et prénoms et libération de l'allégeance française (Accès protégé)";JORFTEXT000034082379
2017-02-25;0048;rapportant;INTN1637612D;Décret du 23 février 2017 rapportant un décret de naturalisation (Accès protégé);JORFTEXT000034081377
2017-02-23;0046;rectificatif;INTN1704622D;"Décret du 20 février 2017 portant rectification de décrets de naturalisation, réintégration, libération des liens d'allégeance à l'égard de la France et francisation de noms et prénoms (Accès protégé)";JORFTEXT000034074787
2017-02-19;0043;portant_naturalisation;INTN1703934D;"Décret du 17 février 2017 portant naturalisation, réintégration, mention d'enfants mineurs bénéficiant de l'effet collectif attaché à l'acquisition de la nationalité française par leurs parents, francisation de noms et de prénoms et libération de l'allégeance française (Accès protégé)";JORFTEXT000034062612
2017-02-18;0042;rapportant;INTN1636582D;Décret du 16 février 2017 rapportant un décret de naturalisation (Accès protégé);JORFTEXT000034061685
2017-02-18;0042;rapportant;INTN1637475D;Décret du 16 février 2017 rapportant un décret de naturalisation (Accès protégé);JORFTEXT000034061688
2017-02-12;0037;portant_naturalisation;INTN1703339D;"Décret du 10 février 2017 portant naturalisation, réintégration, mention d'enfants mineurs bénéficiant de l'effet collectif attaché à l'acquisition de la nationalité française par leurs parents et francisation de noms et prénoms (Accès protégé)";JORFTEXT000034027074
2017-02-04;0030;portant_naturalisation;INTN1702530D;"Décret du 2 février 2017 portant naturalisation, réintégration, mention d'enfants mineurs bénéficiant de l'effet collectif attaché à l'acquisition de la nationalité française par leurs parents, francisation de noms et de prénoms et libération de l'allégeance française (Accès protégé)";JORFTEXT000033980759
2017-02-04;0030;modificatif;INTN1702619D;"Décret modificatif du 2 février 2017 de décrets portant naturalisation, réintégration, mention d'enfants mineurs bénéficiant de l'effet collectif attaché à l'acquisition de la nationalité française par leurs parents et francisation de noms et prénoms (Accès protégé)";JORFTEXT000033980762
2017-01-29;0025;portant_naturalisation;INTN1701622D;"Décret du 27 janvier 2017 portant naturalisation, réintégration, mention d'enfants mineurs bénéficiant de l'effet collectif attaché à l'acquisition de la nationalité française par leurs parents, francisation de noms et de prénoms et libération de l'allégeance française (Accès protégé)";JORFTEXT000033938010
2017-01-25;0021;portant_naturalisation;INTN1701226D;"Décret du 23 janvier 2017 portant naturalisation, réintégration, mention d'enfants mineurs bénéficiant de l'effet collectif attaché à l'acquisition de la nationalité française par leurs parents, francisation de noms et de prénoms et libération de l'allégeance française (Accès protégé)";JORFTEXT000033913525
2017-01-22;0019;rapportant;INTN1634259D;Décret du 20 janvier 2017 rapportant un décret de naturalisation (Accès protégé);JORFTEXT000033898441
2017-01-22;0019;rapportant;INTN1633686D;Décret du 20 janvier 2017 rapportant un décret de naturalisation (Accès protégé);JORFTEXT000033898444
2017-01-22;0019;rapportant;INTN1634081D;Décret du 20 janvier 2017 rapportant un décret de naturalisation (Accès protégé);JORFTEXT000033898438
2017-01-22;0019;rapportant;INTN1634010D;Décret du 20 janvier 2017 rapportant un décret de naturalisation (Accès protégé);JORFTEXT000033898435
2017-01-18;0015;rapportant;INTN1633370D;Décret du 16 janvier 2017 rapportant un décret de naturalisation (Accès protégé);JORFTEXT000033888919
2017-01-18;0015;rapportant;INTN1634002D;Décret du 16 janvier 2017 rapportant un décret de naturalisation (Accès protégé);JORFTEXT000033888925
2017-01-15;0013;portant_naturalisation;INTN1700384D;"Décret du 13 janvier 2017 portant naturalisation, réintégration, mention d'enfants mineurs bénéficiant de l'effet collectif attaché à l'acquisition de la nationalité française par leurs parents et francisation de noms et prénoms (Accès protégé)";JORFTEXT000033867212
2017-01-14;0012;rectificatif;INTN1700586D;"Décret du 12 janvier 2017 portant rectification de décrets de naturalisation, réintégration, libération des liens d'allégeance à l'égard de la France et francisation de noms et prénoms (Accès protégé)";JORFTEXT000033866284
2016-12-30;0303;portant_naturalisation;INTN1638167D;"Décret du 28 décembre 2016 portant naturalisation, réintégration, mention d'enfants mineurs bénéficiant de l'effet collectif attaché à l'acquisition de la nationalité française par leurs parents et francisation de noms et de prénoms (Accès protégé)";JORFTEXT000033737191
2016-12-27;0300;modificatif;INTN1636909D;"Décret modificatif du 23 décembre 2016 de décrets portant naturalisation, réintégration, mention d'enfants mineurs bénéficiant de l'effet collectif attaché à l'acquisition de la nationalité française par leurs parents et francisation de noms et prénoms (Accès protégé)";JORFTEXT000033694020
2016-12-27;0300;portant_naturalisation;INTN1637205D;"Décret du 23 décembre 2016 portant naturalisation, réintégration, mention d'enfants mineurs bénéficiant de l'effet collectif attaché à l'acquisition de la nationalité française par leurs parents et francisation de noms et prénoms (Accès protégé)";JORFTEXT000033694023
2016-12-24;0299;portant_naturalisation;DEFM1637041D;Décret du 22 décembre 2016 portant naturalisation (Accès protégé);JORFTEXT000033682647
2016-12-22;0297;rapportant;INTN1632018D;Décret du 20 décembre 2016 rapportant un décret de naturalisation (Accès protégé);JORFTEXT000033666640
2016-12-22;0297;rapportant;INTN1631561D;Décret du 20 décembre 2016 rapportant un décret de naturalisation (Accès protégé);JORFTEXT000033666637
2016-12-18;0294;rapportant;INTN1629925D;Décret du 16 décembre 2016 rapportant un décret de naturalisation (Accès protégé);JORFTEXT000033625347
2016-12-18;0294;rectificatif;INTN1636430D;"Décret du 16 décembre 2016 portant rectification de décrets de naturalisation, réintégration, libération des liens d'allégeance à l'égard de la France et francisation de noms et prénoms (Accès protégé)";JORFTEXT000033625341
2016-12-18;0294;rapportant;INTN1630246D;Décret du 16 décembre 2016 rapportant un décret de naturalisation (Accès protégé);JORFTEXT000033625350
2016-12-18;0294;portant_naturalisation;INTN1636475D;"Décret du 16 décembre 2016 portant naturalisation, réintégration, mention d'enfants mineurs bénéficiant de l'effet collectif attaché à l'acquisition de la nationalité française par leurs parents et francisation de noms et de prénoms (Accès protégé)";JORFTEXT000033625344
2016-12-18;0294;portant_naturalisation;INTN1635302D;"Décret du 16 décembre 2016 portant naturalisation, réintégration, mention d'enfants mineurs bénéficiant de l'effet collectif attaché à l'acquisition de la nationalité française par leurs parents, francisation de noms et de prénoms et libération de l'allégeance française (Accès protégé)";JORFTEXT000033625338
2016-12-06;0283;rapportant;INTN1630641D;Décret du 5 décembre 2016 rapportant un décret de naturalisation (Accès protégé);JORFTEXT000033538900
2016-12-06;0283;modificatif;INTN1634589D;"Décret modificatif du 5 décembre 2016 de décrets portant naturalisation, réintégration, mention d'enfants mineurs bénéficiant de l'effet collectif attaché à l'acquisition de la nationalité française par leurs parents et francisation de noms et prénoms (Accès protégé)";JORFTEXT000033538897
2016-12-02;0280;portant_naturalisation;INTN1634455D;"Décret du 30 novembre 2016 portant naturalisation, réintégration, mention d'enfants mineurs bénéficiant de l'effet collectif attaché à l'acquisition de la nationalité française par leurs parents et francisation de noms et de prénoms (Accès protégé)";JORFTEXT000033512134
2016-11-27;0276;rapportant;INTN1628097D;Décret du 25 novembre 2016 rapportant un décret de naturalisation (Accès protégé);JORFTEXT000033480031
2016-11-25;0274;portant_naturalisation;INTN1633442D;"Décret du 23 novembre 2016 portant naturalisation, réintégration, mention d'enfants mineurs bénéficiant de l'effet collectif attaché à l'acquisition de la nationalité française par leurs parents, francisation de noms et de prénoms et libération de l'allégeance française (Accès protégé)";JORFTEXT000033472411
2016-11-20;0270;rectificatif;INTN1632983D;"Décret du 18 novembre 2016 portant rectification de décrets de naturalisation, réintégration, libération des liens d'allégeance à l'égard de la France et francisation de noms et prénoms (Accès protégé)";JORFTEXT000033423616
2016-11-16;0266;portant_naturalisation;INTN1632585D;"Décret du 14 novembre 2016 portant naturalisation, réintégration, mention d'enfants mineurs bénéficiant de l'effet collectif attaché à l'acquisition de la nationalité française par leurs parents, francisation de noms et de prénoms et libération de l'allégeance française (Accès protégé)";JORFTEXT000033390547
2016-11-13;0264;portant_naturalisation;INTN1632000D;"Décret du 10 novembre 2016 portant naturalisation, réintégration, mention d'enfants mineurs bénéficiant de l'effet collectif attaché à l'acquisition de la nationalité française par leurs parents, francisation de noms et prénoms et libération de l'allégeance française (Accès protégé)";JORFTEXT000033370203
2016-11-05;0258;portant_naturalisation;INTN1631361D;"Décret du 3 novembre 2016 portant naturalisation, réintégration, mention d'enfants mineurs bénéficiant de l'effet collectif attaché à l'acquisition de la nationalité française par leurs parents, francisation de noms et de prénoms et libération de l'allégeance française (Accès protégé)";JORFTEXT000033342059
2016-10-28;0252;portant_naturalisation;INTN1630439D;"Décret du 26 octobre 2016 portant naturalisation, réintégration, mention d'enfants mineurs bénéficiant de l'effet collectif attaché à l'acquisition de la nationalité française par leurs parents, francisation de noms et de prénoms et libération de l'allégeance française (Accès protégé)";JORFTEXT000033313331
2016-10-28;0252;modificatif;INTN1630449D;"Décret modificatif du 26 octobre 2016 de décrets portant naturalisation, réintégration, mention d'enfants mineurs bénéficiant de l'effet collectif attaché à l'acquisition de la nationalité française par leurs parents et francisation de noms et prénoms (Accès protégé)";JORFTEXT000033313334
2016-10-26;0250;rapportant;INTN1623230D;Décret du 24 octobre 2016 rapportant un décret de naturalisation (Accès protégé);JORFTEXT000033306487
2016-10-26;0250;rapportant;INTN1622811D;Décret du 24 octobre 2016 rapportant un décret de naturalisation (Accès protégé);JORFTEXT000033306484
2016-10-23;0248;rapportant;INTN1622058D;Décret du 21 octobre 2016 rapportant un décret de naturalisation (Accès protégé);JORFTEXT000033285961
2016-10-23;0248;rapportant;INTN1626377D;Décret du 21 octobre 2016 rapportant un décret de naturalisation (Accès protégé);JORFTEXT000033285964
2016-10-23;0248;rapportant;INTN1626862D;Décret du 21 octobre 2016 rapportant un décret de naturalisation (Accès protégé);JORFTEXT000033285970
2016-10-23;0248;rapportant;INTN1626503D;Décret du 21 octobre 2016 rapportant un décret de naturalisation (Accès protégé);JORFTEXT000033285967
2016-10-22;0247;portant_naturalisation;INTN1629476D;"Décret du 20 octobre 2016 portant naturalisation, réintégration, mention d'enfants mineurs bénéficiant de l'effet collectif attaché à l'acquisition de la nationalité française par leurs parents, francisation de noms et prénoms et libération de l'allégeance française (Accès protégé)";JORFTEXT000033284613
2016-10-15;0241;portant_naturalisation;INTN1628282D;"Décret du 12 octobre 2016 portant naturalisation, réintégration, mention d'enfants mineurs bénéficiant de l'effet collectif attaché à l'acquisition de la nationalité française par leurs parents, francisation de noms et de prénoms et libération de l'allégeance française (Accès protégé)";JORFTEXT000033242387
2016-10-15;0241;rectificatif;INTN1628517D;"Décret du 12 octobre 2016 portant rectification de décrets de naturalisation, réintégration, libération des liens d'allégeance à l'égard de la France et francisation de noms et prénoms (Accès protégé)";JORFTEXT000033242390
2016-10-12;0238;modificatif;INTN1627844D;"Décret modificatif du 10 octobre 2016 de décrets portant naturalisation, réintégration, mention d'enfants mineurs bénéficiant de l'effet collectif attaché à l'acquisition de la nationalité française par leurs parents et francisation de noms et prénoms (Accès protégé)";JORFTEXT000033225160
2016-10-08;0235;portant_naturalisation;INTN1627571D;"Décret du 6 octobre 2016 portant naturalisation, réintégration, mention d'enfants mineurs bénéficiant de l'effet collectif attaché à l'acquisition de la nationalité française par leurs parents, francisation de noms et de prénoms et libération de l'allégeance française (Accès protégé)";JORFTEXT000033204010
2016-09-30;0228;portant_naturalisation;INTN1625821D;"Décret du 28 septembre 2016 portant naturalisation, réintégration, mention d'enfants mineurs bénéficiant de l'effet collectif attaché à l'acquisition de la nationalité française par leurs parents et francisation de noms et prénoms (Accès protégé)";JORFTEXT000033166945
2016-09-29;0227;rectificatif;INTN1626555D;"Décret du 27 septembre 2016 portant rectification de décrets de naturalisation, réintégration, libération des liens d'allégeance à l'égard de la France et francisation de noms et prénoms (Accès protégé)";JORFTEXT000033161911
2016-09-29;0227;rapportant;INTN1617693D;Décret du 27 septembre 2016 rapportant un décret de naturalisation (Accès protégé);JORFTEXT000033161914
2016-09-28;0226;rapportant;INTN1621323D;Décret du 26 septembre 2016 rapportant un décret de naturalisation (Accès protégé);JORFTEXT000033159186
2016-09-23;0222;portant_naturalisation;INTN1625820D;"Décret du 21 septembre 2016 portant naturalisation, réintégration, mention d'enfants mineurs bénéficiant de l'effet collectif attaché à l'acquisition de la nationalité française par leurs parents, francisation de noms et de prénoms et libération de l'allégeance française (Accès protégé)";JORFTEXT000033138748
2016-09-17;0217;modificatif;INTN1625268D;"Décret modificatif du 15 septembre 2016 de décrets portant naturalisation, réintégration, mention d'enfants mineurs bénéficiant de l'effet collectif attaché à l'acquisition de la nationalité française par leurs parents et francisation de noms et prénoms (Accès protégé)";JORFTEXT000033123305
2016-09-17;0217;portant_naturalisation;INTN1624982D;"Décret du 15 septembre 2016 portant naturalisation, réintégration, mention d'enfants mineurs bénéficiant de l'effet collectif attaché à l'acquisition de la nationalité française par leurs parents et francisation de noms et prénoms (Accès protégé)";JORFTEXT000033123302
2016-09-10;0211;portant_naturalisation;INTN1624622D;"Décret du 8 septembre 2016 portant naturalisation, réintégration, mention d'enfants mineurs bénéficiant de l'effet collectif attaché à l'acquisition de la nationalité française par leurs parents et francisation de noms et prénoms (Accès protégé)";JORFTEXT000033105671
2016-09-04;0206;portant_naturalisation;INTN1624043D;"Décret du 2 septembre 2016 portant naturalisation, réintégration, mention d'enfants mineurs bénéficiant de l'effet collectif attaché à l'acquisition de la nationalité française par leurs parents, francisation de noms et prénoms et libération de l'allégeance française (Accès protégé)";JORFTEXT000033087492
2016-09-02;0204;rectificatif;INTN1623578D;"Décret du 31 août 2016 portant rectification de décrets de naturalisation, réintégration, libération des liens d'allégeance à l'égard de la France et francisation de noms et prénoms (Accès protégé)";JORFTEXT000033084851
2016-08-27;0199;portant_naturalisation;INTN1623499D;"Décret du 25 août 2016 portant naturalisation, réintégration, mention d'enfants mineurs bénéficiant de l'effet collectif attaché à l'acquisition de la nationalité française par leurs parents, francisation de noms et de prénoms et libération de l'allégeance française (Accès protégé)";JORFTEXT000033070446
2016-08-25;0197;portant_naturalisation;INTN1623029D;"Décret du 23 août 2016 portant naturalisation, réintégration, mention d'enfants mineurs bénéficiant de l'effet collectif attaché à l'acquisition de la nationalité française par leurs parents, francisation de noms et de prénoms et libération de l'allégeance française (Accès protégé)";JORFTEXT000033064003
2016-08-14;0189;portant_naturalisation;INTN1622418D;"Décret du 11 août 2016 portant naturalisation, réintégration, mention d'enfants mineurs bénéficiant de l'effet collectif attaché à l'acquisition de la nationalité française par leurs parents et francisation de noms et de prénoms (Accès protégé)";JORFTEXT000033028321
2016-08-13;0188;rapportant;INTN1615115D;Décret du 11 août 2016 rapportant un décret de naturalisation (Accès protégé);JORFTEXT000033027215
2016-08-06;0182;portant_naturalisation;INTN1621618D;"Décret du 3 août 2016 portant naturalisation, réintégration, mention d'enfants mineurs bénéficiant de l'effet collectif attaché à l'acquisition de la nationalité française par leurs parents et francisation de noms et prénoms (Accès protégé)";JORFTEXT000032974737
2016-08-03;0179;rapportant;INTN1614791D;Décret du 1er août 2016 rapportant un décret de naturalisation (Accès protégé);JORFTEXT000032963610
2016-08-03;0179;rapportant;INTN1614771D;Décret du 1er août 2016 rapportant un décret de naturalisation (Accès protégé);JORFTEXT000032963607
2016-08-03;0179;rapportant;INTN1614208D;Décret du 1er août 2016 rapportant un décret de naturalisation (Accès protégé);JORFTEXT000032963604
2016-08-03;0179;portant_naturalisation;INTN1620753D;"Décret du 1er août 2016 portant naturalisation, réintégration, mention d'enfants mineurs bénéficiant de l'effet collectif attaché à l'acquisition de la nationalité française par leurs parents et francisation de noms et de prénoms (Accès protégé)";JORFTEXT000032963598
2016-07-24;0171;rapportant;INTN1615149D;Décret du 22 juillet 2016 rapportant un décret de naturalisation (Accès protégé);JORFTEXT000032929572
2016-07-22;0169;portant_naturalisation;INTN1619782D;"Décret du 20 juillet 2016 portant naturalisation, réintégration, mention d'enfants mineurs bénéficiant de l'effet collectif attaché à l'acquisition de la nationalité française par leurs parents, francisation de noms et de prénoms et libération de l'allégeance française (Accès protégé)";JORFTEXT000032923198
2016-07-20;0167;rapportant;INTN1611711D;Décret du 18 juillet 2016 rapportant un décret de naturalisation (Accès protégé);JORFTEXT000032915137
2016-07-14;0163;portant_naturalisation;INTN1619030D;"Décret du 12 juillet 2016 portant naturalisation, réintégration, mention d'enfants mineurs bénéficiant de l'effet collectif attaché à l'acquisition de la nationalité française par leurs parents et francisation de noms et prénoms (Accès protégé)";JORFTEXT000032892146
2016-07-14;0163;rapportant;INTN1611696D;Décret du 12 juillet 2016 rapportant un décret de naturalisation (Accès protégé);JORFTEXT000032892149
2016-07-09;0159;portant_naturalisation;INTN1618318D;"Décret du 7 juillet 2016 portant naturalisation, réintégration, mention d'enfants mineurs bénéficiant de l'effet collectif attaché à l'acquisition de la nationalité française par leurs parents, francisation de noms et de prénoms et libération de l'allégeance française (Accès protégé)";JORFTEXT000032862226
2016-07-01;0152;portant_naturalisation;INTN1617519D;"Décret du 29 juin 2016 portant naturalisation, réintégration, mention d'enfants mineurs bénéficiant de l'effet collectif attaché à l'acquisition de la nationalité française par leurs parents et francisation de noms et prénoms (Accès protégé)";JORFTEXT000032817729
2016-07-01;0152;rectificatif;INTN1617123D;"Décret du 29 juin 2016 portant rectification de décrets de naturalisation, réintégration, libération des liens d'allégeance à l'égard de la France et francisation de noms et prénoms (Accès protégé)";JORFTEXT000032817723
2016-07-01;0152;modificatif;INTN1617336D;"Décret modificatif du 29 juin 2016 de décrets portant naturalisation, réintégration, mention d'enfants mineurs bénéficiant de l'effet collectif attaché à l'acquisition de la nationalité française par leurs parents et francisation de noms et prénoms (Accès protégé)";JORFTEXT000032817726
2016-06-29;0150;portant_naturalisation;INTN1616678D;"Décret du 27 juin 2016 portant naturalisation, réintégration, mention d'enfants mineurs bénéficiant de l'effet collectif attaché à l'acquisition de la nationalité française par leurs parents, francisation de noms et prénoms et libération de l'allégeance française (Accès protégé)";JORFTEXT000032791771
2016-06-24;0146;rapportant;INTN1611455D;Décret du 22 juin 2016 rapportant un décret de naturalisation (Accès protégé);JORFTEXT000032754084
2016-06-22;0144;portant_naturalisation;INTN1615750D;"Décret du 20 juin 2016 portant naturalisation, réintégration, mention d'enfants mineurs bénéficiant de l'effet collectif attaché à l'acquisition de la nationalité française par leurs parents et francisation de noms et de prénoms (Accès protégé)";JORFTEXT000032743866
2016-06-10;0134;portant_naturalisation;INTN1614877D;"Décret du 8 juin 2016 portant naturalisation, réintégration, mention d'enfants mineurs bénéficiant de l'effet collectif attaché à l'acquisition de la nationalité française par leurs parents, francisation de noms et de prénoms et libération de l'allégeance française (Accès protégé)";JORFTEXT000032673483
2016-06-09;0133;modificatif;INTN1614637D;"Décret modificatif du 7 juin 2016 de décrets portant naturalisation, réintégration, mention d'enfants mineurs bénéficiant de l'effet collectif attaché à l'acquisition de la nationalité française par leurs parents et francisation de noms et prénoms (Accès protégé)";JORFTEXT000032669898
2016-06-08;0132;portant_naturalisation;INTN1614195D;"Décret du 6 juin 2016 portant naturalisation, réintégration, mention d'enfants mineurs bénéficiant de l'effet collectif attaché à l'acquisition de la nationalité française par leurs parents et francisation de noms et de prénoms (Accès protégé)";JORFTEXT000032657748
2016-06-01;0126;rectificatif;INTN1613573D;"Décret du 30 mai 2016 portant rectification de décrets de naturalisation, réintégration, libération des liens d'allégeance à l'égard de la France et francisation de noms et prénoms (Accès protégé)";JORFTEXT000032616699
2016-05-29;0124;portant_naturalisation;INTN1613346D;"Décret du 27 mai 2016 portant naturalisation, réintégration, mention d'enfants mineurs bénéficiant de l'effet collectif attaché à l'acquisition de la nationalité française par leurs parents et francisation de noms et de prénoms (Accès protégé)";JORFTEXT000032593108
2016-05-28;0123;rapportant;INTN1605535D;Décret du 26 mai 2016 rapportant un décret de naturalisation (Accès protégé);JORFTEXT000032591792
2016-05-28;0123;rapportant;INTN1608234D;Décret du 26 mai 2016 rapportant un décret de naturalisation (Accès protégé);JORFTEXT000032591795
2016-05-25;0120;portant_naturalisation;INTN1612522D;"Décret du 20 mai 2016 portant naturalisation, réintégration, mention d'enfants mineurs bénéficiant de l'effet collectif attaché à l'acquisition de la nationalité française par leurs parents et francisation de noms et de prénoms (Accès protégé)";JORFTEXT000032576958
2016-05-15;0113;modificatif;INTN1611315D;"Décret modificatif du 13 mai 2016 portant naturalisation, réintégration, mention d'enfants mineurs bénéficiant de l'effet collectif attaché à l'acquisition de la nationalité française par leurs parents et francisation de noms et prénoms (Accès protégé)";JORFTEXT000032528555
2016-05-14;0112;portant_naturalisation;INTN1611830D;"Décret du 12 mai 2016 portant naturalisation, réintégration, mention d'enfants mineurs bénéficiant de l'effet collectif attaché à l'acquisition de la nationalité française par leurs parents et francisation de noms et de prénoms (Accès protégé)";JORFTEXT000032527301
2016-05-12;0110;portant_naturalisation;INTN1611307D;"Décret du 10 mai 2016 portant naturalisation, réintégration, mention d'enfants mineurs bénéficiant de l'effet collectif attaché à l'acquisition de la nationalité française par leurs parents et francisation de noms et prénoms (Accès protégé)";JORFTEXT000032516837
2016-05-12;0110;rapportant;INTN1605361D;Décret du 10 mai 2016 rapportant un décret de naturalisation (Accès protégé);JORFTEXT000032516840
2016-05-12;0110;rapportant;INTN1605364D;Décret du 10 mai 2016 rapportant un décret de naturalisation (Accès protégé);JORFTEXT000032516843
2016-05-07;0106;rectificatif;INTN1611031D;"Décret du 4 mai 2016 portant rectification de décrets de naturalisation, réintégration, libération des liens d'allégeance à l'égard de la France et francisation de noms et prénoms (Accès protégé)";JORFTEXT000032496201
2016-05-05;0105;portant_naturalisation;INTN1610892D;"Décret du 3 mai 2016 portant naturalisation, réintégration, mention d'enfants mineurs bénéficiant de l'effet collectif attaché à l'acquisition de la nationalité française par leurs parents, francisation de noms et de prénoms et libération de l'allégeance française (Accès protégé)";JORFTEXT000032491089
2016-04-23;0096;portant_naturalisation;INTN1610160D;"Décret du 21 avril 2016 portant naturalisation, réintégration, mention d'enfants mineurs bénéficiant de l'effet collectif attaché à l'acquisition de la nationalité française par leurs parents et francisation de noms et de prénoms (Accès protégé)";JORFTEXT000032446396
2016-04-17;0091;portant_naturalisation;INTN1609475D;"Décret du 15 avril 2016 portant naturalisation, réintégration, mention d'enfants mineurs bénéficiant de l'effet collectif attaché à l'acquisition de la nationalité française par leurs parents et francisation de noms et de prénoms (Accès protégé)";JORFTEXT000032409379
2016-04-10;0085;rapportant;INTN1601947D;Décret du 8 avril 2016 rapportant un décret de naturalisation (Accès protégé);JORFTEXT000032378390
2016-04-10;0085;rapportant;INTN1601694D;Décret du 8 avril 2016 rapportant un décret de naturalisation (Accès protégé);JORFTEXT000032378387
2016-04-08;0083;portant_naturalisation;INTN1608920D;"Décret du 6 avril 2016 portant naturalisation, réintégration, mention d'enfants mineurs bénéficiant de l'effet collectif attaché à l'acquisition de la nationalité française par leurs parents et francisation de noms et prénoms (Accès protégé)";JORFTEXT000032372538
2016-04-08;0083;portant_naturalisation;INTN1608676D;"Décret du 6 avril 2016 portant modification de décrets portant naturalisation, réintégration, mention d'enfants mineurs bénéficiant de l'effet collectif attaché à l'acquisition de la nationalité française par leurs parents et francisation de noms et prénoms (Accès protégé)";JORFTEXT000032372535
2016-04-03;0079;portant_naturalisation;INTN1608437D;"Décret du 1er avril 2016 portant naturalisation, réintégration, mention d'enfants mineurs bénéficiant de l'effet collectif attaché à l'acquisition de la nationalité française par leurs parents, francisation de noms et prénoms et libération de l'allégeance française (Accès protégé)";JORFTEXT000032347178
2016-04-03;0079;rectificatif;INTN1608116D;"Décret du 1er avril 2016 portant rectification de décrets de naturalisation, réintégration, libération des liens d'allégeance à l'égard de la France et francisation de noms et prénoms (Accès protégé)";JORFTEXT000032347175
2016-03-31;0076;portant_naturalisation;INTN1607844D;"Décret du 29 mars 2016 portant naturalisation, réintégration, mention d'enfants mineurs bénéficiant de l'effet collectif attaché à l'acquisition de la nationalité française par leurs parents, francisation de noms et prénoms et libération de l'allégeance française (Accès protégé)";JORFTEXT000032321082
2016-03-18;0066;portant_naturalisation;INTN1607003D;"Décret du 16 mars 2016 portant naturalisation, réintégration, mention d'enfants mineurs bénéficiant de l'effet collectif attaché à l'acquisition de la nationalité française par leurs parents et francisation de noms et prénoms (Accès protégé)";JORFTEXT000032251934
2016-03-12;0061;portant_naturalisation;INTN1606460D;"Décret du 10 mars 2016 portant naturalisation, réintégration, mention d'enfants mineurs bénéficiant de l'effet collectif attaché à l'acquisition de la nationalité française par leurs parents et francisation de noms et de prénoms (Accès protégé)";JORFTEXT000032188530
2016-03-11;0060;modificatif;INTN1606150D;"Décret modificatif du 9 mars 2016 de décrets portant naturalisation, réintégration, mention d'enfants mineurs bénéficiant de l'effet collectif attaché à l'acquisition de la nationalité française par leurs parents et francisation de noms et prénoms (Accès protégé)";JORFTEXT000032183146
2016-03-10;0059;rapportant;INTN1531621D;Décret du 8 mars 2016 rapportant un décret de naturalisation (Accès protégé);JORFTEXT000032174491
2016-03-06;0056;portant_naturalisation;INTN1605884D;"Décret du 4 mars 2016 portant naturalisation, réintégration, mention d'enfants mineurs bénéficiant de l'effet collectif attaché à l'acquisition de la nationalité française par leurs parents, francisation de noms et prénoms et libération de l'allégeance française (Accès protégé)";JORFTEXT000032155090
2016-03-04;0054;rectificatif;INTN1605441D;"Décret du 2 mars 2016 portant rectification de décrets de naturalisation, réintégration, libération des liens d'allégeance à l'égard de la France et francisation de noms et prénoms (Accès protégé)";JORFTEXT000032149822
2016-02-27;0049;portant_naturalisation;INTN1605197D;"Décret du 25 février 2016 portant naturalisation, réintégration, mention d'enfants mineurs bénéficiant de l'effet collectif attaché à l'acquisition de la nationalité française par leurs parents et francisation de noms et de prénoms (Accès protégé)";JORFTEXT000032112143
2016-02-25;0047;rapportant;INTN1526519D;Décret du 23 février 2016 rapportant un décret de naturalisation (Accès protégé);JORFTEXT000032102071
2016-02-24;0046;portant_naturalisation;INTN1603788D;"Décret du 22 février 2016 portant naturalisation, réintégration, mention d'enfants mineurs bénéficiant de l'effet collectif attaché à l'acquisition de la nationalité française par leurs parents, francisation de noms et de prénoms et libération de l'allégeance française (Accès protégé)";JORFTEXT000032097854
2016-02-17;0040;portant_naturalisation;INTN1603507D;"Décret du 15 février 2016 portant naturalisation, réintégration, mention d'enfants mineurs bénéficiant de l'effet collectif attaché à l'acquisition de la nationalité française par leurs parents et francisation de noms et prénoms (Accès protégé)";JORFTEXT000032066772
2016-02-10;0034;portant_naturalisation;INTN1602765D;"Décret du 8 février 2016 portant naturalisation, réintégration, mention d'enfants mineurs bénéficiant de l'effet collectif attaché à l'acquisition de la nationalité française par leurs parents et francisation de noms et prénoms (Accès protégé)";JORFTEXT000032000769
2016-02-06;0031;modificatif;INTN1602616D;"Décret modificatif du 4 février 2016 de décrets portant naturalisation, réintégration, mention d'enfants mineurs bénéficiant de l'effet collectif attaché à l'acquisition de la nationalité française par leurs parents et francisation de noms et prénoms (Accès protégé)";JORFTEXT000031983726
2016-01-31;0026;rapportant;INTN1526950D;Décret du 29 janvier 2016 rapportant un décret de naturalisation (Accès protégé);JORFTEXT000031942560
2016-01-30;0025;portant_naturalisation;INTN1601627D;"Décret du 28 janvier 2016 portant naturalisation, réintégration, mention d'enfants mineurs bénéficiant de l'effet collectif attaché à l'acquisition de la nationalité française par leurs parents, francisation de noms et de prénoms et libération de l'allégeance française (Accès protégé)";JORFTEXT000031940770
2016-01-28;0023;rectificatif;INTN1601658D;"Décret du 26 janvier 2016 portant rectification de décrets de naturalisation, réintégration, libération des liens d'allégeance à l'égard de la France et francisation de noms et prénoms (Accès protégé)";JORFTEXT000031923073
2016-01-27;0022;portant_naturalisation;INTN1600871D;"Décret du 25 janvier 2016 portant naturalisation, réintégration, mention d'enfants mineurs bénéficiant de l'effet collectif attaché à l'acquisition de la nationalité française par leurs parents, francisation de noms et prénoms et libération de l'allégeance française (Accès protégé)";JORFTEXT000031915374
2016-01-20;0016;portant_naturalisation;INTN1600462D;"Décret du 18 janvier 2016 portant naturalisation, réintégration, mention d'enfants mineurs bénéficiant de l'effet collectif attaché à l'acquisition de la nationalité française par leurs parents et francisation de noms et prénoms (Accès protégé)";JORFTEXT000031873402
2016-01-20;0016;portant_naturalisation;INTN1600021D;"Décret du 18 janvier 2016 portant naturalisation, réintégration, mention d'enfants mineurs bénéficiant de l'effet collectif attaché à l'acquisition de la nationalité française par leurs parents, francisation de noms et de prénoms et libération de l'allégeance française (Accès protégé)";JORFTEXT000031873400
